v 7.0 32.0 32.0
v 7.0 32.0 32.0
v 7.0 32.0 32.0
v 7.0 32.0 32.0
v 7.26930466378915 27.678136528940016 31.856366506144212
v 7.615217430153738 27.17395231632492 34.862830371468256
v 7.972307059738592 25.897067395863335 35.190704854725425
v 7.658508122516803 26.666404888626186 32.66640488860198
v 7.952100715611936 25.69864888619528 34.083493601130364
v 7.732307060784918 26.49359346931844 34.503026574236465
v 7.809558061328847 26.637233730253932 35.38405802004182
v 7.947124004534346 26.76602333544366 36.39041442471724
v 7.521594032815947 27.60634043493898 31.601766903081305
v 7.663841095493664 27.029729834405092 32.63989323012332
v 7.417100053528893 27.967165370853586 33.975623803652816
v 7.5261108632853855 27.49746978319216 34.501474278640806
v 7.649534460148045 27.495977446380838 35.503182664495334
v 7.796570093476063 27.54739575433172 36.45260424572848
v 7.947124004524165 27.60958557519711 37.233976664513726
v 7.3689300281666466 28.51149217164006 30.43868367427654
v 7.461502118313382 28.445091536267313 31.009513458058098
v 7.185652571549097 29.3190850476892 33.32433260093346
v 7.281743561700024 28.498926456625806 33.50049045196136
v 7.36286742527341 28.49882179862873 34.50087160961541
v 7.485172092944423 28.498266107143593 35.50173389285101
v 7.649534460147133 28.49681733547524 36.50402255363585
v 7.8095580613284135 28.615941979979723 37.36276626971118
v 7.972307059738592 28.809295145274575 38.10293260413666
v 7.872860571225193 29.932479847264133 28.894061344945015
v 7.524901523145873 30.40845346794768 28.19798431909894
v 7.396403095315248 29.415343922146107 29.80214773258951
v 7.088339921270304 30.02494106755354 32.02783882834143
v 7.120376591637198 29.498874034605716 32.50023139821842
v 7.160619349372425 29.4990177667339 33.50060168311393
v 7.241301243137774 29.49918166839267 34.500818331607014
v 7.362867425273598 29.49912839036717 35.50117820136596
v 7.52611086328565 29.498525721358938 36.50253021681772
v 7.732307060782667 29.496973425663366 37.506406530684394
v 7.8873547981954815 29.56652939173752 38.15694225990183
v 7.9875367846205325 30.992002097841358 26.98425494954778
v 7.569806182496099 30.775046109938028 27.10648528866162
v 7.308219031699233 29.15046233774755 30.127108147248173
v 7.276153541604234 30.312885895712206 29.043421041473916
v 7.046791596467995 30.832246944584703 30.832246944584693
v 7.040073440417284 30.499063471443026 31.49968573280026
v 7.040073440417303 30.499063471442764 32.50031426719979
v 7.080197162777172 30.499200596382117 33.500799403617656
v 7.16061934937246 30.499398316885785 34.5009822332673
v 7.281743561700011 30.499509548046763 35.50107354336842
v 7.444304467177437 30.499328218559395 36.501854872263536
v 7.649507132616261 30.4986056883402 37.50481541191081
v 7.856275066625131 30.58655705431551 38.360391352012684
v 8.0 32.0 25.0
v 7.85649331303982 31.78870956296308 25.492022959915392
v 7.874287115874981 31.727573457926518 25.876977203834908
v 7.623411542629911 31.46521913590317 26.743139221347235
v 7.198626208080793 31.9431327008481 28.937066584617696
v 7.1203765916372435 31.499768601781636 29.49887403460582
v 7.040073440417301 31.499685732800263 30.499063471442767
v 7.000002113284525 31.49965772570142 31.499657725701397
v 7.000002113284522 31.499657725701343 32.500342274298674
v 7.040073440417306 31.499685732798117 33.5009365285559
v 7.120376591637034 31.499768601783757 34.50112596539244
v 7.241295417128677 31.49983012997091 35.50110361729378
v 7.403534714691446 31.49980048681614 36.501616359086334
v 7.608263432048454 31.49959535492472 37.50413111378826
v 7.84937344762531 31.5404708973423 38.48224971097278
v 8.0 32.0 39.0
v 8.0 32.0 25.0
v 7.849373447624673 32.45952910265856 25.5177502890287
v 7.608263432047926 32.500404645074624 26.49586888621517
v 7.403534714692102 32.500199513183965 27.498383640910728
v 7.241295417128914 32.500169870029744 28.4988963827045
v 7.1203765916372435 32.50023139821857 29.498874034605482
v 7.040073440417301 32.50031426719969 30.499063471442767
v 7.000002113284522 32.500342274298674 31.49965772570135
v 7.000002113284525 32.500342274298674 32.500342274298696
v 7.040073440417306 32.50031426720201 33.50093652855598
v 7.120376591636988 32.50023139821774 34.50112596539218
v 7.241295417128699 32.50016987003046 35.50110361729337
v 7.403534714691188 32.50019951318261 36.50161635908502
v 7.60826343204852 32.50040464507943 37.50413111378847
v 7.849373447625213 32.45952910265876 38.48224971097259
v 8.0 32.0 39.0
v 7.85627506662593 33.41344294571078 25.639608647980655
v 7.649507132614436 33.50139431167178 26.49518458809525
v 7.444304467178169 33.50067178144082 27.49814512773101
v 7.281743561699995 33.500490451961085 28.498926456625565
v 7.160619349372488 33.50060168311424 29.499017766733445
v 7.080197162777183 33.50079940361887 30.499200596380824
v 7.0400734404173075 33.500936528555954 31.499685732797943
v 7.040073440417265 33.500936528555364 32.50031426720164
v 7.080197162777151 33.50079940361814 33.50079940361816
v 7.160619349372477 33.500601683115484 34.5009822332666
v 7.281743561700155 33.50049045195528 35.50107354336782
v 7.444304467176871 33.500671781436026 36.50185487226455
v 7.6495071326152795 33.50139431166335 37.50481541190266
v 7.8562750666252965 33.413442945705064 38.360391352009714
v 7.887354798191773 34.43347060822422 25.84305774019434
v 7.7323070607850495 34.503026574276916 26.493593469296798
v 7.526110863285551 34.50147427863522 27.49746978319241
v 7.362867425273431 34.50087160961543 28.498821798628605
v 7.241301243137696 34.500818331598154 29.499181668391167
v 7.160619349372489 34.50098223327049 30.499398316885976
v 7.120376591636979 34.501125965392134 31.499768601782478
v 7.120376591636973 34.50112596539217 32.5002313982177
v 7.160619349372477 34.5009822332666 33.50060168311548
v 7.241301243137988 34.50081833160553 34.50081833160553
v 7.362867425274924 34.50087160965249 35.50117820136435
v 7.526110863287505 34.50147427865067 36.50253021682423
v 7.732307060773653 34.50302657429346 37.506406530671406
v 7.8873547982071575 34.4334706082075 38.156942259870604
v 7.972307059738592 35.190704854725425 25.897067395863335
v 7.809558061328849 35.38405802004134 26.637233730253545
v 7.649534460148004 35.50318266449527 27.495977446380778
v 7.485172092944561 35.501733892850986 28.498266107144577
v 7.362867425273577 35.50117820136606 29.49912839036718
v 7.28174356169974 35.50107354336509 30.49950954804367
v 7.241295417128722 35.501103617294135 31.499830129969578
v 7.241295417128683 35.501103617293374 32.50016987003038
v 7.2817435617001 35.501073543367525 33.50049045195506
v 7.362867425275079 35.50117820136532 34.50087160965301
v 7.485172092938374 35.50173389281367 35.50173389281359
v 7.649534460148699 35.50318266450555 36.504022553611684
v 7.8095580613313915 35.384058019972635 37.362766269705105
v 7.972307059738592 35.190704854725425 38.10293260413666
v 7.947124004534161 36.390414424716774 26.766023335443037
v 7.79657009347586 36.45260424572807 27.547395754332232
v 7.649534460146421 36.504022553617304 28.496817335474688
v 7.526110863285571 36.502530216815636 29.49852572135382
v 7.444304467177397 36.50185487226263 30.49932821855652
v 7.403534714691237 36.50161635908507 31.499800486815378
v 7.4035347146911965 36.50161635908506 32.50019951318264
v 7.444304467176888 36.50185487226458 33.50067178143606
v 7.526110863287477 36.50253021682406 34.50147427865049
v 7.649534460146362 36.50402255360769 35.50318266450869
v 7.79657009348079 36.452604245700975 36.45260424572583
v 7.947124004458452 36.39041442480383 37.233976664480764
v 7.947124004524536 37.23397666451459 27.609585575197382
v 7.809558061328443 37.36276626971146 28.615941979979883
v 7.732307060779454 37.506406530661955 29.496973425645876
v 7.649507132615237 37.50481541190494 30.498605688337683
v 7.608263432048438 37.504131113788155 31.499595354924637
v 7.608263432048507 37.50413111378824 32.50040464507937
v 7.649507132615526 37.50481541190396 33.50139431166423
v 7.732307060773713 37.506406530671455 34.50302657429357
v 7.809558061350421 37.362766269743574 35.38405801999417
v 7.947124004458452 37.233976664480764 36.39041442480345
v 7.972307059738592 38.10293260413666 28.809295145274575
v 7.887354798195162 38.156942259900944 29.56652939173677
v 7.856275066625212 38.36039135201303 30.58655705431565
v 7.849373447625279 38.48224971097265 31.54047089734221
v 7.849373447625214 38.48224971097235 32.45952910265864
v 7.856275066625202 38.36039135200936 33.41344294570482
v 7.8873547982067524 38.15694225987058 34.43347060820662
v 7.972307059738592 38.10293260413666 35.190704854725425
v 8.0 39.0 32.0
v 8.0 39.0 32.0
v 8.705070553901777 23.908565658101466 35.59272690425665
v 8.987158252416329 23.09038219108229 36.13753383343851
v 8.949570399813876 23.862196717325364 37.21246101889916
v 8.497386744813834 24.795712996459194 34.70843408656105
v 9.211572364968482 23.058725555950897 36.54830625561585
v 8.572553547646194 24.49205107823496 36.505103720261616
v 8.725264136980506 24.61240745529701 37.39558635568704
v 8.928421943359828 24.752258451076525 38.35310333614346
v 7.646087340217415 27.410700544187755 32.14118663109992
v 8.032235573128524 26.07597173213456 33.65202805692884
v 7.993473776283608 26.959487418072328 36.962739109205
v 8.271829041644752 25.50097867960252 36.4995346418369
v 8.485967210226397 25.49566378409698 37.50380680377836
v 8.71116318707205 25.554833622184223 38.44516637775576
v 8.928421943328264 25.646896662969937 39.24774154853959
v 8.487072176596152 26.864340971285024 32.86434097226644
v 7.908716587658136 25.844667710556877 33.62498096770291
v 8.020895750758957 26.09061759428038 35.85737152139209
v 8.065783884891834 26.415111923350967 36.620112424152666
v 8.229423116713162 26.501359926188698 37.498640073831666
v 8.485967210244008 26.496193196291628 38.50433621606503
v 8.725264136998657 26.604413644251782 39.38759254476182
v 8.949570399813876 26.78753898110083 40.137803282674625
v 8.459213334958209 27.84144033596427 31.814099342667664
v 8.675030627006809 27.387500848942047 32.416710925880395
v 8.006959261498409 27.03691818433449 36.963081815665504
v 8.065783884885679 27.37988757589229 37.584888076447335
v 8.271829041651468 27.500465358121097 38.49902132040293
v 8.57255354763752 27.494896279708076 39.50794892172347
v 8.847745724834594 27.6268519918691 40.379109601910685
v 8.369944913860763 28.764567676743496 30.664136879501143
v 8.63299122595804 28.30081417554872 31.368733283488762
v 8.020895750758957 28.142628478607907 37.90938240571961
v 8.166034758879956 28.380325961419683 38.649486036503404
v 8.39983460200247 28.498722973691606 39.50204053964243
v 8.72559087800232 28.53496053903064 40.471629869045245
v 8.956758364344198 28.714171198749103 41.10580902245668
v 8.177280185593995 29.932479847264133 28.894061344945015
v 8.387096902716886 29.555767742752444 29.604498750016695
v 8.539065182030606 29.166594660277514 30.22151212570247
v 8.088490911263314 29.432948860450566 38.84810233510048
v 8.27174548132879 29.5001762917167 39.498667378144084
v 8.615970463188575 29.496510649702735 40.510712105891486
v 8.839810592152448 29.539667291449142 41.09862781878133
v 8.022097122992413 30.992002097841358 26.98425494954778
v 8.346333817659197 30.80159111403396 27.581431267878834
v 8.607283042491435 30.41929867852575 28.402746340283045
v 8.843946852260661 30.057676454116745 29.087107598399577
v 8.026124157705915 30.5 38.90421635582511
v 8.187000883500474 30.500434326622145 39.49695088560639
v 8.52902061136381 30.498559538668385 40.50692791257621
v 8.81029347468995 30.54549500446361 41.24170589140144
v 8.0 32.0 25.0
v 7.754695516667773 31.095404757239418 26.784152930435077
v 7.778765891395164 31.540351822098984 25.780164891566585
v 8.554919677462564 31.098172313713484 27.165001449396954
v 8.006959261498409 31.333333333333332 38.9744825983618
v 8.144653562223228 31.500680237048847 39.4958136297472
v 8.485764857239724 31.49961914238742 40.50519774655311
v 8.79964665623651 31.518624235935377 41.3192627791712
v 8.980733053436762 32.9854443332431 22.948944410373603
v 8.8662330315518 32.945082620331135 23.17531442263519
v 8.047566531533771 31.966515832532806 25.311051024997894
v 8.22649750827025 32.25908256806197 24.848720515836362
v 8.006959261498409 32.666666666666664 38.9744825983618
v 8.144653562223315 32.4993197629523 39.49581362974755
v 8.485764857238957 32.50038085760976 40.505197746551
v 8.79964665623646 32.48137576407459 41.31926277916665
v 8.72124482990964 33.11859166396363 23.076004241052356
v 9.00798140358835 33.575229914842595 22.40097751967546
v 8.05072197824845 34.413790185646334 25.275781380679035
v 8.028137842363027 33.5 25.095783644174883
v 8.026124157705915 33.5 38.90421635582511
v 8.187000883503709 33.499565673390535 39.49695088561652
v 8.529020611363322 33.50144046132979 40.506927912569296
v 8.810293474677032 33.45450499561363 41.241705891353384
v 8.839810592153603 34.460332708907366 22.901372181142936
v 8.615970463206082 34.50348935024983 23.48928789405219
v 8.271745481328399 34.499823708259946 24.50133262182387
v 8.088490911265806 34.5670511395732 25.151897664932427
v 8.088490911262465 34.56705113956151 38.8481023350291
v 8.27174548132723 34.49982370827865 39.498667378138514
v 8.615970463211424 34.50348935018049 40.51071210597384
v 8.839810592177258 34.46033270912937 41.09862781897988
v 8.956758364344198 35.285828801250894 22.89419097754331
v 8.72559087799468 35.465039460977444 23.528370130967666
v 8.39983460201022 35.50127702632122 24.49795946031798
v 8.166034758869777 35.6196740385573 25.350513963614507
v 8.020895750758957 35.85737152139209 26.09061759428038
v 8.020895750758957 35.85737152139209 37.90938240571961
v 8.166034758895504 35.619674038595484 38.64948603647599
v 8.39983460202098 35.501277026276455 39.502040539738
v 8.725590877994811 35.465039460869555 40.471629868921944
v 8.956758364344198 35.285828801250894 41.10580902245668
v 8.847745724847407 36.37314800787561 23.62089039791116
v 8.572553547644805 36.505103720353894 24.492051078280426
v 8.27182904164453 36.49953464183572 25.5009786795899
v 8.06578388489083 36.62011242416794 26.415111923383105
v 8.006959261498409 36.963081815665504 27.03691818433449
v 8.006959261498409 36.963081815665504 36.963081815665504
v 8.06578388486541 36.620112423948385 37.5848880765437
v 8.271829041678442 36.499534641882306 38.49902132034293
v 8.572553547617195 36.50510372023801 39.50794892175035
v 8.84774572479267 36.37314800818925 40.37910960175167
v 8.949570399813876 37.21246101889916 23.862196717325364
v 8.725264136980163 37.39558635568641 24.61240745529783
v 8.485967210226322 37.50380680377851 25.495663784097804
v 8.229423116712404 37.49864007387004 26.501359926130526
v 8.06578388488538 37.584888076447044 27.379887575892887
v 8.020895750758957 37.90938240571961 28.142628478607907
v 8.020895750758957 37.90938240571961 35.85737152139209
v 8.065783884846548 37.58488807646638 36.62011242389646
v 8.229423116758134 37.49864007395207 37.498640073952146
v 8.485967210180199 37.50380680376044 38.50433621581136
v 8.725264137040227 37.39558635566442 39.38759254462484
v 8.949570399813876 37.21246101889916 40.137803282674625
v 8.928421943358305 38.35310333614021 24.7522584510776
v 8.711163187071852 38.44516637775527 25.554833622184617
v 8.485967210243235 38.504336216060686 26.496193196285347
v 8.271829041643372 38.49902132035017 27.500465358077594
v 8.16603475887986 38.64948603650293 28.380325961419118
v 8.08849091126337 38.84810233510071 29.432948860450832
v 8.026124157705915 38.90421635582511 30.5
v 8.006959261498409 38.9744825983618 31.333333333333332
v 8.006959261498409 38.9744825983618 32.666666666666664
v 8.026124157705915 38.90421635582511 33.5
v 8.08849091126219 38.84810233502797 34.567051139560625
v 8.16603475887303 38.649486036457596 35.61967403860717
v 8.271829041616478 38.499021320334386 36.499534641854744
v 8.485967210187434 38.50433621582044 37.503806803795875
v 8.71116318713597 38.445166377917104 38.445166377918866
v 8.928421943757499 38.35310333717974 39.247741549402896
v 8.928421943328862 39.24774154854067 25.646896662971127
v 8.725264136998602 39.387592544761546 26.604413644251757
v 8.572553547645583 39.50794892177123 27.494896279734988
v 8.399834601992689 39.50204053959568 28.498722973658303
v 8.271745481328688 39.498667378143594 29.50017629171629
v 8.187000883500616 39.49695088560694 30.50043432662228
v 8.144653562223231 39.49581362974724 31.500680237048766
v 8.144653562223807 39.4958136297489 32.49931976294685
v 8.18700088350281 39.49695088560982 33.49956567339692
v 8.271745481330514 39.49866737814718 34.49982370834899
v 8.39983460202071 39.50204053973713 35.50127702627602
v 8.572553547617263 39.5079489217496 36.50510372023752
v 8.725264136965276 39.38759254468156 37.39558635562234
v 8.928421943756346 39.2477415493996 38.353103337177224
v 8.949570399813876 40.137803282674625 26.78753898110083
v 8.847745724834366 40.37910960190994 27.62685199186866
v 8.725590878002327 40.4716298690451 28.53496053903038
v 8.615970463194197 40.51071210590714 29.496510649716207
v 8.529020611362117 40.50692791257071 30.49855953867371
v 8.485764857239229 40.50519774655196 31.499619142387616
v 8.485764857238866 40.505197746550905 32.500380857609876
v 8.529020611365794 40.50692791257646 33.501440461310736
v 8.615970463211013 40.51071210597304 34.50348935018011
v 8.725590878011143 40.47162986893408 35.46503946089621
v 8.847745724792246 40.3791096017518 36.373148008188075
v 8.949570399813876 40.137803282674625 37.21246101889916
v 8.956758364344198 41.10580902245668 28.714171198749103
v 8.839810592175974 41.09862781888658 29.539667291300912
v 8.810293474680275 41.241705891360894 30.545495004533368
v 8.799646656236673 41.319262779171574 31.518624235936027
v 8.799646656236483 41.31926277916803 32.48137576407522
v 8.810293474677128 41.24170589135278 33.45450499561329
v 8.839810592176788 41.09862781897758 34.46033270912722
v 8.956758364344198 41.10580902245668 35.285828801250894
v 9.96237838856539 21.920129180453074 37.81478171488843
v 9.96237838856539 21.920129180453074 38.128614901322216
v 9.431549473346957 22.521663411292185 36.62891538487623
v 9.608765705838316 22.400514485168742 37.11378766325222
v 9.708736993067072 22.62673386641749 38.373504274967615
v 9.917420190590825 22.806399230939434 39.244836665204595
v 9.075437734381747 23.898001357237824 35.61702858004372
v 9.041720624857554 23.590690600460853 36.00839914234395
v 9.14860531072842 23.912323399909887 38.06587978420713
v 9.395474322606072 23.498093869293182 38.50189484862614
v 9.650793483803259 23.58034570018796 39.419683481132125
v 9.91175533592057 23.715330915412803 40.28466908235911
v 9.256103416472174 24.885934283106856 34.91088972059604
v 9.175050828672738 24.089254382405173 35.52284210812811
v 9.029136250042942 24.088496668128734 37.879127685565834
v 9.11283974646163 24.402327782500837 38.62073399914989
v 9.349878188599957 24.500194487070104 39.49980551315281
v 9.650793483734821 24.580316518745843 40.4196542997305
v 9.917420190590825 24.7551633347954 41.193600769060566
v 9.10219412392832 25.95745814255875 33.96238238733135
v 9.505292279908153 25.501211926227572 34.520524891251455
v 9.92277008313884 25.032615826397354 35.02600552524072
v 9.014555666756895 25.051055589626394 38.9489444103736
v 9.112839746454828 25.379266000490468 39.59767221709836
v 9.395474322606354 25.49810515141376 40.501906130671316
v 9.708736993112556 25.626495724484354 41.37326613367354
v 9.96237838856539 25.87138509867778 42.079870819546926
v 9.051055589626396 26.98005146799206 32.980051467992055
v 9.405173250884927 26.57033483161148 33.533288776650366
v 9.768860790594987 26.091776731935315 34.08198249688307
v 9.029136250042942 26.120872314434166 39.91150333187126
v 9.21949326445022 26.365977375989296 40.641577664565816
v 9.53340458702497 26.49314667087244 41.51058027901165
v 9.8535715773431 26.568131035293597 42.262232762926935
v 9.10219412392832 27.962382387331353 31.95745814255875
v 9.405173251277203 27.53328877656335 32.57033483265928
v 9.717722256293062 27.105762567693127 33.10576256769313
v 9.06645043676493 27.487938598330725 40.88488801622707
v 9.304221233312711 27.500942606337674 41.49650270441172
v 9.687582315423159 27.587791623031382 42.39675581291548
v 9.969891394897346 27.851555671139756 43.05840899764385
v 9.256103416472174 28.91088972059604 30.885934283106856
v 9.505292279913828 28.520524890844346 31.501211925448928
v 9.768860790594987 28.081982496883075 32.09177673193532
v 9.007274711070119 28.047504532082435 40.98051841016258
v 9.191827379650793 28.38765890395036 41.598981221412046
v 9.579559776548503 28.494313092780352 42.514803352907954
v 9.848478303767592 28.516012075699447 43.063177744653814
v 9.4248803754666 29.829190258431897 29.742436351554076
v 9.622781274274434 29.410058162048507 30.42351906769631
v 9.92277008313884 29.02600552524072 31.032615826397354
v 9.148833814370986 29.443182980158486 41.82532811498761
v 9.44088205764256 29.49829265960427 42.504735719375574
v 9.791157184746059 29.55049850495132 43.22645575061687
v 9.230400729196669 30.927774767407797 27.870297163485564
v 9.420963713329698 30.592529031400762 28.575224659481126
v 9.569869455052407 30.19401058501105 29.27188985271294
v 9.106777963743816 30.49213228730748 41.92642209349587
v 9.349383917280777 30.499830017031645 42.498633417044715
v 9.763290313954553 30.545157969548935 43.34728195559307
v 9.204718432011115 31.938862420532303 25.86026743572723
v 9.401016794064365 31.666318801470744 26.603909834250093
v 9.619753399650007 31.327712606926735 27.39380035124351
v 9.897067395863335 31.031484918150916 28.053778345219804
v 9.049179072657173 31.5 41.88226591753178
v 9.303914176804065 31.500076623867535 42.49577288353474
v 9.751424946087141 31.517482244881958 43.409378694514196
v 9.051055589626396 32.9854443332431 22.948944410373603
v 9.37926600079676 32.887160253344504 23.59767221794481
v 9.49810515130853 32.604525677678986 24.501906130824665
v 9.626495726684508 32.29126300770054 25.373266134929164
v 9.87138509867778 32.0376216114346 26.079870819546926
v 9.049179072657173 32.5 41.88226591753178
v 9.303914176801976 32.499923376135754 42.49577288353029
v 9.751424946085493 32.48251775509758 43.40937869451165
v 10.08274683379216 33.983469376961615 20.33441067485795
v 9.53862270416705 33.579072654792334 21.271133600553213
v 9.20026046699136 33.3114719736372 22.442154745069693
v 9.646896666109548 33.0715780566808 23.247741548193282
v 9.106777963723971 33.50786771232019 41.92642209348739
v 9.349383917273682 33.5001699830014 42.49863341703147
v 9.763290313953641 33.45484203044192 43.347281955611294
v 10.026003012244596 35.05695092292531 20.513198024291775
v 9.609849482165448 35.34171164351513 21.4400816314302
v 8.955548490187512 34.93195436234281 22.792834637917085
v 9.14883381426446 34.55681702064186 41.82532811486025
v 9.440882057651292 34.50170734056116 42.5047357193662
v 9.791157184924412 34.449501494793296 43.22645575093144
v 9.848478303624283 35.48398792258193 20.93682225574815
v 9.579559776555506 35.505686907216344 21.48519664701556
v 9.191827379634894 35.612341095892454 22.40101877873695
v 9.007274711070119 35.95249546791756 23.019481589837415
v 9.007274711070119 35.95249546791756 40.98051841016258
v 9.191827379680861 35.612341096116886 41.59898122134256
v 9.579559776547482 35.505686907401945 42.51480335292133
v 9.848478302913016 35.483987922600704 43.063177743533934
v 9.969891394897346 36.148444328860236 20.941591002356148
v 9.687582315438412 36.4122083769635 21.60324418692574
v 9.304221233322037 36.49905739369231 22.503497295689126
v 9.066450436459931 36.51206140188315 23.115111984725647
v 9.066450436598855 36.512061402156924 40.884888014971445
v 9.304221233358144 36.499057393505005 41.49650270450372
v 9.68758231523895 36.412208376824886 42.396755812512744
v 9.969891394897346 36.148444328860236 43.05840899764385
v 9.853571577384043 37.43186896471759 21.737767236889596
v 9.533404586965835 37.50685332941656 22.489419721270117
v 9.219493264488413 37.63402262384807 23.358422335274305
v 9.029136250042942 37.879127685565834 24.088496668128734
v 9.029136250042942 37.879127685565834 39.91150333187126
v 9.219493264362383 37.63402262361255 40.6415776647287
v 9.533404586839838 37.5068533290473 41.510580278803374
v 9.853571576670378 37.431868964472024 42.26223276248528
v 9.96237838856539 38.128614901322216 21.920129180453074
v 9.708736993076078 38.373504275455424 22.626733866273252
v 9.39547432261864 38.50189484881874 23.498093869278428
v 9.112839746461356 38.620733999149344 24.40232778250111
v 9.014555666756895 38.9489444103736 25.051055589626394
v 9.014555666756895 38.9489444103736 38.9489444103736
v 9.112839746354917 38.620733999380626 39.59767221742012
v 9.395474322623386 38.50189484832788 40.501906130631596
v 9.708736993288019 38.37350427542163 41.373266133100294
v 9.96237838856539 38.128614901322216 42.079870819546926
v 9.917420190590825 39.244836665204595 22.806399230939434
v 9.650793483760893 39.4196834805205 23.58034569985236
v 9.349878188550294 39.49980551278786 24.500194486806535
v 9.112839746454965 39.5976722170985 25.379266000490468
v 9.029136250042942 39.91150333187126 26.120872314434166
v 9.029136250042942 39.91150333187126 37.879127685565834
v 9.112839746388106 39.59767221742776 38.62073399924659
v 9.349878188323487 39.49980551266422 39.49980551266394
v 9.65079348377787 39.41968348098162 40.41965429998204
v 9.917420190590825 39.244836665204595 41.193600769060566
v 9.911755336288877 40.28466908532269 23.7153309164881
v 9.650793483766073 40.41965429993868 24.58031651876529
v 9.395474322588624 40.501906130584636 25.49810515134852
v 9.219493264397855 40.64157766432359 26.365977375838508
v 9.066450436691882 40.884888015967555 27.487938598199786
v 9.007274711070119 40.98051841016258 28.047504532082435
v 9.007274711070119 40.98051841016258 35.95249546791756
v 9.066450436874181 40.884888015542096 36.51206140379422
v 9.219493264464312 40.64157766470801 37.63402262363842
v 9.39547432279178 40.50190613108329 38.501894849159314
v 9.650793483684069 40.41965429955555 39.41968348075902
v 9.911755337186632 40.284669083891124 40.284669083891124
v 9.917420190590825 41.193600769060566 24.7551633347954
v 9.708736993190616 41.3732661340268 25.626495724685515
v 9.533404586992798 41.510580278899525 26.493146670792296
v 9.304221233351866 41.49650270452269 27.500942606478645
v 9.191827379638395 41.598981221352204 28.387658903802116
v 9.148833814282977 41.825328114751414 29.44318297962284
v 9.106777963733451 41.92642209346177 30.49213228744828
v 9.049179072657173 41.88226591753178 31.5
v 9.049179072657173 41.88226591753178 32.5
v 9.106777963722767 41.92642209348625 33.507867712319964
v 9.148833814264652 41.82532811486012 34.55681702064258
v 9.19182737961667 41.59898122121914 35.612341096220696
v 9.304221233329496 41.49650270441738 36.49905739362587
v 9.533404587114676 41.51058027861095 37.506853329118016
v 9.708736993057519 41.3732661337156 38.3735042749161
v 9.917420190590825 41.193600769060566 39.244836665204595
v 9.96237838856539 42.079870819546926 25.87138509867778
v 9.853571577745946 42.26223276408806 26.568131036139608
v 9.687582315344034 42.39675581265533 27.587791622804836
v 9.579559776532838 42.51480335287903 28.494313092630605
v 9.440882057646439 42.5047357193725 29.49829265949932
v 9.349383917280674 42.49863341704472 30.49983001703168
v 9.303914176803886 42.49577288353456 31.500076623867336
v 9.303914176805431 42.495772883537505 32.49992337612061
v 9.349383917281465 42.49863341704718 33.50016998303801
v 9.44088205768221 42.50473571943727 34.50170734059675
v 9.57955977651512 42.51480335282961 35.505686906893374
v 9.68758231550904 42.3967558130157 36.4122083764743
v 9.853571577796988 42.26223276301282 37.43186896519827
v 9.96237838856539 42.079870819546926 38.128614901322216
v 9.969891394897346 43.05840899764385 27.851555671139756
v 9.84847830344827 43.06317774387195 28.516012075395746
v 9.791157184882561 43.226455750954884 29.550498505198227
v 9.763290313966138 43.347281955625135 30.54515796953376
v 9.751424946086804 43.40937869451295 31.517482244881254
v 9.751424946086026 43.40937869451239 32.4825177550986
v 9.763290313950183 43.347281955599364 33.45484203055554
v 9.791157184865424 43.226455750883076 34.449501495014275
v 9.848478303501432 43.063177744365085 35.48398792671741
v 9.969891394897346 43.05840899764385 36.148444328860236
v 10.92037186170501 20.921145131834916 37.96183750343505
v 10.051390244358078 21.571802540616723 37.69561606996177
v 10.901827684084815 20.83499855081695 39.44508031673871
v 11.096516183050934 20.318625419191484 38.41866610675565
v 10.352581022310309 21.220641922154122 38.22151946166155
v 10.576047853356748 21.496297579702944 39.49792549127064
v 10.880558854396202 21.579151731309615 40.413901508576
v 10.976377422649183 21.952040119397758 41.052966695046564
v 10.39565302828669 22.68286591428749 36.80999102203463
v 10.327477434474044 21.90577160500912 37.2852221097704
v 10.0611375794677 22.139732564272766 38.79528156798888
v 10.22187787999256 22.372447804583206 39.64171919725809
v 10.489257734452426 22.49041145667618 40.50894154056814
v 10.825203327136306 22.591495530721875 41.408504470144734
v 10.976377422649183 22.94703330495343 42.047959880602235
v 10.211782219942016 23.91427528541778 35.94094465343565
v 10.592457379771755 23.418186811380316 36.39972482811459
v 10.030517023834456 23.078022040167582 39.91150333187126
v 10.163427907002923 23.38187336838322 40.61812663165314
v 10.489257734449845 23.491058459052827 41.509588542773585
v 10.880558854608593 23.586098489622874 42.42084826799047
v 10.419866101887614 24.57548935482629 35.54297353497824
v 10.878448886608684 24.046433004385435 36.03299546756873
v 10.030517023834456 24.088496668128734 40.92197795983242
v 10.221877880082237 24.358280802377163 41.6275521952347
v 10.576047853356542 24.5020745088936 42.50370242061519
v 10.901827683423862 24.55491968477895 43.16500144769303
v 10.362148257319387 25.622629837939385 34.69667074199689
v 10.499120849000597 25.121057846074137 35.139491429467405
v 10.0611375794677 25.204718432011113 41.86026743572723
v 10.333681199115857 25.401016792669626 42.60390983449843
v 10.67228739359521 25.61975339951479 43.3938003508338
v 10.968515081849084 25.897067395863335 44.053778345219804
v 10.406387570282813 26.71885382891287 33.73426375953956
v 10.54918595850679 26.231501422378003 34.22311683003018
v 10.119482405071656 26.42948059568928 42.74666127622302
v 10.48882206291977 26.493580012363566 43.51064585628835
v 10.85153748810345 26.528341376044995 44.16742311925711
v 10.406387569362176 27.73426375891025 32.71885382912745
v 10.564739570212529 27.258849121912917 33.25884912033955
v 10.038162496564945 27.184889004473092 42.92114513183492
v 10.320841331775036 27.419212959290377 43.5954852885142
v 10.739879572524371 27.622610003074964 44.41998617407134
v 10.362148261630152 28.696670742436073 31.622629838923643
v 10.54918595394868 28.223116828671916 32.23150142196211
v 10.190637285327567 28.41311552966257 43.69608137999474
v 10.615094393988953 28.52550526835559 44.49513259664457
v 10.952808260856639 28.714171198749103 45.074692643783436
v 10.211782219942016 29.94094465343565 29.91427528541778
v 10.419866101821718 29.542973534743247 30.575489355265812
v 10.499120847105086 29.13949143226402 31.121057843483705
v 10.159903486924817 29.47379593296055 43.90988708307928
v 10.488299263099295 29.49689214709327 44.511099152378264
v 10.825170447751102 29.508567168054782 45.06254388942837
v 10.395653024890414 30.809991021669983 28.68286591543591
v 10.59245738118155 30.399724828645198 29.418186811647157
v 10.878448886608684 30.032995467568732 30.046433004385435
v 10.062992360554434 30.5 43.88125598542908
v 10.389229020213477 30.49936251582974 44.50070295045999
v 10.786553677506308 30.51714408887992 45.15350926474772
v 10.42948059136072 31.880517595212364 26.746661277262042
v 10.493580012625564 31.511177937183557 27.510645856109026
v 10.528341373770175 31.148462513385983 28.16742311681208
v 10.040046284195114 31.5 43.92450817316283
v 10.340049304430837 31.499984355659564 44.495695904143496
v 10.769719835130045 31.507672870517492 45.2013385307513
v 10.120872314434166 32.970863749957054 23.911503331871263
v 10.36597737645372 32.78050673595323 24.6415776649235
v 10.493146671176941 32.466595412848356 25.510580278898395
v 10.56813103611249 32.14642842235851 26.262232761793435
v 10.040046284195114 32.5 43.92450817316283
v 10.340049304427493 32.50001564437658 44.495695904134806
v 10.769719835135602 32.49232712949091 45.201338530754036
v 10.41993777115245 34.01563897644624 20.278852704177716
v 10.501359925883506 33.77057688319103 21.498640074067435
v 10.496193196272023 33.514032789729704 22.504336215783262
v 10.604413644365076 33.27473586315763 23.38759254539786
v 10.787538981100832 33.05042960018612 24.137803282674632
v 10.062992360554436 33.5 43.88125598542908
v 10.389229020213122 33.50063748428339 44.50070295045977
v 10.786553677506308 33.48285591118538 45.153509264738936
v 10.952808260856639 34.90500974113742 18.925307356216564
v 10.191907078145604 34.247090364121306 20.206375728341516
v 10.533650465874928 34.34990675752129 19.780240521070148
v 10.15990348638269 34.526204066005015 43.909887082143115
v 10.488299263124894 34.50310785272022 44.51109915242754
v 10.8251704486889 34.49143283279786 45.06254389053373
v 10.952808260856639 35.285828801250894 18.925307356216564
v 10.615094394011004 35.47449473159119 19.504867403363914
v 10.190637285388796 35.586884470199315 20.303918619905332
v 10.190637285592251 35.586884470293256 43.69608138043239
v 10.61509439387983 35.47449473191545 44.495132596654614
v 10.952808260856639 35.285828801250894 45.074692643783436
v 10.739879572749514 36.377389996898536 19.580013825486905
v 10.320841331738755 36.58078704036089 20.404514711520825
v 10.038162496564945 36.81511099552691 21.07885486816508
v 10.038162496564945 36.81511099552691 42.92114513183492
v 10.320841331872812 36.5807870411132 43.59548528858871
v 10.739879572372223 36.377389996333505 44.419986174123075
v 10.851537487572214 37.471658624657394 19.83257688272945
v 10.488822062792671 37.50641998760637 20.48935414389258
v 10.119482404884948 37.57051940517412 21.253338724705092
v 10.119482405805504 37.57051940464197 42.74666127615913
v 10.488822062938373 37.50641998717094 43.51064585574199
v 10.851537487509757 37.47165862377021 44.16742311670372
v 10.968515081849084 38.10293260413666 19.946221654780192
v 10.672287393617422 38.380246600200536 20.6061996489981
v 10.333681199150522 38.59898320696311 21.396090165208534
v 10.0611375794677 38.79528156798888 22.139732564272766
v 10.0611375794677 38.79528156798888 41.86026743572723
v 10.333681199364438 38.59898320652084 42.60390983445797
v 10.672287393488693 38.3802466005275 43.3938003501197
v 10.968515081849084 38.10293260413666 44.053778345219804
v 10.901827683849053 39.44508031213722 20.834998549347226
v 10.576047853361455 39.49792549148784 21.49629757958619
v 10.221877879977407 39.64171919733283 22.37244780440513
v 10.030517023834456 39.91150333187126 23.078022040167582
v 10.030517023834456 39.91150333187126 40.92197795983242
v 10.221877879976594 39.64171919716707 41.627552195366796
v 10.576047853224411 39.497925491691866 42.50370242055598
v 10.90182768257515 39.44508031077175 43.16500144835698
v 10.880558854597753 40.413901510536206 21.579151731812807
v 10.489257734452302 40.50894154056814 22.490411456676433
v 10.16342790700317 40.61812663165327 23.381873368383594
v 10.030517023834456 40.92197795983242 24.088496668128734
v 10.030517023834456 40.92197795983242 39.91150333187126
v 10.163427907278098 40.61812663123369 40.61812663123369
v 10.489257734325827 40.50894154059888 41.50958854297233
v 10.880558853524509 40.41390150865474 42.42084826624225
v 10.976377422649183 41.052966695046564 21.952040119397758
v 10.825203327235275 41.40850447047815 22.591495530961833
v 10.489257734449971 41.50958854277371 23.491058459052734
v 10.221877880073665 41.627552195193786 24.358280802320035
v 10.0611375794677 41.86026743572723 25.204718432011113
v 10.0611375794677 41.86026743572723 38.79528156798888
v 10.221877879920996 41.62755219490634 39.64171919819975
v 10.489257734324323 41.50958854296782 40.50894154059687
v 10.825203327255082 41.40850447118471 41.408504470359695
v 10.976377422649183 41.052966695046564 42.047959880602235
v 10.976377422649183 42.047959880602235 22.94703330495343
v 10.880558854608559 42.42084826799043 23.58609848962289
v 10.57604785335883 42.50370242062311 24.50207450898169
v 10.333681199118375 42.60390983449467 25.401016792816893
v 10.119482405059465 42.74666127613711 26.429480595643273
v 10.038162496564945 42.92114513183492 27.184889004473092
v 10.038162496564945 42.92114513183492 36.81511099552691
v 10.119482405135592 42.746661275682534 37.57051940727561
v 10.333681199360456 42.60390983461121 38.598983207507985
v 10.576047853265907 42.503702420498165 39.49792549112188
v 10.880558853523468 42.42084826624225 40.41390150865474
v 10.976377422649183 42.047959880602235 41.052966695046564
v 10.901827683804337 43.16500144870412 24.554919685273862
v 10.672287393550025 43.39380035069233 25.619753399588962
v 10.488822062737874 43.51064585582165 26.493580012276702
v 10.320841331774806 43.59548528851409 27.419212959291396
v 10.1906372855605 43.69608138053054 28.413115530315427
v 10.159903486528373 43.909887082294695 29.473795932010592
v 10.062992360554434 43.88125598542908 30.5
v 10.040046284195114 43.92450817316283 31.5
v 10.040046284195114 43.92450817316283 32.5
v 10.062992360554436 43.88125598542908 33.5
v 10.159903486382923 43.90988708213348 34.5262040660015
v 10.190637285259756 43.69608138018213 35.586884470590505
v 10.320841331538062 43.59548528836732 36.58078704031579
v 10.488822062725648 43.51064585545547 37.50641998688945
v 10.672287393185842 43.393800351067455 38.38024660111483
v 10.901827684747468 43.16500145115328 39.44508031404836
v 10.968515081849084 44.053778345219804 25.897067395863335
v 10.85153748772392 44.167423118342754 26.528341376262535
v 10.739879572525167 44.41998617407372 27.62261000307623
v 10.615094394045101 44.495132596729846 28.525505268626656
v 10.488299263138204 44.51109915245908 29.496892147068316
v 10.38922902020443 44.50070295045695 30.499362515797202
v 10.340049304430357 44.49569590414336 31.499984355614377
v 10.340049304430831 44.49569590414271 32.500015644381115
v 10.389229020205299 44.500702950461324 33.50063748419597
v 10.488299263100668 44.511099152402636 34.5031078529203
v 10.615094393991967 44.49513259662729 35.474494731577146
v 10.739879572526918 44.419986174312136 36.37738999617743
v 10.851537487603526 44.16742311813347 37.47165862585374
v 10.968515081849084 44.053778345219804 38.10293260413666
v 10.952808260856639 45.074692643783436 28.714171198749103
v 10.825170447754397 45.06254388943015 29.508567168054782
v 10.78655367750575 45.153509264751705 30.517144088882997
v 10.769719835127523 45.20133853074571 31.507672870514767
v 10.769719835133348 45.20133853075041 32.492327129488096
v 10.786553677503623 45.153509264755584 33.48285591133393
v 10.825170448392402 45.06254388993505 34.49143282807601
v 10.952808260856639 45.074692643783436 35.285828801250894
v 11.990355825625443 18.984013130017644 38.992725288929876
v 8.805060833544678 22.758807631680085 36.98831703345073
v 11.719434027181755 19.213916917892618 38.85882236507654
v 11.79173726485163 19.257317019496085 39.1896558381278
v 11.900686247910825 19.786215523664417 40.49425679533618
v 12.0 20.0 41.0
v 11.184889004473094 20.921145131834916 37.96183750343505
v 11.165319378877422 20.396609059040372 38.33577576970103
v 11.176471362283035 20.72969881717199 39.982418573821754
v 11.49156738796066 20.486999852290243 40.51090461533979
v 11.84627087158965 20.54544664992508 41.38517577713016
v 11.967004532431265 20.941591002356148 42.063921601276164
v 11.419212959169027 21.595485288273565 37.67915866867219
v 11.85155567113976 21.058408997643852 38.030108605102654
v 11.007997902158639 21.015745050452217 39.97790287700759
v 11.05925115240052 21.333045462585705 40.54860920759933
v 11.4369604254885 21.446529322320316 41.55481831034401
v 11.768933713465719 21.604882352666852 42.395117646263614
v 11.967004532431265 21.936078398723836 43.05840899764385
v 11.512996879107856 22.96977059619354 36.90165948868482
v 11.622610005152275 22.419986174529562 37.26012042736555
v 11.059725405325844 22.336622481618896 41.66337751681678
v 11.436960425634206 22.445181689761284 42.5534706780476
v 11.846270871693235 22.61482422293218 43.454553350068196
v 12.0 23.0 44.0
v 11.495832380169448 23.506914359612043 36.56342418751303
v 11.059251152668681 23.45139079229506 42.66695453761688
v 11.49156738816628 23.4890953846242 43.51300014801648
v 11.900686247244375 23.50574320717205 44.21378447606315
v 11.393540586618691 24.64658740486306 35.73886895603405
v 11.504583416320067 24.104448228643996 36.151271905902696
v 11.007997902158639 24.02209712299241 42.984254949547775
v 11.198408886306526 24.34633382067798 43.58143126791228
v 11.580701321243508 24.607283041341464 44.40274634029182
v 11.942323545883257 24.84394685226066 45.08710759839958
v 11.467028263930779 25.823215078238185 34.822907388196235
v 11.57473446127465 25.308188098593423 35.27131639996056
v 11.072225232592203 25.230400729196667 43.87029716348557
v 11.40747096858296 25.420963714977464 44.575224659350305
v 11.805989414342314 25.569869457544353 45.27188985523048
v 11.500709735712467 26.888946695393464 33.880945231282006
v 11.611329656183294 26.402744299892532 34.36095912287647
v 11.19000897807558 26.395653026222867 44.68286591313951
v 11.600275171806988 26.59245738089572 45.4181868113065
v 11.967004532431265 26.878448886608684 46.04643300438543
v 11.500709748644965 27.880945235252362 32.88894670212493
v 11.622726886201127 27.411596838250592 33.411596837746764
v 11.098340510901975 27.512996882911 44.96977059083639
v 11.436575812837615 27.495832380012047 45.50691435962732
v 11.848728094213183 27.50458341890057 46.10444822580795
v 11.467028260859346 28.822907387040363 31.823215079343736
v 11.611329654958094 28.36095912290601 32.40274429978787
v 11.007997902158639 28.047504532082435 44.986795867981655
v 11.300954740885924 28.41161871402398 45.56941888019506
v 11.755390882175938 28.554229390325826 46.26731520771483
v 11.393540585540563 29.738868956563433 30.646587404642705
v 11.574734455243284 29.271316399339543 31.308188098254476
v 11.23246706160469 29.44144979378 45.69223730315079
v 11.696589276297724 29.56508740166521 46.395718146041276
v 11.512996875448176 30.90165949181482 28.969770591158895
v 11.495832379465876 30.563424187224822 29.506914359720888
v 11.50458341342867 30.151271906524922 30.104448227327307
v 11.205768497452262 30.476672914863205 45.802776160397165
v 11.660950563710802 30.549416790212344 46.48198286824358
v 11.184889004473094 31.961837503435053 26.92114513183492
v 11.419212959648538 31.679158668290512 27.595485288817244
v 11.622610002974577 31.260120427189946 28.419986174572358
v 11.193952716893596 31.494167418284032 45.85882137252617
v 11.644525630865449 31.519325529519566 46.525880873127925
v 12.0 32.0 47.0
v 11.487938600825926 32.933549563979746 24.88488801382839
v 11.500942606049144 32.69577876661995 25.496502704568712
v 11.587791622658601 32.31241768448936 26.39675581302802
v 11.85155567113976 32.030108605102654 27.058408997643852
v 11.193952716902535 32.50583258171887 45.85882137254405
v 11.644525630863907 32.48067447045546 46.52588087312389
v 12.0 32.0 47.0
v 11.03691818433449 33.99304073850159 20.963081815665507
v 11.379887575696129 33.93421611503562 21.584888076316737
v 11.50046535788758 33.728170958327425 22.499021320206726
v 11.494896279674663 33.42744645231189 23.507948921549197
v 11.626851992606472 33.15225427514985 24.37910960167233
v 11.205768497426716 33.523327085002066 45.802776160405514
v 11.660950563686377 33.450583209751976 46.48198286821015
v 11.710367845352433 34.58039293658869 17.619931196685638
v 11.786293603357525 34.73411824714641 17.844139585004335
v 11.06395437746698 34.32540009012601 19.497738055645087
v 11.287275533856203 34.187796044884884 20.263801702314574
v 11.609585575388497 34.052875995414006 21.233976664579316
v 11.232467061491304 34.55855020604724 45.69223730296928
v 11.696589276222909 34.43491259861632 46.39571814596713
v 11.779111526831096 35.51284598584788 17.71792882433126
v 11.290412870983955 35.623896681239565 18.457497132243905
v 11.007997902158639 35.95249546791756 19.01320413201834
v 11.007997902158639 35.95249546791756 44.986795867981655
v 11.300954740977222 35.58838128526124 45.56941888024382
v 11.755390882145191 35.44577060916751 46.267315207965574
v 11.848728093611482 36.49541658611989 17.895551775021286
v 11.436575812827334 36.50416762036379 18.493085640333017
v 11.098340511262338 36.487003122349364 19.03022940800759
v 11.098340511148972 36.48700311127801 44.96977058909526
v 11.436575812933166 36.50416762061319 45.50691435995399
v 11.84872809415553 36.4954165797047 46.1044482257192
v 11.967004532431265 37.12155111339132 17.953566995614565
v 11.600275171885738 37.40754262030865 18.581813188786096
v 11.190008978483228 37.60434697355318 19.317134086139298
v 11.190008979200298 37.604346972252785 44.68286591447732
v 11.600275171768965 37.4075426186595 45.418186811509294
v 11.967004532431265 37.12155111339132 46.04643300438543
v 11.805989414253691 38.430130543330385 18.72811014557635
v 11.407470968573381 38.57903628508868 19.424775340386244
v 11.072225232592203 38.769599270803326 20.129702836514433
v 11.072225232592203 38.769599270803326 43.87029716348557
v 11.407470968487234 38.57903628403615 44.575224658916916
v 11.805989414241918 38.43013054240497 45.271889855357905
v 11.942323545883257 39.156053147739335 18.91289240160042
v 11.580701321402637 39.39271695825676 19.597253659547615
v 11.198408886028899 39.65366617964716 20.41856873310345
v 11.007997902158639 39.97790287700759 21.015745050452217
v 11.007997902158639 39.97790287700759 42.984254949547775
v 11.198408886688835 39.65366617976493 43.58143126814237
v 11.580701320947664 39.392716958017985 44.40274634069778
v 11.942323545883257 39.156053147739335 45.08710759839958
v 11.900686247909897 40.494256795331665 19.786215523661628
v 11.49156738798726 40.5109046156605 20.486999852363688
v 11.059251152596506 40.54860920898746 21.33304546354295
v 11.059251153017861 40.548609208507585 42.66695453619856
v 11.49156738768807 40.51090461551771 43.51300014730702
v 11.900686249702764 40.49425678577292 44.213784478501076
v 12.0 41.0 20.0
v 11.846270871828064 41.38517577845589 20.545446650267877
v 11.436960425589096 41.55481831086832 21.446529322471747
v 11.059725405644157 41.66337751836677 22.336622482371496
v 11.059725405767512 41.66337751705207 41.66337751925792
v 11.436960426194139 41.554818310641295 42.5534706781932
v 11.846270871951406 41.38517577816391 43.45455335007963
v 12.0 41.0 44.0
v 11.967004532431265 42.063921601276164 20.941591002356148
v 11.768933713386257 42.395117646000585 21.604882352396903
v 11.43696042544111 42.55347067730949 22.445181689372955
v 11.059251152668763 42.66695453761631 23.451390792295303
v 11.007997902158639 42.984254949547775 24.02209712299241
v 11.007997902158639 42.984254949547775 39.97790287700759
v 11.05925115263681 42.66695453668753 40.5486092099942
v 11.43696042515508 42.553470677049255 41.554818309136444
v 11.768933713389513 42.39511764614441 42.395117645773006
v 11.967004532431265 42.063921601276164 43.05840899764385
v 11.967004532431265 43.05840899764385 21.936078398723836
v 11.846270871693875 43.45455335007048 22.614824222933404
v 11.491567388209726 43.513000148132164 23.489095384662168
v 11.198408886112126 43.58143126734294 24.34633382048678
v 11.072225232592203 43.87029716348557 25.230400729196667
v 11.072225232592203 43.87029716348557 38.769599270803326
v 11.198408885420028 43.581431266635576 39.6536661797367
v 11.491567388022697 43.51300014793752 40.51090461569634
v 11.84627087132287 43.45455334964992 41.385175777946046
v 11.967004532431265 43.05840899764385 42.063921601276164
v 12.0 44.0 23.0
v 11.900686247246709 44.213784476068795 23.50574320717457
v 11.580701321243247 44.402746340291095 24.60728304134091
v 11.407470968714383 44.575224659683364 25.420963714648817
v 11.190008978084109 44.68286591328568 26.395653026372205
v 11.098340510302352 44.96977059114565 27.512996877689307
v 11.007997902158639 44.986795867981655 28.047504532082435
v 11.007997902158639 44.986795867981655 35.95249546791756
v 11.09834051121428 44.969770591278966 36.48700312075315
v 11.190008978391084 44.68286591410095 37.60434697301104
v 11.407470969001423 44.575224659768 38.57903628544195
v 11.58070132196147 44.40274634168479 39.392716958854066
v 11.900686249702282 44.21378447850626 40.49425678577579
v 12.0 44.0 41.0
v 11.942323545883257 45.08710759839958 24.84394685226066
v 11.80598941371469 45.27188985372783 25.56986945672616
v 11.600275171786098 45.41818681101117 26.592457380226442
v 11.436575812743465 45.50691435935963 27.495832379985707
v 11.300954740930745 45.56941888027678 28.411618714240905
v 11.232467061605432 45.69223730315171 29.4414497937809
v 11.205768497476594 45.802776160450456 30.476672914062696
v 11.193952716885992 45.85882137251476 31.494167418064315
v 11.193952716916018 45.85882137256612 32.50583258184701
v 11.205768497494622 45.80277616046406 33.52332708559993
v 11.23246706158547 45.69223730300856 34.558550205992354
v 11.300954740980428 45.56941888034905 35.58838128557263
v 11.436575812982287 45.506914359462826 36.50416762015055
v 11.600275171270495 45.41818681125553 37.40754262000024
v 11.805989413948126 45.2718898554999 38.430130540756345
v 11.942323545883257 45.08710759839958 39.156053147739335
v 11.967004532431265 46.04643300438543 26.878448886608684
v 11.848728093309813 46.10444822491023 27.504583415665174
v 11.755390881925859 46.267315207302374 28.554229389344084
v 11.696589276297564 46.395718146043315 29.565087401666304
v 11.660950563722727 46.481982868250086 30.54941679036801
v 11.644525630866408 46.525880873130326 31.519325529543906
v 11.644525630866523 46.52588087313024 32.4806744704686
v 11.660950563704855 46.48198286823999 33.45058320989721
v 11.696589276423573 46.395718146091625 34.43491259848256
v 11.755390882146214 46.26731520796469 35.44577060916634
v 11.848728095486722 46.104448226223056 36.495416578768804
v 11.967004532431265 46.04643300438543 37.12155111339132
v 12.0 47.0 32.0
v 12.0 47.0 32.0
v 12.96533909507626 17.953566995614565 39.950941399230345
v 12.96533909507626 17.953566995614565 40.07883776795185
v 12.047504532082437 18.984013130017644 38.992725288929876
v 12.606973773634246 18.156188684411482 39.42125452456001
v 12.612093748686148 18.595239341527222 40.35793209194161
v 12.879150320936844 18.82626128993171 41.24610706119517
v 12.387658904211245 19.59898122124203 38.80817262039473
v 13.213929086849411 17.75845670109026 39.84715729394689
v 12.19195526706326 19.427702011226337 40.66142888877015
v 12.455480338135596 19.56293124004902 41.42687093847565
v 12.885212481967248 19.704938023462677 42.430366466638894
v 12.494313093054433 20.5148033529714 38.420440223480504
v 12.063203188448242 20.297725290947895 41.537418593443334
v 12.495935089351521 20.44135050900737 42.55981109895504
v 12.890568344519208 20.592172661865128 43.407827338232245
v 12.413115528662953 21.69608138046964 37.80936271469426
v 12.516012074342758 21.06317774374608 38.151521695298186
v 12.081278814748378 21.31199698229315 42.68800301838482
v 12.495935089039067 21.4401889006701 43.558649490146436
v 12.885212481998126 21.569633533955674 44.29506197641736
v 12.047504532082437 22.98679586798166 36.99200209784136
v 12.52550526764004 22.495132596665204 37.38490560613421
v 12.063203188707085 22.462581406027798 43.702274709332386
v 12.455480338276276 22.573129060908208 44.43706876000803
v 12.879150320936844 22.753892938804828 45.173738710068285
v 12.411618713732695 23.56941888079424 36.699045258850816
v 12.714171198749103 23.074692643783436 37.04719173914336
v 12.191955267382836 23.338571111363958 44.57229798887562
v 12.612093748091409 23.64206790805322 45.40476065751118
v 12.96533909507626 23.92116223204814 46.04643300438543
v 12.469097013282866 24.832184526013 35.81813463240446
v 12.554229388820827 24.267315207553853 36.24460911775071
v 12.067520152735867 24.177280185593993 44.894061344945015
v 12.444232258172217 24.38709690561121 45.6044987506127
v 12.833405341828588 24.539065177640357 46.22151212743515
v 12.5 25.928114486799256 34.93992034688549
v 12.603809800185315 25.460722611199756 35.36312015516889
v 12.170809740830489 25.424880373444804 45.74243635344559
v 12.589941837376934 25.622781271966723 46.4235190676829
v 12.97399447475928 25.922770083138836 47.032615826397354
v 12.190247709088812 26.96006945675912 33.96238238733135
v 12.556648931693925 26.451238932846454 34.52187385928818
v 12.059055346564346 26.211782219942016 45.91427528541778
v 12.457026465041364 26.419866102327727 46.575489355597085
v 12.860508569069037 26.49912084714009 47.12105784468533
v 12.190247709088812 27.962382387331353 32.960069456759115
v 12.49623331841282 27.510314594590874 33.51031459458786
v 12.85691437575548 27.028933012271487 34.02739016348034
v 12.261131043774999 27.393540587322306 46.64658740541992
v 12.728683600428752 27.574734457309766 47.30818809831281
v 12.5 28.939920346885494 31.928114486799252
v 12.556648933019694 28.521873859068066 32.4512389327712
v 12.85691437575548 28.02739016348034 33.02893301227149
v 12.18186536747087 28.46909701504323 46.83218452621438
v 12.636879844838711 28.603809801537913 47.46072261155793
v 12.469097017778578 29.81813463233763 30.832184526196706
v 12.603809801833464 29.363120155470373 31.46072261156681
v 12.082271452257821 29.5 46.88890232517633
v 12.52081970728483 29.532462744695376 47.49354846051135
v 12.96533909507626 29.733226538152678 48.04086815687333
v 12.047504532082437 30.992002097841358 28.98679586798166
v 12.411618713669956 30.699045259060412 29.56941888038094
v 12.554229387429821 30.2446091177559 30.26731520796259
v 12.031588792803426 30.5 46.9573419617421
v 12.43293703626098 30.498237632835277 47.508040893408044
v 12.928563739777596 30.5 48.08422885349665
v 12.413115530217915 31.80936271462081 27.696081380110634
v 12.525505266986515 31.38490560604526 28.49513259691192
v 12.714171198749103 31.047191739143358 29.074692643783436
v 12.008415109640897 31.333333333333332 46.9886359057859
v 12.373086900853489 31.5016930994023 47.49718259956739
v 12.902647141972794 31.5 48.114785847479986
v 12.047504532082437 32.992725288929876 24.98051841016258
v 12.387658902413882 32.80817262028881 25.598981221805932
v 12.494313093194323 32.42044022347963 26.51480335313098
v 12.516012076143655 32.151521696122025 27.063177743527554
v 12.008415109640897 32.666666666666664 46.9886359057859
v 12.373086900850847 32.498306900642405 47.49718259956836
v 12.902647141972794 32.5 48.114785847479986
v 12.142628478607906 33.97910424924104 21.909382405719615
v 12.380325961321493 33.833965241222565 22.64948603659948
v 12.498722973819865 33.60016539802179 23.50204053953739
v 12.534960538562476 33.2744091220214 24.471629868948074
v 12.714171198749103 33.0432416356558 25.105809022456686
v 12.031588792803424 33.5 46.9573419617421
v 12.432937036254074 33.50176236726688 47.508040893399
v 12.928563739777596 33.5 48.08422885349665
v 13.963881357974435 35.061549845357995 15.156140935218719
v 11.997244214916078 34.68699318946207 17.751634600242504
v 12.498821798638607 34.63713257472342 18.500871609613743
v 12.498266107202268 34.514827907063925 19.501733892897867
v 12.496817335345952 34.35046553984685 20.504022553626058
v 12.61594198018794 34.19044193872936 21.362766269663
v 12.809295145274572 34.0276929402614 22.10293260413666
v 12.082271452257821 34.5 46.88890232517633
v 12.520819707438799 34.46753725522028 47.493548460575106
v 12.96533909507626 34.26677346184732 48.04086815687333
v 13.528326274301381 36.99264911761335 15.898366983641267
v 11.305151608683444 36.50500776056383 18.665133595860283
v 12.181865367431882 35.53090298540173 46.832184526067095
v 12.636879844625234 35.39619019961908 47.46072261143086
v 12.728683600442087 36.4252655424639 16.691811901937797
v 12.261131043735952 36.60645941375707 17.35341259464189
v 12.261131043814956 36.60645941348443 46.64658740561729
v 12.728683600088132 36.42526554164577 47.30818809742772
v 12.860508569145336 37.500879149672734 16.878942154884193
v 12.457026464936439 37.580133897493404 17.42451064456052
v 12.059055346564346 37.788217780057984 18.08572471458222
v 12.059055346564346 37.788217780057984 45.91427528541778
v 12.457026464784596 37.580133897660055 46.57548935523765
v 12.860508569668367 37.50087915147557 47.121057844711814
v 12.97399447475928 38.07722991686116 16.96738417360264
v 12.589941837809318 38.37721872714453 17.576480931921065
v 12.170809741190263 38.575119624970874 18.25756364637816
v 12.170809741458967 38.575119627872795 45.742436356201274
v 12.589941838400762 38.37721872685275 46.42351906900682
v 12.97399447475928 38.07722991686116 47.032615826397354
v 12.833405340015913 39.46093482557324 17.77848787645074
v 12.444232257624936 39.61290309448836 18.39550125030558
v 12.067520152735867 39.822719814406 19.105938655054985
v 12.067520152735867 39.822719814406 44.894061344945015
v 12.444232257709759 39.61290309700304 45.60449875010574
v 12.833405340454899 39.46093482570611 46.221512124034035
v 12.96533909507626 40.07883776795185 17.953566995614565
v 12.612093748660936 40.35793209152232 18.595239341335095
v 12.191955267063443 40.661428888768896 19.427702011224
v 12.191955267429774 40.66142889050915 44.57229798879489
v 12.612093749591416 40.35793209225713 45.40476066002647
v 12.96533909507626 40.07883776795185 46.04643300438543
v 12.879150320936844 41.24610706119517 18.82626128993171
v 12.455480338292164 41.426870939503985 19.56293124045995
v 12.06320318844919 41.53741859344341 20.297725290947657
v 12.06320319019528 41.53741859689249 43.702274710944124
v 12.455480338545266 41.42687093965439 44.43706875978371
v 12.879150320936844 41.24610706119517 45.173738710068285
v 12.885212481967928 42.43036646663959 19.704938023462308
v 12.495935089162625 42.55981109837665 20.441350508702772
v 12.081278813985339 42.688003015535365 21.31199698092224
v 12.081278811124532 42.68800301448262 42.6880030087861
v 12.495935088919069 42.55981109905197 43.55864949219164
v 12.885212480637739 42.4303664635838 44.29506197473579
v 12.890568344619085 43.407827338539555 20.592172662018935
v 12.495935089418055 43.558649491352405 21.440188901247776
v 12.063203188706769 43.70227470933223 22.46258140602776
v 12.06320319019528 43.702274710944124 41.53741859689249
v 12.495935090106883 43.558649490322914 42.559811097380255
v 12.890568344540428 43.40782733786709 43.4078273375867
v 12.88521248185111 44.2950619760968 21.569633533580237
v 12.455480338024977 44.4370687594846 22.57312906052463
v 12.191955267531643 44.57229798935944 23.338571111169717
v 12.067520152735867 44.894061344945015 24.177280185593993
v 12.067520152735867 44.894061344945015 39.822719814406
v 12.191955267427643 44.572297988792926 40.6614288905068
v 12.455480338229693 44.437068761771094 41.426870939312494
v 12.885212480640458 44.29506197473783 42.430366463585926
v 12.879150320936844 45.173738710068285 22.753892938804828
v 12.612093748873848 45.404760659369835 23.642067908228515
v 12.444232257685735 45.604498749724556 24.387096904516326
v 12.170809741102206 45.74243635379154 25.42488037354216
v 12.059055346564346 45.91427528541778 26.211782219942016
v 12.059055346564346 45.91427528541778 37.788217780057984
v 12.17080974031334 45.74243635526891 38.57511962785115
v 12.44423225773886 45.60449874985826 39.61290309659268
v 12.61209374839829 45.404760658455146 40.35793209236826
v 12.879150320936844 45.173738710068285 41.24610706119517
v 12.96533909507626 46.04643300438543 23.92116223204814
v 12.833405338930818 46.221512122535906 24.539065174347773
v 12.589941837964705 46.42351906878434 25.622781272311414
v 12.457026464848735 46.575489355400485 26.41986610223132
v 12.261131043635155 46.646587405291484 27.39354058649438
v 12.18186536728284 46.83218452599479 28.469097014761907
v 12.082271452257821 46.88890232517633 29.5
v 12.031588792803426 46.9573419617421 30.5
v 12.008415109640897 46.9886359057859 31.333333333333332
v 12.008415109640897 46.9886359057859 32.666666666666664
v 12.031588792803424 46.9573419617421 33.5
v 12.082271452257821 46.88890232517633 34.5
v 12.181865367435906 46.83218452606428 35.530902985399884
v 12.261131043724754 46.646587405335424 36.60645941191292
v 12.457026465050197 46.57548935583521 37.580133896674184
v 12.5899418377271 46.4235190674426 38.377218727080745
v 12.833405339138139 46.221512125099814 39.4609348253329
v 12.96533909507626 46.04643300438543 40.07883776795185
v 12.97399447475928 47.032615826397354 25.922770083138836
v 12.860508570907673 47.12105784681393 26.49912084873517
v 12.72868360026521 47.30818809830897 27.574734457010496
v 12.636879844615136 47.46072261132592 28.603809800515563
v 12.520819707354589 47.49354846062392 29.532462744667814
v 12.432937036286951 47.50804089344942 30.49823763287285
v 12.373086900855272 47.497182599574884 31.50169309939623
v 12.373086900848081 47.497182599567715 32.49830690061593
v 12.432937036253634 47.50804089341922 33.50176236739129
v 12.52081970730046 47.49354846053951 34.467537254940055
v 12.6368798445451 47.46072261136619 35.396190198565535
v 12.728683601005168 47.30818809891171 36.425265544055534
v 12.86050856829114 47.121057843598365 37.50087915733793
v 12.97399447475928 47.032615826397354 38.07722991686116
v 12.96533909507626 48.04086815687333 29.733226538152678
v 12.928563739777596 48.08422885349665 30.5
v 12.902647141972794 48.114785847479986 31.5
v 12.902647141972794 48.114785847479986 32.5
v 12.928563739777596 48.08422885349665 33.5
v 12.96533909507626 48.04086815687333 34.26677346184732
v 13.953694736935716 16.941745000819132 39.97212705122385
v 11.52684820655065 19.28613640969506 39.18664781267105
v 13.97553257717719 16.90378497674962 40.04888509655795
v 13.234315099978495 17.632933114767162 40.07228809537503
v 13.785062415371263 17.678211874545703 41.40579058845138
v 13.954384432126183 17.94198111128106 42.079870819546926
v 13.037701917736086 18.404784960967078 39.41988863838924
v 13.115987630037552 18.159594623265043 40.745504434618525
v 13.389296582920657 18.373750721054837 41.66509443613303
v 13.58682099117397 18.60912887415624 42.34853358799726
v 13.899876243007087 18.863330053606692 43.16018524981179
v 13.443182980323487 19.82532811508461 38.851166185853494
v 13.368467240803447 18.928861355502136 39.210305875593555
v 13.04446205673842 19.066130068062684 41.91277372786183
v 13.197946062241742 19.40780858674254 42.64805160368177
v 13.483254245005893 19.619829667247796 43.3726090825651
v 13.881763297242383 19.825834271180398 44.174165728819595
v 13.498292659476265 20.50473571918572 38.55911794233851
v 13.008877407970553 20.014364126304457 42.984254949547775
v 13.12137200866621 20.400639587338997 43.59936041416176
v 13.483254244281719 20.62739091804573 44.38017033233222
v 13.899876243007087 20.8398147501882 45.1366699463933
v 13.473795935094465 21.909887083024255 37.84009651344
v 13.550498506836139 21.226455750813958 38.20884281546004
v 13.008877407970553 21.015745050452217 43.98563587369554
v 13.197946061880986 21.35194839608456 44.59219141285112
v 13.586820991230603 21.651466412961838 45.39087112628478
v 13.954384432126183 21.920129180453074 46.058018888718934
v 13.49689214725237 22.511099152517406 37.511700736917035
v 13.04446205673842 22.08722627213816 44.93386993193731
v 13.389296581825523 22.33490556321531 45.626249277297084
v 13.785062414736547 22.59420941039965 46.32178812377709
v 13.441449793469129 23.692237303285776 36.7675329384263
v 13.50856716873444 23.062543890189147 37.174829551663436
v 13.115987630037552 23.254495565381475 45.84040537673495
v 13.480754753802964 23.503273422509814 46.50141996994572
v 13.890816222426189 23.764233955319515 47.130010278750945
v 13.5 24.88890232517633 35.91772854774218
v 13.565087402359097 24.395718145970125 36.30341072367704
v 13.235432323732189 24.36994491432365 46.664136877212876
v 13.699185825098487 24.63299122601283 47.368733282761866
v 13.066559871486009 25.989377878582278 34.99112259202944
v 13.5324627443161 25.49354846071186 35.479180292697485
v 13.089110279403956 25.256103416472172 46.885934283106856
v 13.479475108889579 25.505292279381063 47.50121192564038
v 13.918017503116923 25.76886079059499 48.09177673193532
v 13.446677306117799 26.563729614367723 34.56584298384616
v 13.733226538152675 26.04086815687333 35.03466090492374
v 13.303329258285334 26.362148259308768 47.62262983848772
v 13.776883171337461 26.549185959695738 48.23150142402999
v 13.412452876787912 27.590549063385968 33.590549063498095
v 13.5 27.079455200838307 34.07521859071778
v 13.177092613010693 27.467028261067586 47.823215079450925
v 13.639040877335802 27.611329655784846 48.40274430040073
v 13.066559871486009 28.991122592029445 31.989377878582278
v 13.44667730506891 28.56584298387639 32.56372961431532
v 13.5 28.075218590717782 33.07945520083831
v 13.060079653114506 28.5 47.92811448679925
v 13.47812614087641 28.556648933895122 48.451238932785785
v 13.972609836519656 28.85691437575548 49.02893301227148
v 13.5 29.91772854774218 30.88890232517633
v 13.53246274500665 29.479180292777766 31.49354846068986
v 13.733226538152675 29.03466090492374 32.04086815687333
v 13.008877407970553 29.06655987148601 47.989377878582275
v 13.434157016112904 29.44667730542003 48.56372961420856
v 13.924781409282216 29.5 49.07945520083831
v 13.441449795258778 30.767532938375446 29.692237303253176
v 13.56508740149556 30.30341072363481 30.39571814613453
v 13.352579422638911 30.451633982766236 48.59390213563034
v 13.849491594478481 30.501272947175895 49.13201810153111
v 13.473795928946327 31.840096513109465 27.909887082753055
v 13.496892147072904 31.51170073683891 28.51109915232855
v 13.508567163985235 31.174829552116044 29.062543890643067
v 13.328442190136288 31.485606593974506 48.62905618128641
v 13.822734657945555 31.501978776735395 49.16203576600952
v 13.443182978458893 32.8511661857052 25.82532811511859
v 13.498292659177364 32.55911794233844 26.504735719345824
v 13.550498505661256 32.20884281519415 27.226455750871807
v 13.328442190136288 32.51439340601977 48.62905618128895
v 13.822734657919618 32.498021223283 49.16203576598358
v 13.432948859509008 33.911509088615205 22.84810233560516
v 13.500176291748026 33.728254518628844 23.498667378029232
v 13.496510649743044 33.384029536764565 24.510712105954273
v 13.53966729148027 33.160189407984134 25.098627818339807
v 13.35257942262079 33.54836601734972 48.59390213562566
v 13.849491594372475 33.498727050995825 49.13201810139902
v 13.934952567290761 34.930734150794784 14.969563553257572
v 14.424035129324945 34.97712411706431 14.644224437558206
v 13.173136839961792 34.87735389128757 16.330680417013333
v 13.499017766744794 34.83938065062902 17.500601683099614
v 13.499181668400437 34.75869875686324 18.500818331600534
v 13.499128390322287 34.637132574724205 19.501178201301887
v 13.498525721383382 34.47388913670876 20.50253021683557
v 13.496973425787615 34.26769293921781 21.506406530745558
v 13.566529391613368 34.112645201720774 22.15694225973016
v 13.008877407970553 34.933440128513986 47.989377878582275
v 13.434157016108733 34.55332269481602 48.563729614222545
v 13.924781409282215 34.5 49.07945520083831
v 13.972609836519656 35.14308562424452 14.97106698772851
v 14.150423555564153 36.29369413246548 15.041398658876616
v 13.103469470849237 35.5 16.086720196671173
v 13.060079653114506 35.5 47.92811448679925
v 13.47812614095724 35.44335106720282 48.45123893296375
v 13.972609836519656 35.14308562424452 49.02893301227148
v 13.639040877173585 36.38867034315675 15.597255699890843
v 13.177092612907854 36.53297174168559 16.17678491965196
v 13.177092614130034 36.532971742125916 47.82321508089811
v 13.639040876878793 36.38867034518303 48.40274430017979
v 13.77688317081456 37.45081404400971 15.768498576107673
v 13.303329258032912 37.63785174249394 16.377370161651157
v 13.303329257798328 37.63785174200388 47.62262983821932
v 13.776883170093276 37.450814042480715 48.23150142388288
v 13.918017503116923 38.23113920940501 15.908223268064683
v 13.479475109222323 38.49470772020025 16.498788074055767
v 13.089110279403956 38.74389658352783 17.114065716893137
v 13.089110279403956 38.74389658352783 46.885934283106856
v 13.479475110059544 38.49470772034292 47.501211926462375
v 13.918017503116923 38.23113920940501 48.09177673193532
v 13.699185824767767 39.3670087740353 16.631266718337727
v 13.235432323777399 39.63005508594175 17.33586312323837
v 13.235432323279413 39.630055086557704 46.66413687743378
v 13.699185824784212 39.36700877256727 47.368733281472984
v 13.890816222426189 40.23576604468048 16.86998972124906
v 13.48075475378591 40.49672657634933 17.498580029257422
v 13.115987630037552 40.745504434618525 18.159594623265043
v 13.115987630037552 40.745504434618525 45.84040537673495
v 13.480754753141126 40.49672657543033 46.5014199683898
v 13.890816222426189 40.23576604468048 47.130010278750945
v 13.785062415577109 41.40579058965639 17.67821187498667
v 13.389296582914703 41.66509443602013 18.373750720880015
v 13.04446205673842 41.91277372786183 19.066130068062684
v 13.04446205673842 41.91277372786183 44.93386993193731
v 13.389296583666493 41.66509443491376 45.6262492790609
v 13.785062415425008 41.405790588296945 46.32178812468019
v 13.954384432126183 42.079870819546926 17.94198111128106
v 13.586820991018461 42.348533587138895 18.60912887381805
v 13.197946061993179 42.64805160265784 19.407808586296806
v 13.008877407970553 42.984254949547775 20.014364126304457
v 13.008877407970553 42.984254949547775 43.98563587369554
v 13.197946062310436 42.64805160486012 44.59219141420863
v 13.58682099054817 42.348533588621144 45.3908711256245
v 13.954384432126183 42.079870819546926 46.058018888718934
v 13.899876243007087 43.16018524981179 18.863330053606692
v 13.483254245005874 43.37260908256506 19.619829667247785
v 13.121372008440016 43.599360413428876 20.400639587032124
v 13.008877407970553 43.98563587369554 21.015745050452217
v 13.008877407970553 43.98563587369554 42.984254949547775
v 13.121372008524434 43.59936041361774 43.59936041566668
v 13.483254245216678 43.37260907945466 44.380170333131176
v 13.899876243007087 43.16018524981179 45.1366699463933
v 13.881763297242383 44.174165728819595 19.825834271180398
v 13.483254244017605 44.380170331765605 20.627390917653454
v 13.19794606176023 44.59219141234821 21.351948396196864
v 13.04446205673842 44.93386993193731 22.08722627213816
v 13.04446205673842 44.93386993193731 41.91277372786183
v 13.197946061476808 44.59219141316811 42.64805160328889
v 13.483254243536289 44.38017033153851 43.37260907998618
v 13.881763297242383 44.174165728819595 44.174165728819595
v 13.899876243007087 45.1366699463933 20.8398147501882
v 13.586820990699541 45.390871125188006 21.651466412217236
v 13.389296582487626 45.62624927830597 22.334905564378214
v 13.115987630037552 45.84040537673495 23.254495565381475
v 13.115987630037552 45.84040537673495 40.745504434618525
v 13.389296582908212 45.62624928014495 41.66509443324306
v 13.586820990066608 45.39087112509396 42.34853358629084
v 13.899876243007087 45.1366699463933 43.16018524981179
v 13.954384432126183 46.058018888718934 21.920129180453074
v 13.785062415954634 46.321788126384 22.59420941139186
v 13.48075475352713 46.5014199697474 23.503273421754304
v 13.235432323111041 46.66413687612829 24.36994491317808
v 13.089110279403956 46.885934283106856 25.256103416472172
v 13.089110279403956 46.885934283106856 38.74389658352783
v 13.23543232472672 46.66413687791953 39.630055084164205
v 13.480754753927355 46.50141996976026 40.49672657736007
v 13.78506241759918 46.32178812561257 41.405790588401885
v 13.954384432126183 46.058018888718934 42.079870819546926
v 13.890816222426189 47.130010278750945 23.764233955319515
v 13.699185824490087 47.368733281389574 24.632991225356736
v 13.479475109399377 47.501211926203496 25.50529228002229
v 13.303329258118536 47.622629838412564 26.362148258170347
v 13.177092613294395 47.823215080471314 27.467028257541486
v 13.060079653114506 47.92811448679925 28.5
v 13.008877407970553 47.989377878582275 29.06655987148601
v 13.008877407970553 47.989377878582275 34.933440128513986
v 13.060079653114506 47.92811448679925 35.5
v 13.177092614112967 47.82321508024296 36.53297174370601
v 13.303329257934273 47.62262983781042 37.63785174158982
v 13.479475109769552 47.50121192630371 38.49470772108654
v 13.699185824784667 47.36873328147261 39.36700877256788
v 13.890816222426189 47.130010278750945 40.23576604468048
v 13.918017503116923 48.09177673193532 25.76886079059499
v 13.776883170357438 48.23150142348717 26.549185957151632
v 13.639040877012945 48.40274429989675 27.611329655250664
v 13.478126140626118 48.45123893270296 28.55664893263013
v 13.434157016121073 48.56372961421166 29.44667730548196
v 13.352579422565409 48.593902135544106 30.451633982508067
v 13.328442190140512 48.62905618129013 31.485606593906986
v 13.328442190143614 48.62905618129671 32.51439340610862
v 13.352579422614314 48.59390213555771 33.54836601730045
v 13.434157015988966 48.56372961424017 34.553322695158165
v 13.478126140779391 48.45123893284433 35.44335106755569
v 13.639040877006739 48.40274430018336 36.38867034489113
v 13.776883172131575 48.23150142475641 37.450814045154026
v 13.918017503116923 48.09177673193532 38.23113920940501
v 13.972609836519656 49.02893301227148 28.85691437575548
v 13.924781409282216 49.07945520083831 29.5
v 13.849491594270763 49.13201810124287 30.50127294630558
v 13.82273465794905 49.162035766001615 31.50197877673539
v 13.822734657909663 49.16203576595838 32.498021223282414
v 13.84949159459296 49.132018101675335 33.49872705401363
v 13.924781409282215 49.07945520083831 34.5
v 13.972609836519656 49.02893301227148 35.14308562424452
v 14.5 16.93717069938571 39.973875842294085
v 14.696391125734504 16.237613286646003 40.42988821040197
v 14.651651694040897 16.581766926469008 41.31682756103079
v 14.894237432306868 16.880777477281516 42.17530190383537
v 14.500434326688731 17.4969508856454 39.81299911650193
v 14.047041744530251 17.05691524929111 40.81484756063538
v 14.20003028473674 17.296943187368576 41.609893567339086
v 14.487884264268528 17.53001646680668 42.45673336510531
v 14.842447320125817 17.784397508638595 43.3457536485064
v 14.498559538466246 18.50692791256014 39.47097938861743
v 14.123139127922322 18.176662285329954 42.6976157680463
v 14.483744144319697 18.422037060243635 43.58562134589911
v 14.82995815038794 18.68250351849379 44.377571829334336
v 14.492132287878281 19.926422093344797 38.89322203613544
v 14.545495004229142 19.241705891320834 39.189706525307166
v 14.113229476221315 19.159167604513733 43.82685191647846
v 14.484326396514383 19.377738555178826 44.62226144431814
v 14.829958148044602 19.622428169714794 45.31749647853595
v 14.499830017231345 20.498633417042956 38.650616082728604
v 14.113229476221315 20.173148083521532 44.84083239548626
v 14.483744144230798 20.414378652661895 45.577962938851755
v 14.842447321454564 20.654246349692173 46.21560249180399
v 14.5 21.88125598542908 37.93700763944557
v 14.545157969453046 21.34728195561751 38.23670968603924
v 14.123139128547908 21.30238423552943 45.82333771862583
v 14.487884263698636 21.543266633910676 46.46998353152379
v 14.894237432306868 21.824698096164628 47.11922252271848
v 14.499362516195012 22.500702950461708 37.610770979808144
v 14.200030284963214 22.39010643101368 46.70305681206384
v 14.651651694104041 22.68317244032775 47.41823307394308
v 14.476672915038721 23.802776160534783 36.794231502536654
v 14.517144088612827 23.153509264849585 37.213446322458246
v 14.047041744530251 23.097567288652847 46.94308475070889
v 14.472563039732524 23.34988728380718 47.602985894698435
v 14.872561822553704 23.53792034142894 48.1325505124855
v 14.5 24.957341961742106 35.968411207196574
v 14.54941678976061 24.481982868256907 36.339049436284846
v 14.158559663406976 24.459213338592352 47.81409933971056
v 14.612499149610208 24.675030627322734 48.416710925907196
v 14.498237632613383 25.508040893406115 35.567062963729406
v 14.037617612668644 25.10219412392832 47.95745814255875
v 14.466711224073872 25.40517325191921 48.57033483189674
v 14.894237432306868 25.71772225629306 49.10576256769313
v 14.451633982613759 26.593902135575746 34.64742057734499
v 14.5 26.084228853496647 35.071436260222406
v 14.265736240965087 26.40638756925694 48.71885382982354
v 14.741150879180902 26.564739570737807 49.25884912101547
v 14.45775811075742 27.649889107658193 33.64988910768137
v 14.50127294696116 27.132018101884587 34.150508405358266
v 14.119054770204569 27.500709739123003 48.888946700027766
v 14.588403161570286 27.62272688632548 49.41159683818615
v 14.451633982577558 28.647420577378 32.59390213560619
v 14.501272947846248 28.15050840547692 33.13201810143511
v 14.037617612668644 28.190247709088812 48.960069456759115
v 14.489685405631848 28.49623331847488 49.51031459439772
v 14.97106698772851 28.85691437575548 50.02739016348034
v 14.5 29.968411207196574 30.957341961742106
v 14.498237632814101 29.567062963732425 31.508040893417395
v 14.5 29.071436260222406 32.08422885349665
v 14.40945093656085 29.41245287546369 49.590549063437265
v 14.920544799161693 29.5 50.07521859071778
v 14.476672915931601 30.794231502559743 29.802776160620226
v 14.54941679075843 30.33904943629403 30.48198286825147
v 14.35011089236969 30.45775811128514 49.649889107696744
v 14.867981898374918 30.501272947318068 50.15050840537822
v 14.5 31.937007639445568 27.88125598542908
v 14.499362515920721 31.610770979774053 28.500702950456713
v 14.517144088039899 31.213446322406362 29.153509264705594
v 14.320950507437864 31.48762385548364 49.679049492562136
v 14.837964234029387 31.501978776826682 50.17726534210632
v 14.492132287847674 32.89322203628927 25.926422093548837
v 14.499830017215784 32.65061608272389 26.49863341704989
v 14.5451579689805 32.236709686051 27.347281955572644
v 14.320950507452391 32.512376144328165 49.679049492574904
v 14.83796423408032 32.498021223327825 50.177265342146995
v 14.5 33.973875842294085 22.904216355825117
v 14.500434326650746 33.81299911649453 23.496950885548
v 14.498559538762924 33.47097938863264 24.506927912591028
v 14.545495004248153 33.18970652532387 25.2417058912936
v 14.3501108923748 33.54224188875575 49.6498891076993
v 14.867981898411912 33.49872705242326 50.150508405433705
v 14.969563553257572 34.930734150794784 13.934952567290761
v 14.439195846855071 34.938216923846355 14.439195846855911
v 14.036043147924037 34.93209654992548 15.035201555193
v 14.499063471443867 34.95992655958273 16.500314267202832
v 14.499200596377268 34.91980283722278 17.50079940362323
v 14.499398316872005 34.83938065062761 18.500982233270467
v 14.499509548048401 34.718256438299946 19.501073543354014
v 14.499328218537155 34.5556955328203 20.501854872278486
v 14.498605688346029 34.350492867385135 21.504815411922564
v 14.586557054294186 34.14372493338057 22.360391352022226
v 14.40945093656085 34.58754712451182 49.59054906343538
v 14.920544799161693 34.5 50.07521859071778
v 14.97106698772851 35.14308562424452 13.972609836519656
v 14.489685405636408 35.50376668129736 14.48968540558265
v 14.037617612668644 35.809752290911185 15.039930543240882
v 14.037617612668644 35.809752290911185 48.960069456759115
v 14.489685405362348 35.5037666817192 49.51031459419415
v 14.97106698772851 35.14308562424452 50.02739016348034
v 14.588403161562828 36.37727311424055 14.58840316165029
v 14.119054767831559 36.49929025962044 15.111053301927905
v 14.119054768454456 36.49929026168884 48.88894670044051
v 14.588403162071188 36.37727311341372 49.41159683824766
v 14.741150879091638 37.43526042848034 14.741150879251839
v 14.265736240266099 37.59361243250318 15.281146170836294
v 14.265736240243113 37.593612429855895 48.718853829731785
v 14.74115088045082 37.43526043031991 49.258849120996146
v 14.894237432306868 38.282277743706935 14.894237432306868
v 14.466711224125316 38.59482674877114 15.429665168402588
v 14.037617612668644 38.89780587607167 16.042541857441247
v 14.037617612668644 38.89780587607167 47.95745814255875
v 14.46671122443533 38.59482674866265 48.57033483245469
v 14.894237432306868 38.282277743706935 49.10576256769313
v 14.612499149953688 39.32496937321417 15.583289074199332
v 14.158559664461011 39.54078666268875 16.185900658818014
v 14.158559663799025 39.54078666357522 47.8140993428893
v 14.612499149318772 39.32496937278222 48.41671092541207
v 14.872561820394706 40.46207966284684 15.867449492425202
v 14.472563040082795 40.65011271615353 16.397014105405503
v 14.047041744530251 40.902432711347146 17.05691524929111
v 14.047041744530251 40.902432711347146 46.94308475070889
v 14.47256304020635 40.650112716417496 47.60298589426603
v 14.872561824572307 40.462079660377256 48.13255051532962
v 14.651651693900861 41.31682755993908 16.581766926138926
v 14.200030284897956 41.60989356822148 17.296943187748457
v 14.200030283592971 41.609893566937515 46.703056809755076
v 14.651651691842625 41.316827560686846 47.41823307246241
v 14.894237432306868 42.17530190383537 16.880777477281516
v 14.487884264514774 42.45673336599736 17.53001646716899
v 14.123139128065212 42.697615768039626 18.176662285934466
v 14.123139123957401 42.69761577107227 45.82333772083083
v 14.48788426442623 42.456733365792005 46.46998353459576
v 14.894237432306868 42.17530190383537 47.11922252271848
v 14.842447320125682 43.3457536485064 17.7843975086389
v 14.483744145212611 43.58562134858355 18.422037061377623
v 14.113229476221315 43.82685191647846 19.159167604513733
v 14.113229476221315 43.82685191647846 44.84083239548626
v 14.483744145025266 43.58562134653193 45.57796294107859
v 14.842447314539033 43.345753644425265 46.21560248781813
v 14.82995815038807 44.37757182933407 18.682503518493466
v 14.48432639701566 44.62226144545773 19.37773855577109
v 14.113229476221315 44.84083239548626 20.173148083521532
v 14.113229476221315 44.84083239548626 43.82685191647846
v 14.484326396597464 44.62226144622383 44.622261444816516
v 14.829958147621191 44.37757182855197 45.317496483049304
v 14.829958148045641 45.317496478536725 19.622428169713753
v 14.48374414402613 45.57796293817014 20.41437865284027
v 14.12313912470008 45.82333771082291 21.30238422957187
v 14.123139127073589 45.82333771487868 42.69761575504068
v 14.483744143418928 45.5779629383754 43.585621343317726
v 14.829958147621191 45.317496483049304 44.37757182855405
v 14.842447321455564 46.215602491807374 20.654246349693295
v 14.487884264883911 46.46998353367282 21.54326663452497
v 14.200030284572492 46.70305681175801 22.390106431520458
v 14.047041744530251 46.94308475070889 23.097567288652847
v 14.047041744530251 46.94308475070889 40.902432711347146
v 14.200030284085402 46.70305681294814 41.60989356993072
v 14.487884265064894 46.46998353251653 42.45673336536612
v 14.84244731454234 46.21560248781826 43.34575364442235
v 14.894237432306868 47.11922252271848 21.824698096164628
v 14.651651694226281 47.4182330739735 22.683172439993672
v 14.472563040179878 47.60298589460432 23.349887285043973
v 14.158559663408992 47.81409933971554 24.45921333859618
v 14.037617612668644 47.95745814255875 25.10219412392832
v 14.037617612668644 47.95745814255875 38.89780587607167
v 14.158559662986086 47.81409934197374 39.54078665964812
v 14.472563039573489 47.602985894716625 40.650112715632055
v 14.651651694608855 47.418233076664706 41.31682756131352
v 14.894237432306868 47.11922252271848 42.17530190383537
v 14.87256182227322 48.132550510779495 23.537920341400824
v 14.612499149479518 48.416710925479215 24.675030626669216
v 14.466711223946742 48.57033483171941 25.405173251596207
v 14.265736240443195 48.718853829907054 26.406387569315232
v 14.119054769084343 48.888946698352996 27.500709741518474
v 14.037617612668644 48.960069456759115 28.190247709088812
v 14.037617612668644 48.960069456759115 35.809752290911185
v 14.119054768319183 48.88894669769214 36.499290265963275
v 14.265736239794352 48.718853827893675 37.59361243358779
v 14.466711224212387 48.57033483220163 38.59482674787826
v 14.612499149877536 48.41671092602597 39.32496937401772
v 14.872561824028198 48.13255051149693 40.46207965963107
v 14.894237432306868 49.10576256769313 25.71772225629306
v 14.741150879192329 49.2588491210252 26.564739570737967
v 14.588403161287017 49.411596838239554 27.622726885800713
v 14.489685405645021 49.51031459445561 28.49623331837353
v 14.409450936582502 49.59054906345811 29.41245287546247
v 14.350110892292085 49.649889107631815 30.457758111157975
v 14.3209505074307 49.67904949255673 31.487623855483516
v 14.320950507452595 49.679049492574684 32.512376144328144
v 14.350110892303498 49.64988910759956 33.54224188887554
v 14.409450936426111 49.59054906340966 34.587547124728914
v 14.489685405529187 49.51031459424604 35.503766682076815
v 14.588403162070193 49.41159683824534 36.37727311341262
v 14.741150879215866 49.25884912120854 37.43526042825106
v 14.894237432306868 49.10576256769313 38.282277743706935
v 14.97106698772851 50.02739016348034 28.85691437575548
v 14.920544799161693 50.07521859071778 29.5
v 14.867981898427637 50.150508405553666 30.501272946470525
v 14.837964234003747 50.17726534208491 31.501978776820717
v 14.837964234072707 50.17726534214149 32.49802122332276
v 14.86798189825182 50.15050840544511 33.49872705663458
v 14.920544799161693 50.07521859071778 34.5
v 14.97106698772851 50.02739016348034 35.14308562424452
v 15.349966712755407 15.349966712752881 40.44787276254642
v 15.579665565657802 15.579665565465222 41.28933853882776
v 15.867639159124273 15.867639159124273 42.20701088300862
v 15.5 16.98086194877136 39.9947805538762
v 15.246899058503441 15.994325459524909 40.42570911079872
v 15.150326685203403 16.174176411649636 41.536571149502144
v 15.47620679254477 16.4687560198474 42.54118798891508
v 15.803356104471169 16.77100432414966 43.45156353769464
v 16.0 17.0 44.0
v 15.50018846156183 17.496258154386382 39.8551858383742
v 15.100075819855675 17.114065716893137 42.84196857050203
v 15.440992558896282 17.35797478912093 43.702129202383965
v 15.695255306603736 17.592630204686618 44.3343845988437
v 15.95913184312667 17.953566995614565 45.04983365512752
v 15.49961914240675 18.505197746563177 39.514235142758075
v 15.039930543240882 18.048924867974016 43.94247225740316
v 15.296507667188314 18.36138755578108 44.66897834345407
v 15.609653045882842 18.64168732993049 45.35831267016201
v 15.95913184312667 18.95016634487248 46.04643300438543
v 15.5 19.88226591753178 38.950820927342825
v 15.518624235837622 19.319262779166408 39.20035334376659
v 15.01994853200794 19.026419231546136 44.97358076845386
v 15.296507667226479 19.331021657250144 45.63861244472418
v 15.69525530517788 19.66561540238439 46.407369795188224
v 16.0 20.0 47.0
v 15.500076623845665 20.495772883538475 38.696085823198224
v 15.039930543240882 20.05752774259684 45.951075132025984
v 15.440992558893099 20.297870796595717 46.64202520995102
v 15.803356103878352 20.548436460797756 47.2289956747958
v 15.5 21.924508173162828 37.959953715804886
v 15.51748224501336 21.409378694518885 38.248575053916646
v 15.100075819855675 21.15803142949796 46.885934283106856
v 15.476206791946158 21.45881200965048 47.53124397862349
v 15.867639159124273 21.79298911699138 48.13236084087573
v 15.499984355673726 22.4956959041411 37.65995069556685
v 15.150326685062982 22.46342885147127 47.825823588587134
v 15.57966556578381 22.71066146061145 48.420334434184376
v 15.494167418145583 23.858821372555326 36.80604728311837
v 15.507672870160924 23.201338530786675 37.230280164871786
v 15.009970070804032 23.019481589837415 47.989377878582275
v 15.420495114498266 23.2948169800514 48.57950488425655
v 15.867449492576243 23.537920337889314 49.12743817965613
v 15.5 24.99147692933943 35.99368866776933
v 15.51818345290997 24.525064510832962 36.35599941989944
v 15.135659028481603 24.4870721713459 48.86434097221305
v 15.583289074315969 24.675030627412138 49.38750085034992
v 15.499720054186927 25.498361913004405 35.62587866374834
v 15.01994853200794 25.051055589626394 48.980051467992055
v 15.429665168275376 25.405173251725444 49.533288776084625
v 15.908223268064683 25.76886079059499 50.08198249688307
v 15.485606593990182 26.629056181307128 34.671557809846405
v 15.5 26.11478584747999 35.09735285802721
v 15.281146170674822 26.40638756915328 49.73426375956557
v 15.768498575205404 26.549185955885015 50.22311683014773
v 15.487623855679614 27.67904949256442 33.67904949255318
v 15.501978776550809 27.16203576594252 34.177265342054554
v 15.11105330294867 27.500709736328908 49.88094523275249
v 15.597255699735406 27.61132965552332 50.360959122433584
v 15.485606593856176 28.67155780986709 32.62905618128955
v 15.501978777013948 28.177265342067482 33.16203576592797
v 15.039930543240882 28.190247709088812 49.962382387331346
v 15.548761067192757 28.55664893277945 50.52187385928935
v 15.5 29.993688667769327 30.99147692933943
v 15.499720054146453 29.625878663757685 31.49836191298636
v 15.5 29.097352858027204 32.114785847479986
v 15.436270385680315 29.44667730540874 50.56584298376759
v 15.95913184312667 29.733226538152678 51.03466090492374
v 15.494167418519584 30.80604728307748 29.858821372550953
v 15.518183452994464 30.35599941990121 30.52506451082611
v 15.406097864402396 30.451633982489334 50.64742057737574
v 15.915771146503353 30.5 51.071436260222406
v 15.5 31.959953715804886 27.924508173162828
v 15.49998435565764 31.659950695565076 28.4956959041388
v 15.507672870157634 31.230280164886175 29.20133853073211
v 15.370943818703266 31.485606593888164 50.671557809852544
v 15.88521415252001 31.5 51.09735285802721
v 15.5 32.95082092734283 25.88226591753178
v 15.50007662384636 32.696085823199624 26.4957728835393
v 15.517482244975552 32.248575053912205 27.409378694514587
v 15.370943818702042 32.51439340608808 50.67155780985105
v 15.88521415252001 32.5 51.09735285802721
v 15.5 33.9947805538762 22.98086194877136
v 15.500188461570076 33.8551858383747 23.496258154379703
v 15.49961914240533 33.514235142760526 24.50519774655954
v 15.518624235889153 33.20035334376695 25.319262779144555
v 15.406097864381953 33.54836601756039 50.64742057734115
v 15.915771146503353 33.5 51.071436260222406
v 14.644224437553945 34.977124117066836 14.424035129328715
v 15.035201555196357 34.93209654992562 14.036043147925334
v 15.499631341375192 34.999996301752695 15.499631341375183
v 15.49963134137441 34.99999630175271 16.500368658625177
v 15.499685732800012 34.959926559582726 17.50093652855439
v 15.499768601785139 34.87962340836323 18.501125965390017
v 15.499830129969322 34.75870458287099 19.501103617294824
v 15.499800486842418 34.59646528530874 20.501616359082213
v 15.49959535489039 34.39173656795204 21.504131113784485
v 15.536031849269238 34.15169746816309 22.47756458625837
v 15.43627038583494 34.553322695296266 50.56584298401276
v 15.95913184312667 34.26677346184732 51.03466090492374
v 15.041398658844024 36.293694132501386 14.150423555600419
v 15.039930543240882 35.809752290911185 14.037617612668644
v 15.039930543240882 35.809752290911185 49.962382387331346
v 15.548761067014228 35.443351066586665 50.52187385896543
v 15.597255700000327 36.3886703447545 13.639040877123929
v 15.11105330224277 36.49929026033848 14.119054768093605
v 15.111053303117647 36.49929026552168 49.88094523196548
v 15.597255700147876 36.38867034444269 50.36095912268873
v 15.768498575832613 37.45081404310168 13.77688317028016
v 15.28114617065014 37.59361243238615 14.26573623994708
v 15.28114617158918 37.59361243294706 49.734263759913546
v 15.768498574094473 37.45081404501815 50.223116828232214
v 15.908223268064683 38.23113920940501 13.918017503116923
v 15.429665168176642 38.59482674772459 14.466711224055945
v 15.01994853200794 38.9489444103736 15.01994853200794
v 15.01994853200794 38.9489444103736 48.980051467992055
v 15.429665167499167 38.59482674799773 49.53328877474815
v 15.908223268064683 38.23113920940501 50.08198249688307
v 15.583289074082742 39.32496937246615 14.612499149919184
v 15.135659027626861 39.5129278293551 15.135659027812101
v 15.135659027882562 39.5129278363346 48.864340973173306
v 15.583289073577822 39.324969375146274 49.387500850065386
v 15.867449492404512 40.462079661409454 14.872561820331821
v 15.420495115099344 40.70518301856691 15.420495115099344
v 15.009970070804032 40.98051841016258 16.01062212141772
v 15.009970070804032 40.98051841016258 47.989377878582275
v 15.420495115955223 40.70518301883826 48.57950488494994
v 15.86744949277509 40.462079663463456 49.127438179342796
v 15.579665565819496 41.28933853977177 15.579665565819496
v 15.15032668499755 41.53657114788961 16.174176411574603
v 15.150326684764307 41.53657114683163 47.825823586535336
v 15.579665567137562 41.289338539663824 48.42033443411785
v 15.867639159124273 42.20701088300862 15.867639159124273
v 15.476206792548954 42.541187988557425 16.468756020137743
v 15.100075819855675 42.84196857050203 17.114065716893137
v 15.100075819855675 42.84196857050203 46.885934283106856
v 15.476206792504374 42.54118798627855 47.53124397729391
v 15.867639159124273 42.20701088300862 48.13236084087573
v 15.80335610432754 43.45156353725084 16.77100432394936
v 15.440992558950251 43.702129202534074 17.35797478916358
v 15.039930543240882 43.94247225740316 18.048924867974016
v 15.039930543240882 43.94247225740316 45.951075132025984
v 15.440992559891658 43.70212920227546 46.642025210569564
v 15.803356105159159 43.45156353873392 47.22899567853558
v 16.0 44.0 17.0
v 15.69525530660345 44.334384598843485 17.59263020468685
v 15.296507667188463 44.668978343454036 18.361387555780855
v 15.01994853200794 44.97358076845386 19.026419231546136
v 15.01994853200794 44.97358076845386 44.97358076845386
v 15.296507667460054 44.66897834521155 45.638612447624794
v 15.69525530799155 44.334384598566274 46.40736979591785
v 16.0 44.0 47.0
v 15.95913184312667 45.04983365512752 17.953566995614565
v 15.609653046585004 45.35831267170807 18.641687330667256
v 15.29650766722618 45.638612444723954 19.331021657249547
v 15.039930543240882 45.951075132025984 20.05752774259684
v 15.039930543240882 45.951075132025984 43.94247225740316
v 15.296507667285221 45.63861244809858 44.66897834436436
v 15.609653047698254 45.35831267012764 45.358312669577806
v 15.95913184312667 45.04983365512752 46.04643300438543
v 15.95913184312667 46.04643300438543 18.95016634487248
v 15.69525530517902 46.407369795189865 19.66561540238453
v 15.44099255918752 46.642025210692466 20.29787079749442
v 15.100075819855675 46.885934283106856 21.15803142949796
v 15.100075819855675 46.885934283106856 42.84196857050203
v 15.440992558732471 46.64202520840659 43.702129203389006
v 15.695255305104839 46.40736979414201 44.33438459861495
v 15.95913184312667 46.04643300438543 45.04983365512752
v 16.0 47.0 20.0
v 15.803356103537807 47.228995674009 20.548436461015722
v 15.476206793190455 47.531243980248924 21.458812010565158
v 15.15032668502362 47.82582358809111 22.463428853503046
v 15.009970070804032 47.989377878582275 23.019481589837415
v 15.009970070804032 47.989377878582275 40.98051841016258
v 15.150326685513418 47.825823590146534 41.53657114782551
v 15.476206792493354 47.53124398118979 42.541187992374546
v 15.803356104408378 47.22899567396352 43.451563537720546
v 16.0 47.0 44.0
v 15.867639159124273 48.13236084087573 21.79298911699138
v 15.579665565350611 48.42033443372904 22.710661459396267
v 15.420495114842769 48.57950488492864 23.294816981217053
v 15.135659028640033 48.864340973351304 24.487072169539157
v 15.01994853200794 48.980051467992055 25.051055589626394
v 15.01994853200794 48.980051467992055 38.9489444103736
v 15.135659027883626 48.86434097317803 39.51292783633889
v 15.42049511541475 48.57950488433024 40.705183017493034
v 15.579665564517327 48.42033443374164 41.28933853877997
v 15.867639159124273 48.13236084087573 42.20701088300862
v 15.867449489825 49.127438175790694 23.537920337346186
v 15.583289074115266 49.38750085010067 24.675030626457726
v 15.429665168068155 49.53328877575737 25.405173251062493
v 15.281146170682288 49.73426375956712 26.40638756915183
v 15.111053302949335 49.880945232751685 27.500709736330542
v 15.039930543240882 49.962382387331346 28.190247709088812
v 15.039930543240882 49.962382387331346 35.809752290911185
v 15.11105330543346 49.8809452339101 36.499290266702346
v 15.281146171508123 49.734263759596026 37.59361243153185
v 15.429665168864608 49.5332887765952 38.59482674771346
v 15.583289073432512 49.387500849579375 39.324969373343095
v 15.867449492256243 49.12743817548275 40.462079662150224
v 15.908223268064683 50.08198249688307 25.76886079059499
v 15.768498575937558 50.22311682846035 26.549185957306435
v 15.597255699838456 50.360959122706724 27.61132965540642
v 15.548761067077287 50.52187385917378 28.556648932347507
v 15.436270385809935 50.56584298388539 29.446677305873507
v 15.40609786444649 50.64742057742046 30.45163398238872
v 15.370943818694272 50.67155780984329 31.48560659392638
v 15.370943818690806 50.67155780984735 32.51439340615035
v 15.406097864409201 50.647420577367114 33.54836601751518
v 15.436270385778442 50.56584298388969 34.5533226950089
v 15.548761067289819 50.521873859200745 35.44335106610515
v 15.597255700320472 50.36095912329929 36.38867034355008
v 15.768498571675963 50.22311682748499 37.45081404365315
v 15.908223268064683 50.08198249688307 38.23113920940501
v 15.95913184312667 51.03466090492374 29.733226538152678
v 15.915771146503353 51.071436260222406 30.5
v 15.88521415252001 51.09735285802721 31.5
v 15.88521415252001 51.09735285802721 32.5
v 15.915771146503353 51.071436260222406 33.5
v 15.95913184312667 51.03466090492374 34.26677346184732
v 16.219078141989424 14.61012806009397 40.58582217496081
v 16.489449067638898 14.858540992396467 41.5316883296897
v 16.880777477281516 14.894237432306868 42.17530190383537
v 16.02910433965276 15.254979417094344 40.558110681045406
v 16.181458909706695 15.166072331329438 41.57427932752249
v 16.468756020501324 15.476206793158259 42.541187990602765
v 16.771004323568363 15.803356103919278 43.45156353618323
v 17.0 16.0 44.0
v 16.5 16.98086194877136 39.9947805538762
v 16.234872985808966 16.256710944730045 40.220350196902196
v 16.085225229516606 16.085225229516606 42.873677549675286
v 16.383284865561155 16.38328486556608 43.740152568660264
v 16.597657258366404 16.59765725838067 44.29394792372806
v 16.93484349478696 16.93484349478696 45.074692643783436
v 16.499811538437214 17.496258154381447 39.8551858383742
v 16.209952772222028 17.260744778971254 44.60586801087758
v 16.557466310395387 17.588026376393085 45.389410064409695
v 16.913191720886093 17.907277477609473 46.092722522390524
v 16.500380857597566 18.505197746558917 39.51423514276041
v 16.19967042586677 18.2942562745711 45.70574372477733
v 16.55746630944438 18.61058993567532 46.41197362261357
v 16.93484349478696 18.925307356216564 47.06515650521303
v 16.5 19.88226591753178 38.950820927342825
v 16.481375764112837 19.319262779149984 39.20035334375754
v 16.20995277363579 19.39413198832593 46.73925522168966
v 16.59765725878547 19.706052076146907 47.4023427416575
v 17.0 20.0 48.0
v 16.49992337622977 20.49577288353776 38.69608582319465
v 16.38328486540409 20.25984743054813 47.61671513406151
v 16.77100432407605 20.548436461428143 48.19664389577678
v 16.5 21.924508173162828 37.959953715804886
v 16.482517754935643 21.40937869451508 38.248575053920455
v 16.085225229516606 21.12632245032471 47.91477477048339
v 16.468756020826326 21.45881201159953 48.52379320832678
v 16.880777477281516 21.824698096164628 49.10576256769313
v 16.500015644325618 22.4956959041411 37.65995069556279
v 16.1741764091351 22.463428849988354 48.849673312263825
v 16.581766926782713 22.683172439790155 49.348348306615996
v 16.505832581853472 23.8588213725732 36.80604728310049
v 16.492327129838763 23.201338530733548 37.23028016489835
v 16.01062212141772 23.019481589837415 48.99002992919597
v 16.39701410557255 23.349887284500653 49.52743696013393
v 16.86998972124906 23.764233955319515 50.10918377757381
v 16.5 24.99147692933943 35.99368866776933
v 16.481816547090357 24.52506451083669 36.35599941990317
v 16.185900657686982 24.45921333723629 49.841440335892244
v 16.63126671964333 24.63299122658174 50.300814176236216
v 16.500279945888455 25.498361913006928 35.62587866374922
v 16.042541857441247 25.10219412392832 49.962382387331346
v 16.4987880740708 25.50529227923166 50.520524890890265
v 16.96738417360264 25.922770083138836 51.02600552524072
v 16.514393406044245 26.629056181301724 34.67155780985263
v 16.5 26.11478584747999 35.09735285802721
v 16.377370161374415 26.36214825748186 50.69667074161844
v 16.87894215642112 26.49912085033766 51.13949143248805
v 16.5123761443204 27.67904949256442 33.67904949255318
v 16.498021223546463 27.162035765950325 34.17726534206437
v 16.17678491966841 27.46702825798729 50.82290738743615
v 16.69181190183447 27.57473445943426 51.27131639965352
v 16.51439340614387 28.671557809861998 32.62905618129464
v 16.498021223083732 28.177265342023706 33.16203576598938
v 16.071885513200748 28.5 50.93992034688549
v 16.53927738873221 28.603809800499455 51.36312015541454
v 16.5 29.993688667769327 30.99147692933943
v 16.500279945853382 29.625878663751024 31.498361912993023
v 16.5 29.097352858027207 32.114785847479986
v 16.01062212141772 29.06655987148601 50.99112259202944
v 16.506451539507175 29.5324627452139 51.47918029269431
v 16.50583258114519 30.806047283096497 29.858821372569384
v 16.481816546977566 30.355999419903874 30.525064510828766
v 16.491959106596536 30.498237633004326 51.5670629637347
v 16.5 31.959953715804886 27.924508173162828
v 16.50001564434245 31.659950695565076 28.4956959041388
v 16.492327129600916 31.230280164873825 29.20133853075868
v 16.50281740042912 31.501693099330627 51.626913099152965
v 17.0 32.0 52.0
v 16.5 32.950820927342825 25.88226591753178
v 16.49992337622405 32.696085823196256 26.49577288353392
v 16.48251775497603 32.24857505391542 27.409378694499498
v 16.502817400432928 32.498306900676994 51.62691309915487
v 17.0 32.0 52.0
v 16.5 33.9947805538762 22.98086194877136
v 16.499811538430507 33.85518583837593 23.49625815437477
v 16.50038085759824 33.514235142761486 24.50519774655545
v 16.481375764110854 33.200353343762984 25.319262779160432
v 16.491959106599854 33.50176236699319 51.567062963729725
v 15.156140935217918 35.06154984535651 13.96388135797682
v 16.330680417014708 34.877353891288564 13.173136839960694
v 16.50031426720291 34.95992655958272 14.499063471443785
v 16.500368658625252 34.9999963017527 15.499631341374497
v 16.500368658625348 34.999996301752695 16.500368658625177
v 16.500314267202846 34.95992655958259 17.50093652855639
v 16.500231398220947 34.879623408362946 18.501125965389953
v 16.500169870030707 34.75870458287099 19.50110361728951
v 16.500199513158183 34.59646528530874 20.501616359084835
v 16.50040464504231 34.39173656795325 21.504131113787828
v 16.46396815070525 34.15169746816457 22.477564586249322
v 16.01062212141772 34.933440128513986 50.99112259202944
v 16.506451539527458 34.46753725439986 51.47918029272452
v 15.898366983605667 36.992649117417 13.52832627424523
v 16.086720196671173 35.5 13.103469470849237
v 16.071885513200748 35.5 50.93992034688549
v 16.53927738828704 35.396190199391306 51.3631201551692
v 16.691811901592697 36.42526554361255 12.728683600437146
v 16.17678491995997 36.532971743470114 13.177092612764504
v 16.176784918965748 36.5329717398037 50.822907386005596
v 16.691811900309347 36.425265544711 51.271316398740765
v 16.878942156130314 37.50087915143905 12.86050856971864
v 16.377370161623094 37.637851741762184 13.303329257992123
v 16.37737016161243 37.63785174063428 50.69667074187047
v 16.878942153710973 37.500879156676454 51.139491431362984
v 16.96738417360264 38.07722991686116 12.97399447475928
v 16.49878807409615 38.49470771992781 13.479475109098827
v 16.042541857441247 38.89780587607167 14.037617612668644
v 16.042541857441247 38.89780587607167 49.962382387331346
v 16.498788073809898 38.494707719384365 50.52052489044758
v 16.96738417360264 38.07722991686116 51.02600552524072
v 16.631266718389327 39.36700877528227 13.699185825052242
v 16.185900658310924 39.54078666113104 14.158559663943599
v 16.18590065717605 39.54078665501187 49.841440333395916
v 16.631266716813506 39.36700877755155 50.30081417446636
v 16.86998972124906 40.23576604468048 13.890816222426189
v 16.397014105256016 40.650112715237235 14.472563040130797
v 16.01062212141772 40.98051841016258 15.009970070804032
v 16.01062212141772 40.98051841016258 48.99002992919597
v 16.39701410536746 40.65011271808455 49.52743696058528
v 16.86998972124906 40.23576604468048 50.10918377757381
v 16.581766926634856 41.31682756117204 14.651651694337371
v 16.174176411806172 41.536571149967834 15.150326685260184
v 16.17417640953054 41.53657114175151 48.849673312246324
v 16.581766928437766 41.31682756333878 49.34834830756774
v 16.880777477281516 42.17530190383537 14.894237432306868
v 16.46875602082248 42.541187991608886 15.47620679347532
v 16.085225229516606 42.873677549675286 16.085225229516606
v 16.085225229516606 42.873677549675286 47.91477477048339
v 16.468756019229204 42.54118799210468 48.52379320939819
v 16.880777477281516 42.17530190383537 49.10576256769313
v 16.77100432457393 43.45156353886939 15.803356104916325
v 16.38328486545667 43.74015256840418 16.383284865454613
v 16.383284866613543 43.740152569934885 47.616715134702524
v 16.771004326746493 43.45156353453706 48.19664389441941
v 17.0 44.0 16.0
v 16.59765725836634 44.29394792372794 16.59765725838042
v 16.209952772221666 44.60586801087776 17.260744778971436
v 16.20995277269395 44.60586800907032 46.73925521768581
v 16.59765726056582 44.29394792389166 47.40234274071331
v 17.0 44.0 48.0
v 16.93484349478696 45.074692643783436 16.93484349478696
v 16.55746631046575 45.38941006477821 17.588026376444887
v 16.199670425868344 45.705743724202556 18.294256274519572
v 16.199670427916505 45.70574372714612 45.70574372820431
v 16.557466311292888 45.38941006709604 46.41197362691883
v 16.93484349478696 45.074692643783436 47.06515650521303
v 16.913191720886093 46.092722522390524 17.907277477609473
v 16.5574663092346 46.411973622409675 18.610589935226706
v 16.20995277363434 46.739255221688204 19.39413198832484
v 16.20995277269395 46.739255217687266 44.60586800907032
v 16.557466310913433 46.41197362600651 45.38941006512639
v 16.913191720886093 46.092722522390524 46.092722522390524
v 16.93484349478696 47.06515650521303 18.925307356216564
v 16.597657259132983 47.40234274190531 19.70605207691043
v 16.38328486502472 47.616715133315736 20.259847430314775
v 16.085225229516606 47.91477477048339 21.12632245032471
v 16.085225229516606 47.91477477048339 42.873677549675286
v 16.38328486515082 47.6167151338362 43.74015257071535
v 16.597657260567832 47.40234274071331 44.293947923895686
v 16.93484349478696 47.06515650521303 45.074692643783436
v 17.0 48.0 20.0
v 16.77100432398863 48.196643894038196 20.548436463467183
v 16.468756021974134 48.523793209668156 21.458812012612054
v 16.174176410456354 48.849673313880714 22.463428851164988
v 16.01062212141772 48.99002992919597 23.019481589837415
v 16.01062212141772 48.99002992919597 40.98051841016258
v 16.17417641454234 48.8496733166081 41.5365711473602
v 16.46875602161767 48.523793209204854 42.54118799030646
v 16.77100432060681 48.1966438917993 43.4515635395732
v 17.0 48.0 44.0
v 16.880777477281516 49.10576256769313 21.824698096164628
v 16.58176692546697 49.34834830468034 22.6831724396438
v 16.39701410501713 49.527436959959275 23.34988728373947
v 16.185900657688524 49.84144033588523 24.459213337232814
v 16.042541857441247 49.962382387331346 25.10219412392832
v 16.042541857441247 49.962382387331346 38.89780587607167
v 16.185900660242396 49.84144033772843 39.54078666055376
v 16.397014105222304 49.52743695982895 40.65011271594299
v 16.581766927254876 49.34834830645414 41.3168275616434
v 16.880777477281516 49.10576256769313 42.17530190383537
v 16.86998972124906 50.10918377757381 23.764233955319515
v 16.63126671965892 50.30081417638398 24.6329912256539
v 16.498788073887802 50.52052489052966 25.505292279151778
v 16.377370161885604 50.69667074177513 26.362148259122907
v 16.176784918962632 50.82290738579951 27.467028255343457
v 16.071885513200748 50.93992034688549 28.5
v 16.01062212141772 50.99112259202944 29.06655987148601
v 16.01062212141772 50.99112259202944 34.933440128513986
v 16.071885513200748 50.93992034688549 35.5
v 16.176784919077765 50.82290738643676 36.532971744322225
v 16.377370161610706 50.69667074186967 37.63785174063268
v 16.498788074187786 50.520524890805774 38.49470772101286
v 16.631266716815272 50.300814174462104 39.36700877755325
v 16.86998972124906 50.10918377757381 40.23576604468048
v 16.96738417360264 51.02600552524072 25.922770083138836
v 16.87894215449876 51.139491428418104 26.499120847271385
v 16.691811902528613 51.27131640059413 27.574734456582686
v 16.539277388701986 51.36312015541009 28.603809800948337
v 16.506451539460055 51.47918029270927 29.53246274491639
v 16.491959106526785 51.567062963681124 30.49823763275538
v 16.502817400427183 51.626913099147465 31.501693099467467
v 16.502817400420312 51.62691309914063 32.49830690056799
v 16.491959106547288 51.56706296372391 33.501762367412006
v 16.50645153928973 51.47918029257459 34.467537254837026
v 16.539277388216483 51.363120155187225 35.39619019916447
v 16.691811901154093 51.27131639958397 36.42526554405739
v 16.878942153707158 51.139491431357314 37.50087915668166
v 16.96738417360264 51.02600552524072 38.07722991686116
v 17.0 52.0 32.0
v 17.0 52.0 32.0
v 17.187162798284046 13.85450556538513 40.68634432914383
v 17.639172996754212 14.031137204100364 41.76068024398917
v 17.94198111128106 13.954384432126183 42.079870819546926
v 17.006025213375445 14.00077769068972 40.68480367508202
v 17.38336518802417 14.329706241173266 41.96494534575686
v 17.530016466721374 14.487884264154877 42.45673336464532
v 17.784397510447967 14.842447321564164 43.34575365257743
v 17.501394311645313 15.50481541190474 40.35049286739058
v 17.114065716893137 15.100075819855675 42.84196857050203
v 17.357974789004576 15.440992558800803 43.70212920210139
v 17.59263020345073 15.69525530552977 44.33438459600238
v 17.953566995614565 15.95913184312667 45.04983365512752
v 17.5 16.90421635582512 39.973875842294085
v 17.413442945569805 16.36039135197362 40.143724933379225
v 17.260744779925695 16.209952773082104 44.60586801309576
v 17.58802637642103 16.557466310439754 45.38941006463303
v 17.907277477609473 16.913191720886093 46.092722522390524
v 17.49956567345289 17.49695088558657 39.81299911648441
v 17.224192731957114 17.224192732264363 45.7326791401709
v 17.561632937924095 17.561632937924095 46.43836706188416
v 17.907277477609473 17.907277477609473 47.086808279113896
v 17.501440461152175 18.506927912577417 39.470979388633495
v 17.224192735693393 18.267320857440424 46.77580726706167
v 17.58802637628326 18.610589936634874 47.44253369002118
v 17.953566995614565 18.95016634487248 48.04086815687333
v 17.507867710833246 19.92642209349335 38.893222036308
v 17.454504995770858 19.241705891289353 39.189706525328155
v 17.260744781234358 19.394131989450273 47.79004722900805
v 17.592630201906413 19.66561540239573 48.30474469261257
v 17.500169983114574 20.498633417005358 38.650616082703564
v 17.35797479064376 20.297870798141695 48.559007441924315
v 17.784397513874367 20.65424635008704 49.15755268351107
v 17.5 21.881255985429082 37.93700763944557
v 17.454842030547418 21.347281955617586 38.23670968607218
v 17.114065716893137 21.15803142949796 48.899924180144325
v 17.53001646645241 21.543266633647328 49.51211573566485
v 17.94198111128106 21.920129180453074 50.04561556787381
v 17.500637484251705 22.500702950447593 37.6107709797909
v 17.296943188143185 22.39010643196745 49.799969715172566
v 17.67821187247458 22.594209408470416 50.21493758268373
v 17.523327085265173 23.80277616052489 36.794231502613044
v 17.482855911384977 23.153509264814463 37.213446322458246
v 17.05691524929111 23.097567288652847 49.95295825546975
v 17.498580029432635 23.503273421510045 50.51924524639384
v 17.953566995614565 23.92116223204814 51.03466090492374
v 17.5 24.957341961742106 35.968411207196574
v 17.45058321067055 24.48198286820386 36.339049436297515
v 17.335863121984335 24.36994491252355 50.76456767581986
v 17.77848787730241 24.539065177441884 51.16659466039117
v 17.501762367187855 25.50804089341516 35.56706296372875
v 17.114065716893137 25.256103416472172 50.91088972059604
v 17.576480931326703 25.622781270946803 51.41005816224795
v 17.548366017162873 26.593902135586976 34.64742057736397
v 17.5 26.084228853496647 35.071436260222406
v 17.424510644977477 26.41986610254791 51.54297353524594
v 17.953566995614565 26.878448886608684 52.03299546756873
v 17.54224188924248 27.649889107632642 33.64988910766604
v 17.498727048894896 27.13201810189219 34.15050840585003
v 17.353412595063872 27.393540586883237 51.73886895660374
v 17.89555177152902 27.504583415670393 52.151271903819726
v 17.54836601742399 28.64742057736502 32.593902135619295
v 17.498727052153235 28.15050840555084 33.13201810139804
v 17.167815473797514 28.469097014352904 51.81813463285756
v 17.7326847923623 28.55422938927944 52.24460911798222
v 17.5 29.968411207196574 30.957341961742106
v 17.501762367186107 29.567062963735744 31.508040893420713
v 17.5 29.071436260222402 32.08422885349665
v 17.11109767482367 29.5 51.91772854774218
v 17.604281854057977 29.56508740215853 52.303410723694775
v 17.52332708406957 30.794231502598986 29.8027761604892
v 17.450583209170084 30.339049436286885 30.481982868248615
v 17.042658038257894 30.5 51.968411207196574
v 17.51801713173014 30.549416789911763 52.33904943627997
v 17.5 31.937007639445564 27.88125598542908
v 17.500637484370543 31.610770979760815 28.500702950493327
v 17.48285591196051 31.213446322388805 29.153509264740716
v 17.01136409421409 31.333333333333332 51.9915848903591
v 17.474119126862103 31.519325529559065 52.35547436912818
v 17.507867712351995 32.8932220361947 25.92642209350339
v 17.500169983109025 32.650616082702065 26.498633417013558
v 17.45484203047192 32.23670968607985 27.34728195559712
v 17.01136409421409 32.666666666666664 51.9915848903591
v 17.474119126866345 32.48067447041125 52.35547436913454
v 17.5 33.973875842294085 22.904216355825117
v 17.49956567344568 33.812999116488356 23.496950885583885
v 17.501440461165913 33.47097938863425 24.50692791257787
v 17.45450499575117 33.189706525334365 25.241705891272613
v 17.042658038257894 33.5 51.968411207196574
v 17.518017131753115 33.45058321045783 52.33904943631887
v 17.619931196682305 34.58039293658452 11.710367845350767
v 17.75163460024291 34.686993189461006 11.997244214915806
v 17.500601683099724 34.839380650629195 13.499017766744377
v 17.500799403621713 34.919802837222825 14.499200596377205
v 17.500936528554327 34.95992655958276 15.499685732799412
v 17.50093652855607 34.9599265595827 16.500314267203827
v 17.500799403615993 34.919802837223266 17.500799403616018
v 17.500601683118944 34.83938065062843 18.500982233265546
v 17.500490451950878 34.71825643830032 19.501073543375234
v 17.500671781462394 34.555695532819975 20.5018548722811
v 17.50139431173941 34.35049286738047 21.504815411927357
v 17.413442945715257 34.14372493338198 22.360391352018137
v 17.11109767482367 34.5 51.91772854774218
v 17.604281854056378 34.43491259779536 52.303410723675455
v 17.71792882429659 35.51284598536236 11.779111526693699
v 18.665133595895135 36.50500776073689 11.305151608693333
v 17.167815473854144 35.53090298759735 51.81813463311417
v 17.73268479349837 35.44577061079216 52.24460911855625
v 17.895551774660472 36.4954165811554 11.848728093605896
v 17.35341259453845 36.60645941270037 12.261131043515423
v 17.353412595252315 36.60645941372433 51.738868956551755
v 17.89555177476274 36.49541658164939 52.15127190758388
v 17.953566995614565 37.12155111339132 11.967004532431265
v 17.42451064447592 37.580133897599936 12.457026464962219
v 17.424510644832502 37.580133899140456 51.54297353505628
v 17.953566995614565 37.12155111339132 52.03299546756873
v 17.576480931657734 38.37721872743692 12.589941837699413
v 17.114065716893137 38.74389658352783 13.089110279403956
v 17.114065716893137 38.74389658352783 50.91088972059604
v 17.576480932733606 38.37721872972461 51.410058162706456
v 17.778487875853155 39.460934824693005 12.833405339912758
v 17.335863122955324 39.63005508666181 13.235432323633809
v 17.33586312462956 39.63005508504044 50.76456767650434
v 17.778487881082967 39.460934821855524 51.166594661720936
v 17.953566995614565 40.07883776795185 12.96533909507626
v 17.498580029732388 40.49672657760096 13.480754753980495
v 17.05691524929111 40.902432711347146 14.047041744530251
v 17.05691524929111 40.902432711347146 49.95295825546975
v 17.498580029643467 40.49672657543933 50.519245245603734
v 17.953566995614565 40.07883776795185 51.03466090492374
v 17.678211874888188 41.40579058942795 13.7850624155021
v 17.296943188124594 41.60989356909269 14.200030285015675
v 17.296943189957787 41.609893567953335 49.799969714403794
v 17.678211876388634 41.40579058906379 50.21493758656042
v 17.94198111128106 42.079870819546926 13.954384432126183
v 17.530016466799392 42.45673336470885 14.48788426422524
v 17.114065716893137 42.84196857050203 15.100075819855675
v 17.114065716893137 42.84196857050203 48.899924180144325
v 17.530016469063725 42.45673336321294 49.5121157365142
v 17.94198111128106 42.079870819546926 50.04561556787381
v 17.784397510447338 43.34575365257451 14.842447321562492
v 17.35797478952987 43.70212920343994 15.440992559263734
v 17.35797479030197 43.70212920171424 48.55900744267421
v 17.78439750757463 43.345753647465585 49.1575526799029
v 17.592630203449655 44.3343845959787 15.695255305508159
v 17.260744779926632 44.60586801309677 16.209952773082836
v 17.26074478178425 44.60586800892077 47.7900472261667
v 17.592630202223482 44.33438459635511 48.304744694533724
v 17.953566995614565 45.04983365512752 15.95913184312667
v 17.588026376247516 45.389410064756234 16.557466310308058
v 17.224192733704157 45.73267914261992 17.22419273439556
v 17.224192733763495 45.73267914497309 46.77580726729208
v 17.588026374794097 45.38941006416346 47.442533689922215
v 17.953566995614565 45.04983365512752 48.04086815687333
v 17.907277477609473 46.092722522390524 16.913191720886093
v 17.5616329375942 46.43836706148244 17.56163293775234
v 17.224192735696466 46.77580726706538 18.26732085744053
v 17.224192733762685 46.775807267286865 45.73267914497093
v 17.561632936706808 46.43836706249507 46.43836706248658
v 17.907277477609473 46.092722522390524 47.086808279113896
v 17.907277477609473 47.086808279113896 17.907277477609473
v 17.588026375743347 47.44253368932409 18.610589936033268
v 17.260744781236173 47.79004722901023 19.394131989450273
v 17.26074478178174 47.79004722616778 44.605868008918875
v 17.58802637342529 47.442533689435656 45.3894100637099
v 17.907277477609473 47.086808279113896 46.092722522390524
v 17.953566995614565 48.04086815687333 18.95016634487248
v 17.592630204569637 48.30474469480433 19.66561540441405
v 17.357974789538396 48.5590074409818 20.297870796787677
v 17.114065716893137 48.899924180144325 21.15803142949796
v 17.114065716893137 48.899924180144325 42.84196857050203
v 17.357974787504023 48.55900744218644 43.70212920181229
v 17.592630202560432 48.30474469499493 44.3343845962888
v 17.953566995614565 48.04086815687333 45.04983365512752
v 17.784397513279707 49.15755268247369 20.65424634979948
v 17.530016466753406 49.51211573550887 21.54326663299411
v 17.296943188140183 49.79996971517101 22.39010643196762
v 17.05691524929111 49.95295825546975 23.097567288652847
v 17.05691524929111 49.95295825546975 40.902432711347146
v 17.296943190520775 49.799969717113086 41.6098935695948
v 17.530016467956433 49.512115733420764 42.45673336570619
v 17.784397507573676 49.1575526799062 43.3457536474728
v 17.94198111128106 50.04561556787381 21.920129180453074
v 17.678211875844372 50.21493758648365 22.594209410843856
v 17.498580028918525 50.519245245842846 23.503273422793438
v 17.33586312357429 50.76456767580414 24.369944916120364
v 17.114065716893137 50.91088972059604 25.256103416472172
v 17.114065716893137 50.91088972059604 38.74389658352783
v 17.335863123736843 50.76456767607077 39.63005508740715
v 17.498580030935567 50.519245246478214 40.49672657876849
v 17.678211876912865 50.21493758534095 41.40579059011283
v 17.94198111128106 50.04561556787381 42.079870819546926
v 17.953566995614565 51.03466090492374 23.92116223204814
v 17.7784878740372 51.16659465802966 24.53906517446332
v 17.576480932106673 51.41005816201783 25.622781272322445
v 17.424510645346572 51.54297353547444 26.419866102688708
v 17.353412594550118 51.7388689564472 27.39354058618304
v 17.16781547435691 51.81813463239545 28.46909702054907
v 17.11109767482367 51.91772854774218 29.5
v 17.042658038257894 51.968411207196574 30.5
v 17.01136409421409 51.9915848903591 31.333333333333332
v 17.01136409421409 51.9915848903591 32.666666666666664
v 17.042658038257894 51.968411207196574 33.5
v 17.11109767482367 51.91772854774218 34.5
v 17.16781547386812 51.81813463312885 35.53090298759876
v 17.353412595255275 51.73886895655575 36.60645941372543
v 17.42451064464598 51.54297353564413 37.580133899205116
v 17.57648093062377 51.410058161755636 38.37721872827458
v 17.77848787548504 51.16659466086895 39.460934831323655
v 17.953566995614565 51.03466090492374 40.07883776795185
v 17.953566995614565 52.03299546756873 26.878448886608684
v 17.89555177442506 52.15127190756516 27.504583422268173
v 17.732684792114966 52.24460911740272 28.55422938993165
v 17.60428185426668 52.30341072380117 29.565087402724853
v 17.51801713173226 52.33904943628109 30.54941678991109
v 17.474119126861716 52.35547436913089 31.519325529597296
v 17.474119126867446 52.355474369133944 32.48067447041082
v 17.51801713181462 52.33904943630555 33.450583209801366
v 17.604281853824055 52.30341072357415 34.434912597827
v 17.732684791842225 52.24460911740398 35.44577060763262
v 17.895551774762424 52.15127190757693 36.495416581652734
v 17.953566995614565 52.03299546756873 37.12155111339132
v 18.73877559046685 12.7005864185935 40.75850511582568
v 18.82626128993171 12.879150320936844 41.24610706119517
v 18.71515868332456 13.020715083295238 40.75205083679576
v 18.58061805865671 13.32258309398909 41.78165823786124
v 18.60912887403894 13.586820991199415 42.348533587671085
v 18.863330053606692 13.899876243007087 43.16018524981179
v 18.501474278789658 14.502530216837004 40.473889136711506
v 18.176662285894167 14.12313912836071 42.69761576937165
v 18.422037060324193 14.483744144379488 43.58562134608195
v 18.68250351842041 14.829958150273939 44.37757182933373
v 18.50302657445042 15.506406530654473 40.26769293921952
v 18.048924867974016 15.039930543240882 43.94247225740316
v 18.361387555260418 15.296507666658727 44.66897834235872
v 18.641687330177795 15.609653045708708 45.35831267051049
v 18.95016634487248 15.95913184312667 46.04643300438543
v 18.56705113800303 16.848102335141956 39.91150908872224
v 18.433470608212787 16.15694225967527 40.11264520178406
v 18.29425627409456 16.199670425751407 45.70574372434187
v 18.610589936125898 16.557466310151003 46.41197362459427
v 18.925307356216564 16.93484349478696 47.06515650521303
v 18.499823708289185 17.49866737809024 39.72825451865695
v 18.26732085746947 17.224192735642863 46.77580726706319
v 18.61058993683842 17.588026376739474 47.44253369053017
v 18.95016634487248 17.953566995614565 48.04086815687333
v 18.503489350637402 18.51071210593092 39.384029536723446
v 18.294256274236204 18.294256274236204 47.80032957313459
v 18.641687329713452 18.641687329156795 48.3903469539602
v 18.55681701826177 19.825328114846858 38.851166185774325
v 18.460332708509625 19.09862781844807 39.160189408085586
v 18.3613875543462 19.33102165693892 48.70349233136656
v 18.682503518194945 19.622428172674738 49.17004185104476
v 18.50170734052324 20.504735719238575 38.55911794230084
v 18.048924867974016 20.05752774259684 48.960069456759115
v 18.422037060963927 20.414378653133372 49.516255855435396
v 18.863330053606692 20.8398147501882 50.10012375699291
v 18.526204065622544 21.90988708217489 37.84009651342507
v 18.44950149498784 21.2264557507133 38.2088428152883
v 18.17666228490796 21.30238423693279 49.87686087462792
v 18.60912887366958 21.65146641290222 50.41317900892273
v 18.50310785252249 22.511099152408583 37.511700736858046
v 18.373750720899775 22.334905563358824 50.61070341791551
v 18.82626128993171 22.753892938804828 51.120849679063156
v 18.558550206166796 23.69223730301279 36.76753293829853
v 18.49143283127682 23.062543889240043 37.174829551276765
v 18.159594623265043 23.254495565381475 50.88401236996245
v 18.59523934269052 23.642067908253157 51.387906252019555
v 18.5 24.88890232517633 35.91772854774218
v 18.43491259763149 24.395718145974705 36.30341072366936
v 18.39550125051496 24.38709690500856 51.55576774279877
v 18.91289240160042 24.84394685226066 52.057676454116745
v 18.933440128513986 25.989377878582278 34.99112259202944
v 18.467537255506066 25.493548460694548 35.479180292718624
v 18.25756364688773 25.424880376934603 51.829190259302486
v 18.728110144741134 25.569869459507608 52.19401058444686
v 18.553322694102622 26.563729614206977 34.56584298385692
v 18.266773461847322 26.04086815687333 35.03466090492374
v 18.08572471458222 26.211782219942016 51.94094465343565
v 18.581813189054262 26.59245738121556 52.399724828408786
v 18.58754712360445 27.59054906336216 33.59054906346911
v 18.5 27.079455200838307 34.07521859071778
v 18.493085640408452 27.49583238007709 52.56342418734319
v 18.933440128513986 28.991122592029445 31.989377878582278
v 18.55332269398542 28.565842984049674 32.56372961421956
v 18.5 28.075218590717782 33.07945520083831
v 18.430581119622417 28.41161871464906 52.69904525907514
v 18.925307356216564 28.714171198749103 53.04719173914336
v 18.5 29.917728547742175 30.88890232517633
v 18.467537255017763 29.479180292784395 31.493548460499287
v 18.266773461847322 29.03466090492374 32.04086815687333
v 18.30776269669263 29.441449793548735 52.767532938350065
v 18.93745610979125 29.50856716868863 53.174829551684084
v 18.55855020465736 30.76753293866765 29.69223730323702
v 18.43491259867791 30.30341072366649 30.3957181460085
v 18.197223839485577 30.476672914959035 52.79423150248301
v 18.846490735154077 30.517144088616163 53.213446322388926
v 18.52620406736991 31.840096513175205 27.909887082120882
v 18.50310785240087 31.511700736899147 28.51109915237865
v 18.491432836016003 31.17482955213362 29.062543890783676
v 18.14117862740565 31.494167418142883 52.80604728305616
v 18.798661469229174 31.507672870225623 53.23028016486503
v 18.55681702153839 32.85116618569107 25.825328114962005
v 18.501707340136843 32.55911794235588 26.504735719332867
v 18.449501494665622 32.208842815179054 27.226455751802288
v 18.14117862740565 32.5058325818345 52.8060472830651
v 18.798661469242454 32.49232712977396 53.230280164878316
v 18.56705113976001 33.91150908868338 22.848102335386017
v 18.499823708288588 33.72825451865817 23.498667378097597
v 18.50348935060718 33.38402953672664 24.510712105932527
v 18.460332708514972 33.16018940801564 25.0986278182768
v 18.197223839455656 33.52332708522485 52.794231502550794
v 18.846490735118955 33.48285591128725 53.21344632237136
v 18.925307356216564 34.90500974113742 10.952808260856639
v 17.844139585005117 34.734118247147265 11.786293603356711
v 18.500871609668 34.63713257472341 12.49882179863845
v 18.500818331599497 34.75869875686324 13.499181668399773
v 18.500982233270562 34.83938065062788 14.499398316873295
v 18.501125965391843 34.879623408362704 15.499768601784563
v 18.501125965390656 34.879623408363095 16.50023139822116
v 18.500982233260046 34.83938065062955 17.500601683119484
v 18.500818331599582 34.75869875686324 18.500818331599206
v 18.5008716096384 34.637132574719146 19.501178201327914
v 18.501474278618858 34.473889136707136 20.502530216840764
v 18.503026574228798 34.267692939212445 21.506406530662865
v 18.433470608389623 34.11264520171426 22.156942259721472
v 18.30776269697736 34.55855020621994 52.76753293841796
v 18.93745610985616 34.4914328331285 53.17482955158921
v 18.925307356216564 35.285828801250894 10.952808260856639
v 18.457497132241226 35.623896680992644 11.29041287095926
v 18.430581119937536 35.58838128514614 52.69904525906715
v 18.925307356216564 35.285828801250894 53.04719173914336
v 18.493085640448424 36.50416762059068 11.436575812898704
v 18.493085640428102 36.50416761963484 52.563424187026186
v 18.581813188611683 37.4075426187938 11.600275171881389
v 18.08572471458222 37.788217780057984 12.059055346564346
v 18.08572471458222 37.788217780057984 51.94094465343565
v 18.581813189114524 37.407542617892354 52.39972482796805
v 18.72811014531279 38.43013054367223 11.805989414071442
v 18.25756364569778 38.57511962253392 12.170809740731134
v 18.257563648055694 38.57511962627427 51.8291902600284
v 18.728110146241143 38.4301305389737 52.19401058495478
v 18.91289240160042 39.156053147739335 11.942323545883257
v 18.395501250424875 39.6129030946689 12.444232257748874
v 18.395501249447793 39.61290309549513 51.555767740974325
v 18.91289240160042 39.156053147739335 52.057676454116745
v 18.595239341180747 40.3579320912924 12.612093748656033
v 18.159594623265043 40.745504434618525 13.115987630037552
v 18.159594623265043 40.745504434618525 50.88401236996245
v 18.595239341188744 40.3579320915146 51.38790625145065
v 18.82626128993171 41.24610706119517 12.879150320936844
v 18.3737507209087 41.66509443614413 13.389296582904038
v 18.37375072225527 41.6650944374586 50.61070341717798
v 18.82626128993171 41.24610706119517 51.120849679063156
v 18.609128873358284 42.34853358544811 13.586820990558593
v 18.176662283579216 42.697615762614134 14.123139126214532
v 18.176662287153434 42.69761576643616 49.876860864907044
v 18.609128870045154 42.348533588119295 50.41317900818289
v 18.863330053606692 43.16018524981179 13.899876243007087
v 18.422037060743616 43.585621347072625 14.483744144708318
v 18.048924867974016 43.94247225740316 15.039930543240882
v 18.048924867974016 43.94247225740316 48.960069456759115
v 18.422037059426632 43.58562134511308 49.51625585622708
v 18.863330053606692 43.16018524981179 50.10012375699291
v 18.682503518225356 44.37757182853017 14.829958150129604
v 18.36138755599711 44.668978343666105 15.296507667193872
v 18.36138755718436 44.668978344137074 48.70349233427712
v 18.682503519711716 44.37757182227182 49.17004185196881
v 18.64168732975611 45.35831266969008 15.609653045504276
v 18.29425627535085 45.70574372621117 16.19967042671504
v 18.29425627353988 45.70574372778029 47.80032957324496
v 18.64168732965886 45.35831267094675 48.390346951944075
v 18.95016634487248 46.04643300438543 15.95913184312667
v 18.610589935734858 46.41197362350308 16.55746631020508
v 18.26732085746947 46.77580726706243 17.22419273564211
v 18.26732084513208 46.775807266332386 46.775807266332386
v 18.610589937022475 46.411973623232214 47.44253368987988
v 18.95016634487248 46.04643300438543 48.04086815687333
v 18.925307356216564 47.06515650521303 16.93484349478696
v 18.610589936839272 47.442533690833585 17.58802637636785
v 18.29425627423672 47.80032957313459 18.294256274236204
v 18.29425627354194 47.80032957324496 45.70574372777616
v 18.610589939154885 47.442533689315056 46.41197362418233
v 18.925307356216564 47.06515650521303 47.06515650521303
v 18.95016634487248 48.04086815687333 17.953566995614565
v 18.641687329848267 48.3903469541182 18.64168733016672
v 18.361387556254048 48.703492333301384 19.33102165808791
v 18.048924867974016 48.960069456759115 20.05752774259684
v 18.048924867974016 48.960069456759115 43.94247225740316
v 18.361387561875517 48.70349233299415 44.668978343152
v 18.641687330749956 48.39034695197642 45.35831267073788
v 18.95016634487248 48.04086815687333 46.04643300438543
v 18.682503519249465 49.17004185203113 19.62242817361875
v 18.422037060221694 49.51625585504204 20.414378653619945
v 18.17666228977933 49.87686088127436 21.302384236658025
v 18.176662274005622 49.87686086546254 42.69761576012232
v 18.42203706219706 49.51625585918573 43.58562134816053
v 18.68250352064059 49.170041852144415 44.37757183332473
v 18.863330053606692 50.10012375699291 20.8398147501882
v 18.60912887631614 50.41317901073427 21.651466415150875
v 18.373750720329358 50.61070341636883 22.334905564541362
v 18.159594623265043 50.88401236996245 23.254495565381475
v 18.159594623265043 50.88401236996245 40.745504434618525
v 18.373750723413217 50.61070341611684 41.665094434552444
v 18.60912887483419 50.41317901032653 42.348533586106605
v 18.863330053606692 50.10012375699291 43.16018524981179
v 18.82626128993171 51.120849679063156 22.753892938804828
v 18.595239342713093 51.38790625233974 23.642067907271763
v 18.395501250238983 51.55576774235433 24.387096903938666
v 18.25756364618446 51.82919025886383 25.424880373631744
v 18.08572471458222 51.94094465343565 26.211782219942016
v 18.08572471458222 51.94094465343565 37.788217780057984
v 18.257563646339815 51.82919025962177 38.575119625064396
v 18.395501252492572 51.55576774335292 39.61290309642621
v 18.595239340024328 51.38790625255415 40.35793209088233
v 18.82626128993171 51.120849679063156 41.24610706119517
v 18.91289240160042 52.057676454116745 24.84394685226066
v 18.72811014580016 52.19401058767894 25.569869457184087
v 18.58181318827641 52.39972482797906 26.59245737979667
v 18.493085640338894 52.563424187233764 27.49583237924868
v 18.430581119629018 52.69904525898858 28.411618713504353
v 18.30776269686489 52.76753293854058 29.44144979436564
v 18.197223839486348 52.79423150248815 30.476672914956985
v 18.141178627406223 52.806047283056124 31.494167418140965
v 18.14117862739593 52.80604728305763 32.505832581832514
v 18.197223839610466 52.7942315026355 33.5233270855034
v 18.30776269712279 52.76753293847583 34.55855020720156
v 18.430581120160884 52.69904525908604 35.588381285094904
v 18.493085640555428 52.563424187144776 36.50416761978569
v 18.581813188170237 52.39972482752266 37.40754261919141
v 18.728110147325538 52.194010586472636 38.43013054351653
v 18.91289240160042 52.057676454116745 39.156053147739335
v 18.925307356216564 53.04719173914336 28.714171198749103
v 18.937456110929986 53.174829552796005 29.50856717409911
v 18.84649073541337 53.21344632261724 30.5171440882086
v 18.79866146923214 53.23028016486505 31.50767287022556
v 18.798661469237196 53.23028016487495 32.492327129774104
v 18.84649073505156 53.213446322289315 33.482855912037934
v 18.937456110243197 53.17482955226814 34.49143283049968
v 18.925307356216564 53.04719173914336 35.285828801250894
v 20.0 12.0 41.0
v 20.0 12.0 41.0
v 19.120835841442446 12.413278278500373 40.72858694598393
v 19.562931240167202 12.45548033826185 41.426870939047795
v 19.704938023757066 12.885212482073518 42.43036646677369
v 19.1866711153896 13.186671115382962 40.607769456059614
v 19.066130068062684 13.04446205673842 41.91277372786183
v 19.40780858628344 13.19794606199699 42.64805160273045
v 19.619829666989634 13.483254244819765 43.37260908199018
v 19.825834271180398 13.881763297242383 44.174165728819595
v 19.503182664467616 14.504022553490405 40.35046553986095
v 19.159167604513733 14.113229476221315 43.82685191647846
v 19.377738555612172 14.484326396836945 44.622261444879115
v 19.622428170665238 14.829958149240301 45.31749648011203
v 19.857371521392093 15.909382405719615 39.97910424924104
v 19.384058019825037 15.362766269555747 40.19044193864846
v 19.026419231546136 15.01994853200794 44.97358076845386
v 19.33102165689986 15.296507667047964 45.63861244405347
v 19.665615402545175 15.695255305241677 46.40736979462989
v 20.0 16.0 47.0
v 19.619674038393324 16.64948603641276 39.83396524104295
v 19.190704854725425 16.10293260413666 40.0276929402614
v 19.394131986804428 16.209952772566712 46.73925521898189
v 19.706052076074688 16.597657258726496 47.402342741486194
v 20.0 17.0 48.0
v 19.50127702629056 17.502040540000518 39.60016539796056
v 19.39413198912284 17.260744780942943 47.79004722820121
v 19.665615403763574 17.592630203686536 48.30474469517124
v 19.95249546791756 18.98051841016258 38.992725288929876
v 19.465039460557946 18.471629868908924 39.274409122008116
v 19.331021657939527 18.361387556643923 48.703492333887546
v 19.62242817196095 18.682503517604307 49.17004185011065
v 19.612341097706956 19.598981221956784 38.80817262027883
v 19.285828801250894 19.10580902245669 39.0432416356558
v 19.026419231546136 19.026419231546136 48.980051467992055
v 19.377738555958476 19.37773855626261 49.51567360298554
v 19.825834271180398 19.825834271180398 50.11823670275761
v 19.505686907039003 20.51480335305466 38.42044022337411
v 19.159167604513733 20.173148083521532 49.88677052377868
v 19.61982966723963 20.627390919359904 50.51674575570213
v 19.586884470679337 21.696081380328643 37.80936271464792
v 19.48398792130503 21.06317774282621 38.151521696846395
v 19.407808587745873 21.35194839909045 50.80205393844772
v 19.70493802456894 21.569633532646108 51.11478751954279
v 19.95249546791756 22.98679586798166 36.99200209784136
v 19.474494731718003 22.495132596740422 37.384905606207184
v 19.066130068062684 22.08722627213816 50.955537943261575
v 19.562931239259825 22.57312906014438 51.54451966091
v 20.0 23.0 52.0
v 19.588381285861438 23.56941888056418 36.69904525911378
v 19.285828801250894 23.074692643783436 37.04719173914336
v 19.427702011630725 23.33857111040924 51.80804473256469
v 19.78621552150271 23.505743207557874 52.09931374967072
v 19.53090298811287 24.83218452585408 35.8181346325621
v 19.445770610286985 24.26731520649174 36.244609117705075
v 19.105938655054985 24.177280185593993 51.93247984726413
v 19.597253658315637 24.60728303986217 52.41929867772206
v 19.5 25.928114486799252 34.93992034688549
v 19.39619020004895 25.46072261149006 35.363120155285884
v 19.424775340840768 25.420963715102413 52.592529031870804
v 19.946221654780192 25.897067395863335 53.031484918150916
v 19.809752290911185 26.96006945675912 33.96238238733135
v 19.443351067285505 26.45123893267437 34.52187385916768
v 19.317134085848878 26.395653027919074 52.809991021659776
v 19.832576878114896 26.52834136912797 53.14846251068021
v 19.809752290911185 27.962382387331353 32.960069456759115
v 19.503766681586338 27.510314594615064 33.51031459461743
v 19.14308562424452 27.028933012271487 34.02739016348034
v 19.03022940391231 27.51299687804266 52.901659486390514
v 19.58001382562843 27.622610004736977 53.260120427248886
v 19.5 28.939920346885494 31.928114486799252
v 19.443351066149965 28.521873859345995 32.45123893282998
v 19.14308562424452 28.02739016348034 33.02893301227149
v 19.01320413201834 28.047504532082435 52.99200209784136
v 19.504867403120688 28.525505267742446 53.38490560590935
v 19.530902985587083 29.818134633057827 30.83218452770898
v 19.396190199135287 29.363120155218116 31.460722611470402
v 19.488900847404466 29.49689214686568 53.51170073676117
v 19.95249546791756 30.992002097841358 28.98679586798166
v 19.588381285952746 30.6990452588463 29.56941888047483
v 19.44577061148979 30.24460911754776 30.267315206946968
v 19.499297049548208 30.49936251573521 53.610770979792235
v 19.586884470514292 31.809362714685065 27.696081380478986
v 19.474494731060627 31.384905606039695 28.495132596425837
v 19.285828801250894 31.047191739143358 29.074692643783436
v 19.504304095853417 31.499984355668737 53.65995069556583
v 19.95249546791756 32.992725288929876 24.98051841016258
v 19.61234109758711 32.80817262030291 25.598981221876468
v 19.505686907755464 32.42044022345457 26.514803353065226
v 19.483987930448937 32.15152169474946 27.063177743381015
v 19.504304095858018 32.50001564422362 53.65995069556748
v 19.857371521392093 33.97910424924104 21.909382405719615
v 19.619674038390002 33.83396524121814 22.64948603656494
v 19.501277026000743 33.60016539802682 23.502040539754905
v 19.465039460544002 33.274409122039664 24.471629869134834
v 19.285828801250894 33.0432416356558 25.105809022456686
v 19.49929704952333 33.50063748424206 53.61077097976636
v 20.206375728340774 34.247090364120716 10.191907078146334
v 19.497738055644177 34.32540009012645 11.063954377466462
v 19.501733892892766 34.514827907051554 12.49826610720737
v 19.501178201300448 34.63713257473034 13.499128390326689
v 19.50107354335728 34.71825643830067 14.499509548051327
v 19.501103617291804 34.75870458287102 15.499830129969267
v 19.501103617290756 34.75870458287098 16.500169870030547
v 19.50107354337559 34.718256438299015 17.500490451951645
v 19.50117820129898 34.637132574723175 18.5008716095908
v 19.501733892822553 34.51482790704739 19.501733892839493
v 19.503182664563766 34.35046553985143 20.50402255359958
v 19.384058019999777 34.19044193868125 21.362766269837945
v 19.190704854725425 34.0276929402614 22.10293260413666
v 19.488900847524214 34.50310785252705 53.51170073691451
v 19.504867403330806 35.474494732281094 10.615094394003767
v 19.01320413201834 35.95249546791756 11.007997902158639
v 19.01320413201834 35.95249546791756 52.99200209784136
v 19.504867403211957 35.47449473301461 53.38490560601557
v 19.580013825406795 36.377389997016685 10.739879572833258
v 19.03022940747835 36.48700311582843 11.098340511167923
v 19.030229400994877 36.487003129874196 52.90165948463752
v 19.58001382514447 36.377389995943474 53.26012042678673
v 19.832576882217214 37.4716586235983 10.851537487626738
v 19.317134085915885 37.604346974428246 11.190008978476206
v 19.317134087036887 37.6043469717391 52.809991021682926
v 19.832576879600296 37.47165862766047 53.14846251102342
v 19.946221654780192 38.10293260413666 10.968515081849084
v 19.424775340693895 38.57903628563122 11.407470968587212
v 19.424775339383462 38.57903628766915 52.59252903073823
v 19.946221654780192 38.10293260413666 53.031484918150916
v 19.59725365945091 39.39271695928976 11.580701321548498
v 19.105938655054985 39.822719814406 12.067520152735867
v 19.105938655054985 39.822719814406 51.93247984726413
v 19.597253658775948 39.39271695924475 52.419298679106845
v 19.786215522993007 40.49425679396304 11.900686247507748
v 19.42770201152252 40.661428889387366 12.191955267247785
v 19.4277020109182 40.661428888383874 51.80804473306598
v 19.78621552429964 40.494256778181125 52.09931375031641
v 20.0 41.0 12.0
v 19.562931240493715 41.426870940426916 12.455480338545623
v 19.066130068062684 41.91277372786183 13.04446205673842
v 19.066130068062684 41.91277372786183 50.955537943261575
v 19.56293123943165 41.42687094008052 51.544519662281274
v 20.0 41.0 52.0
v 19.704938023616187 42.4303664666526 12.885212481917545
v 19.40780858655748 42.64805160350124 13.197946062109853
v 19.40780858416374 42.64805160385763 50.80205393541477
v 19.704938024118533 42.430366462769804 51.11478751687146
v 19.619829666798193 43.37260908156742 13.483254244690038
v 19.159167604513733 43.82685191647846 14.113229476221315
v 19.159167604513733 43.82685191647846 49.88677052377868
v 19.619829667178788 43.372609084845244 50.51674575658563
v 19.825834271180398 44.174165728819595 13.881763297242383
v 19.37773855579916 44.62226144515921 14.4843263969278
v 19.026419231546136 44.97358076845386 15.01994853200794
v 19.026419231546136 44.97358076845386 48.980051467992055
v 19.37773855719438 44.62226144309593 49.51567360348762
v 19.825834271180398 44.174165728819595 50.11823670275761
v 19.622428170665888 45.31749648011099 14.829958149240301
v 19.331021656652418 45.63861244367823 15.296507666744029
v 19.33102165922645 45.63861244838792 48.70349233486647
v 19.622428166369247 45.317496481450505 49.170041847100336
v 19.66561540306711 46.40736979540189 15.695255305222517
v 19.394131986803778 46.73925521898222 16.20995277256708
v 19.394131985660003 46.739255221004264 47.79004722650787
v 19.665615399764704 46.40736979715231 48.30474469421505
v 20.0 47.0 16.0
v 19.706052076074457 47.40234274148472 16.597657258725953
v 19.39413198912284 47.790047228201935 17.260744780942943
v 19.394131985660003 47.79004722650787 46.739255221004264
v 19.70605207612624 47.402342739368166 47.402342740808194
v 20.0 47.0 48.0
v 20.0 48.0 17.0
v 19.6656154036635 48.30474469485118 17.59263020370755
v 19.331021657419814 48.70349233374377 18.36138755595601
v 19.026419231546136 48.980051467992055 19.026419231546136
v 19.026419231546136 48.980051467992055 44.97358076845386
v 19.331021656294105 48.703492328683275 45.63861244443578
v 19.665615403204878 48.30474469346224 46.40736979850235
v 20.0 48.0 47.0
v 19.62242817348349 49.170041851967554 18.682503517822646
v 19.377738555899985 49.51567360344006 19.37773855589722
v 19.159167604513733 49.88677052377868 20.173148083521532
v 19.159167604513733 49.88677052377868 43.82685191647846
v 19.377738556327355 49.51567360209335 44.6222614429676
v 19.62242816636717 49.170041847100336 45.317496481450505
v 19.825834271180398 50.11823670275761 19.825834271180398
v 19.61982966607963 50.5167457545447 20.62739091848368
v 19.407808586427425 50.802053937883926 21.351948396681767
v 19.066130068062684 50.955537943261575 22.08722627213816
v 19.066130068062684 50.955537943261575 41.91277372786183
v 19.407808582599948 50.80205393681544 42.648051602555825
v 19.619829664091206 50.516745753219574 43.37260907991476
v 19.825834271180398 50.11823670275761 44.174165728819595
v 19.70493802460148 51.11478751663597 21.569633533478292
v 19.562931241610908 51.54451966245158 22.573129061287744
v 19.42770200947069 51.808044731839786 23.33857110918614
v 19.105938655054985 51.93247984726413 24.177280185593993
v 19.105938655054985 51.93247984726413 39.822719814406
v 19.42770201033024 51.808044730839335 40.6614288858956
v 19.562931240735132 51.54451966153053 41.4268709378659
v 19.704938025119787 51.114787518448196 42.43036646890984
v 20.0 52.0 23.0
v 19.786215521512318 52.09931374968879 23.505743207563004
v 19.597253660306247 52.41929867917366 24.607283043278734
v 19.424775339949115 52.59252903118743 25.420963713089364
v 19.31713408546848 52.809991021411115 26.395653026940177
v 19.030229407620666 52.90165948927162 27.512996872068314
v 19.01320413201834 52.99200209784136 28.047504532082435
v 19.01320413201834 52.99200209784136 35.95249546791756
v 19.03022940862519 52.90165948974326 36.48700312763153
v 19.317134084670737 52.809991021177126 37.60434697449991
v 19.42477534141227 52.592529031963124 38.57903628498337
v 19.597253661459863 52.419298678811785 39.392716957451626
v 19.786215524294143 52.09931375031933 40.494256778170055
v 20.0 52.0 41.0
v 19.946221654780192 53.031484918150916 25.897067395863335
v 19.832576885997753 53.14846251451331 26.52834138057116
v 19.580013826062622 53.26012042757361 27.622610005920105
v 19.50486740353871 53.384905606159954 28.52550526761492
v 19.488900847594543 53.51170073684963 29.49689214702554
v 19.499297049514695 53.610770979753575 30.499362515458678
v 19.504304095854934 53.659950695565286 31.499984355599274
v 19.504304095855975 53.659950695566515 32.50001564422263
v 19.499297049523815 53.61077097976567 33.50063748424213
v 19.488900847540883 53.511700736920204 34.50310785252861
v 19.504867403386925 53.38490560612033 35.474494731330225
v 19.58001382464065 53.260120426819526 36.37738999883992
v 19.832576879196473 53.148462511766354 37.471658625435396
v 19.946221654780192 53.031484918150916 38.10293260413666
v 20.391106034414076 11.595384868485676 40.622329943346706
v 20.5454466499776 11.846270871541913 41.38517577743935
v 20.941591002356148 11.967004532431265 42.063921601276164
v 20.581181163363564 11.956583977403218 40.57341761146951
v 20.297725291416157 12.063203188727725 41.5374185944036
v 20.441350508966018 12.495935089335793 42.55981109875527
v 20.592172661830624 12.890568344485434 43.40782733813642
v 20.504022553621944 13.503182664515984 40.35046553986213
v 20.014364126304457 13.008877407970553 42.984254949547775
v 20.40063958752403 13.121372008726114 43.59936041434902
v 20.62739091800989 13.483254244309602 44.38017033238938
v 20.8398147501882 13.899876243007087 45.1366699463933
v 20.963081815665507 14.963081815665507 39.99304073850159
v 20.452604246114532 14.452604245722103 40.20342990651758
v 20.173148083521532 14.113229476221315 44.84083239548626
v 20.414378651972175 14.483744143784282 45.5779629375821
v 20.654246350290286 14.842447320799643 46.21560249205954
v 20.620112424247075 15.584888076636005 39.934216115080794
v 20.39041442349812 15.233976664461 40.05287599552496
v 20.05752774259684 15.039930543240882 45.951075132025984
v 20.297870796004077 15.440992558598998 46.642025209755225
v 20.54843646071731 15.803356103816483 47.22899567461089
v 20.499534642089934 16.499021319932485 39.72817095827489
v 20.259847430145406 16.383284865078423 47.61671513311498
v 20.548436461289764 16.77100432396311 48.19664389545221
v 20.505103720378802 17.507948921794007 39.42744645229891
v 20.297870797238684 17.357974789396085 48.559007440717785
v 20.654246344976183 17.78439750999234 49.15755267557688
v 20.51206140456654 18.88488801513647 38.93354956403643
v 20.37314800968772 18.37910960188242 39.15225427478141
v 20.05752774259684 18.048924867974016 48.960069456759115
v 20.414378653223743 18.422037060492467 49.51625585549979
v 20.8398147501882 18.863330053606692 50.10012375699291
v 20.49905739293419 19.49650270406873 38.69577876663979
v 20.173148083521532 19.159167604513733 49.88677052377868
v 20.627390919279765 19.619829666974187 50.516745755627596
v 20.815110995526904 20.921145131834916 37.96183750343505
v 20.412208377796027 20.39675581286025 38.31241768442658
v 20.400639585928115 20.400639585928115 50.878627991158865
v 20.59217266254155 20.59217266254155 51.109431655782984
v 20.580787039669886 21.595485288536807 37.67915866836024
v 20.148444328860236 21.058408997643852 38.030108605102654
v 20.014364126304457 21.015745050452217 50.99112259202944
v 20.441350509074713 21.44018889933041 51.504064911037695
v 20.941591002356148 21.936078398723836 52.03299546756873
v 20.48700313271528 22.96977059729296 36.901659486007176
v 20.377389996051363 22.419986174869816 37.260120426989864
v 20.297725289977322 22.462581403197348 51.93679681074933
v 20.54544664928859 22.614824221789437 52.1537291275898
v 20.504167619507363 23.5069143597063 36.5634241874858
v 20.48699985275878 23.48909538452313 52.50843261226592
v 20.606459413380094 24.64658740475909 35.73886895601455
v 20.495416575073637 24.104448222382008 36.15127190683817
v 20.418568733195674 24.346333819717902 52.80159111399762
v 20.834998555059418 24.55491968495894 53.09817232024699
v 20.53297174237368 25.823215079399187 34.82290738650158
v 20.42526554017655 25.308188098314357 35.271316399967496
v 20.129702836514433 25.230400729196667 52.92777476740779
v 20.606199649941384 25.61975339993703 53.32771260715563
v 20.499290265192585 26.888946694392093 33.880945231317334
v 20.388670344815623 26.40274430009155 34.36095912277149
v 20.489354143564203 26.493580012939585 53.5111779368256
v 20.499290251356722 27.88094523541857 32.888946702490585
v 20.377273113834185 27.41159683824909 33.411596837898955
v 20.40451471138903 27.419212960062623 53.67915866807013
v 20.941591002356148 27.851555671139756 54.03010860510265
v 20.532971742860045 28.822907386968403 31.82321507947697
v 20.388670344770684 28.360959122892886 32.40274429995277
v 20.303918619426167 28.413115528766117 53.80936271451404
v 20.936822257294473 28.51601207850874 54.15152169733452
v 20.606459414460044 29.73886895663491 30.64658740455173
v 20.42526554550635 29.271316399308628 31.308188098334863
v 20.090112918763495 29.47379593477576 53.84009651408035
v 20.77354424928394 29.550498506576954 54.208842815379796
v 20.487003130954225 30.90165948789839 28.96977059280002
v 20.504167620534353 30.56342418724314 29.506914359768523
v 20.495416586570112 30.151271906650116 30.104448227671597
v 20.11874401457092 30.5 53.93700763944557
v 20.65271804438762 30.54515796945659 54.23670968603293
v 20.815110995526904 31.961837503435053 26.92114513183492
v 20.58078704139754 31.67915866843648 27.595485287536647
v 20.377389997817133 31.26012042748099 28.41998617470858
v 20.075491826837172 31.5 53.959953715804886
v 20.59062130548648 31.517482245000924 54.24857505391732
v 20.512061404462827 32.93354956434205 24.884888015738845
v 20.49905739312858 32.69577876673578 25.496502704606126
v 20.41220837678597 32.31241768452225 26.39675581299878
v 20.148444328860236 32.030108605102654 27.058408997643852
v 20.075491826837172 32.5 53.959953715804886
v 20.59062130548839 32.4825177549505 54.248575053916426
v 20.33441067485633 33.98346937696275 10.082746833793934
v 20.27885270418255 34.0156389764431 10.419937771146227
v 20.963081815665507 33.99304073850159 11.03691818433449
v 20.963081815665507 33.99304073850159 20.963081815665507
v 20.620112424020526 33.934216115086166 21.58488807678884
v 20.499534642211714 33.72817095842591 22.499021320375785
v 20.50510372012939 33.427446452453935 23.507948921727515
v 20.373148009338067 33.15225427531641 24.379109602426755
v 20.11874401457092 33.5 53.93700763944557
v 20.65271804437304 33.454842030540675 54.23670968606209
v 20.51319802424873 35.05695092278472 10.026003012240498
v 19.7802405210682 34.34990675752388 10.533650465876224
v 20.263801702568138 34.18779604484409 11.287275533774018
v 20.50402255361125 34.35046553985914 12.496817335438598
v 20.502530216880952 34.47388913669005 13.498525721332433
v 20.50185487227568 34.55569553282017 14.499328218538349
v 20.501616359083233 34.596465285308746 15.499800486842403
v 20.5016163590857 34.59646528530849 16.500199513157995
v 20.501854872279072 34.55569553281988 17.50067178146214
v 20.502530216837396 34.47388913670122 18.501474278615447
v 20.504022553634798 34.35046553986517 19.503182664661928
v 20.452604245617174 34.20342990653976 20.4526042453772
v 20.390414423892295 34.052875995606215 21.233976664894335
v 20.09011291707355 34.52620406517497 53.84009651306138
v 20.773544249311424 34.44950149504022 54.20884281538981
v 20.936822255639772 35.48398792449476 9.848478303354742
v 20.303918619899253 35.58688446996302 10.190637285403552
v 20.303918619612492 35.586884470580245 53.809362714560436
v 20.93682225635437 35.48398792586575 54.15152169569781
v 20.941591002356148 36.148444328860236 9.969891394897346
v 20.40451471151402 36.58078704097898 10.32084133173145
v 20.40451471161517 36.58078704045842 53.679158668110965
v 20.941591002356148 36.148444328860236 54.03010860510265
v 20.48935414405095 37.50641998695639 10.488822062760667
v 20.489354143394365 37.50641998760988 53.511177937085115
v 20.606199649099313 38.380246599733105 10.672287393704293
v 20.129702836514433 38.769599270803326 11.072225232592203
v 20.129702836514433 38.769599270803326 52.92777476740779
v 20.606199650292286 38.380246600718856 53.32771260729992
v 20.834998551034474 39.445080316195245 10.901827684902702
v 20.41856873282492 39.653666178817346 11.198408885827643
v 20.418568733332485 39.65366618082593 52.80159111389843
v 20.834998557132252 39.4450803194046 53.09817232123629
v 20.486999852576464 40.51090461607831 11.491567388105159
v 20.486999852229403 40.51090461621112 52.50843261208765
v 20.545446650085164 41.385175777306316 11.846270871690848
v 20.29772529141589 41.53741859440153 12.063203188727782
v 20.297725292806305 41.53741859653392 51.93679681276122
v 20.545446651595437 41.38517578012318 52.15372912849171
v 20.941591002356148 42.063921601276164 11.967004532431265
v 20.441350509223124 42.55981109940272 12.495935089497495
v 20.014364126304457 42.984254949547775 13.008877407970553
v 20.014364126304457 42.984254949547775 50.99112259202944
v 20.441350510566632 42.55981110094235 51.504064912054076
v 20.941591002356148 42.063921601276164 52.03299546756873
v 20.59217266286748 43.40782734019623 12.890568345117527
v 20.400639586941388 43.59936041323997 13.12137200838439
v 20.400639584370275 43.599360414120625 50.87862799123805
v 20.592172668022975 43.40782733781053 51.109431657671315
v 20.627390918408103 44.38017033316418 13.483254244548396
v 20.173148083521532 44.84083239548626 14.113229476221315
v 20.173148083521532 44.84083239548626 49.88677052377868
v 20.627390916666815 44.380170331801835 50.51674575427869
v 20.8398147501882 45.1366699463933 13.899876243007087
v 20.414378653125937 45.57796293915226 14.483744144333766
v 20.05752774259684 45.951075132025984 15.039930543240882
v 20.05752774259684 45.951075132025984 48.960069456759115
v 20.414378653623583 45.577962939605165 49.516255855701424
v 20.8398147501882 45.1366699463933 50.10012375699291
v 20.654246350290713 46.21560249206109 14.842447320802293
v 20.297870796193756 46.64202520957075 15.440992558586556
v 20.29787079790222 46.64202521024081 48.55900743975378
v 20.654246345631126 46.215602489279384 49.15755267412233
v 20.54843646137105 47.22899567527087 15.803356104729314
v 20.259847431663058 47.61671513481665 16.383284865774577
v 20.259847432660127 47.61671513389424 47.616715134835424
v 20.548436461004943 47.22899567339123 48.196643898765906
v 20.54843646076859 48.196643894226725 16.771004323966743
v 20.297870796755376 48.559007440658604 17.357974789098744
v 20.05752774259684 48.960069456759115 18.048924867974016
v 20.05752774259684 48.960069456759115 45.951075132025984
v 20.297870793503243 48.55900744052012 46.64202521042457
v 20.548436457358495 48.19664389191343 47.22899567469363
v 20.654246344977448 49.157552675580355 17.784397509996342
v 20.414378653696186 49.516255855815736 18.42203706137814
v 20.173148083521532 49.88677052377868 19.159167604513733
v 20.173148083521532 49.88677052377868 44.84083239548626
v 20.41437865509738 49.51625585395536 45.57796294008753
v 20.654246345626824 49.15755267413094 46.21560248926217
v 20.8398147501882 50.10012375699291 18.863330053606692
v 20.627390917787093 50.5167457546946 19.619829665674757
v 20.40063958592989 50.878627991159476 20.400639585931426
v 20.014364126304457 50.99112259202944 21.015745050452217
v 20.014364126304457 50.99112259202944 42.984254949547775
v 20.400639588266458 50.87862799231196 43.5993604125203
v 20.62739091848386 50.51674575359539 44.380170334457304
v 20.8398147501882 50.10012375699291 45.1366699463933
v 20.592172662549384 51.10943165579015 20.592172662548972
v 20.44135050761566 51.5040649092734 21.440188901058594
v 20.297725289978903 51.93679681074933 22.462581403197348
v 20.297725292803843 51.93679681276049 41.53741859653535
v 20.441350510923886 51.5040649109845 42.559811102619676
v 20.59217266174983 51.109431655987684 43.407827339905424
v 20.941591002356148 52.03299546756873 21.936078398723836
v 20.54544664920703 52.153729128095556 22.614824223708556
v 20.486999852764257 52.5084326122682 23.489095384521303
v 20.4185687339193 52.80159111443228 24.346333820153195
v 20.129702836514433 52.92777476740779 25.230400729196667
v 20.129702836514433 52.92777476740779 38.769599270803326
v 20.418568731833872 52.80159111412237 39.653666179877185
v 20.486999851583164 52.50843261096986 40.510904615315454
v 20.54544665132998 52.15372912927608 41.385175777449454
v 20.941591002356148 52.03299546756873 42.063921601276164
v 20.83499854926926 53.09817231533636 24.554919679814468
v 20.606199647686893 53.3277126055591 25.61975339987674
v 20.489354144147562 53.511177937457916 26.49358001246154
v 20.404514712093736 53.67915866853202 27.419212959393395
v 20.30391862034927 53.80936271479344 28.413115530058157
v 20.090112917235388 53.840096513447946 29.473795928247917
v 20.11874401457092 53.93700763944557 30.5
v 20.075491826837172 53.959953715804886 31.5
v 20.075491826837172 53.959953715804886 32.5
v 20.11874401457092 53.93700763944557 33.5
v 20.090112917630027 53.84009651377966 34.52620406813291
v 20.303918620201195 53.80936271472037 35.58688447042589
v 20.404514711018923 53.67915866776879 36.58078704103793
v 20.489354144109015 53.51117793726744 37.50641998732201
v 20.606199649937338 53.32771260619836 38.38024659954703
v 20.834998554903486 53.09817231572469 39.44508031394171
v 20.941591002356148 54.03010860510265 27.851555671139756
v 20.936822254596184 54.15152169677837 28.516012078538857
v 20.773544248965035 54.208842815043894 29.550498504066454
v 20.65271804433783 54.23670968599449 30.545157969159842
v 20.590621305485115 54.248575053916305 31.517482245001126
v 20.590621305474095 54.248575053911765 32.48251775495032
v 20.65271804447395 54.23670968607497 33.45484203042715
v 20.773544249720832 54.20884281550311 34.4495014953711
v 20.936822256672876 54.15152169731149 35.48398792435475
v 20.941591002356148 54.03010860510265 36.148444328860236
v 21.952040119397758 10.976377422649183 40.93352686980242
v 21.952040119397758 10.976377422649183 41.052966695046564
v 20.74855308932907 11.682157312159852 40.6966778667789
v 21.44652932235199 11.436960425518084 41.554818310430456
v 21.604882352673528 11.76893371349565 42.395117646371716
v 21.936078398723836 11.967004532431265 43.05840899764385
v 21.20880560771782 12.195094154061993 40.36933232669759
v 21.311996983159744 12.081278815272418 42.688003020121
v 21.440188901230165 12.495935089360437 43.55864949123571
v 21.569633535120758 12.885212482693563 44.29506197841963
v 21.909382405719615 13.857371521392093 39.97910424924104
v 21.362766269511965 13.384058019541017 40.190441938712844
v 21.015745050452217 13.008877407970553 43.98563587369554
v 21.35194839645511 13.197946062009322 44.59219141343881
v 21.65146641237715 13.586820990847604 45.390871125469005
v 21.920129180453074 13.954384432126183 46.058018888718934
v 21.584888076109593 14.620112423593605 39.93421611501062
v 21.23397666485643 14.390414424371246 40.05287599527642
v 21.302384230447213 14.123139126381169 45.82333771046071
v 21.543266635570017 14.487884264804052 46.46998353428886
v 21.824698096164628 14.894237432306868 47.11922252271848
v 21.49864007375237 15.498640073560296 39.7705768832303
v 21.15803142949796 15.100075819855675 46.885934283106856
v 21.458812011308876 15.476206792473137 47.53124398085084
v 21.79298911699138 15.867639159124273 48.13236084087573
v 21.50380680352405 16.50433621616957 39.51403278985972
v 21.12632245032471 16.085225229516606 47.91477477048339
v 21.45881201069421 16.46875601989431 48.52379320745092
v 21.824698096164628 16.880777477281516 49.10576256769313
v 21.879127685565834 17.911503331871263 38.970863749957054
v 21.395586356098036 17.3875925449816 39.27473586291963
v 21.15803142949796 17.114065716893137 48.899924180144325
v 21.543266634562887 17.530016466928437 49.5121157361413
v 21.920129180453074 17.94198111128106 50.04561556787381
v 21.63402262331344 18.641577663699668 38.78050673523147
v 21.212461018899166 18.137803282674632 39.05042960018612
v 21.302384239300352 18.176662286255393 49.87686088066287
v 21.651466412554566 18.60912887414988 50.413179009238746
v 21.506853329013918 19.510580278450185 38.466595413076135
v 21.351948397321376 19.407808588247953 50.80205393835615
v 21.569633533654386 19.704938023915734 51.1147875191201
v 21.570519408481825 20.74666127431593 37.88051759364876
v 21.43186896304582 20.262232763584215 38.14642842234147
v 21.015745050452217 20.014364126304457 50.99112259202944
v 21.440188900533123 20.441350509241005 51.50406491053572
v 21.936078398723836 20.941591002356148 52.03299546756873
v 21.50641998907912 21.510645857028543 37.51117793711183
v 21.311996978593527 21.311996978027565 51.91872118608679
v 21.60488235320212 21.60488235320212 52.231066285861324
v 21.604346971175037 22.682865913221587 36.80999102208469
v 21.47165863078398 22.16742311918969 37.14846251260507
v 21.446529322620066 22.445181689426676 52.563039574473116
v 21.952040119397758 22.94703330495343 53.023622577350814
v 21.78821778005798 23.91427528541778 35.94094465343565
v 21.40754262203296 23.418186810678144 36.399724827655106
v 21.333045463894493 23.45139079490443 52.940748847195046
v 21.579151733397655 23.58609849132352 53.11944114575268
v 21.580133898073758 24.575489355607264 35.54297353502179
v 21.121551113391313 24.046433004385435 36.03299546756873
v 21.015745050452217 24.02209712299241 52.99200209784136
v 21.496297578931006 24.50207450995256 53.42395214616326
v 21.63785173862535 25.622629838690298 34.69667074239781
v 21.500879144809147 25.121057845521065 35.139491438731895
v 21.396090165643116 25.401016792970722 53.666318800814416
v 21.920129180453074 25.87138509867778 54.0376216114346
v 21.593612432241983 26.718853829201848 33.73426375852598
v 21.450814040152697 26.231501425188576 34.223116829653
v 21.253338727099514 26.42948059908944 53.88051759541832
v 21.737767238323407 26.56813103393032 54.146428422864105
v 21.59361242912294 27.734263759799333 32.71885382863222
v 21.43526042978532 27.258849121147822 33.258849118551176
v 21.07885486816508 27.184889004473092 53.96183750343505
v 21.603244186917138 27.587791622416525 54.31241768442312
v 21.637851743181017 28.6966707415781 31.62262983751169
v 21.450814043625343 28.223116830131634 32.23150142621293
v 21.485196647099333 28.494313092828857 54.420440223498474
v 21.78821778005798 29.94094465343565 29.91427528541778
v 21.58013389647377 29.54297353436026 30.5754893551711
v 21.500879154326093 29.139491431802192 31.121057839926262
v 21.49526428068296 29.498292659437006 54.559117942372964
v 21.604346974181862 30.80999102113731 28.682865913398274
v 21.40754261677027 30.39972482875856 29.418186811226477
v 21.121551113391313 30.032995467568732 30.046433004385435
v 21.50136658297025 30.499830017179363 54.65061608271467
v 21.57051940870504 31.880517595358107 26.746661275605476
v 21.506419988494805 31.511177936964387 27.510645856619202
v 21.471658628223544 31.14846251474618 28.16742311971836
v 21.50422711645718 31.500076623812706 54.69608582319212
v 21.879127685565834 32.970863749957054 23.911503331871263
v 21.63402262254982 32.78050673583606 24.64157766547673
v 21.50685332983212 32.46659541285744 25.510580279049318
v 21.431868960209357 32.14642842288064 26.262232762240828
v 21.504227116462392 32.499923376224125 54.69608582319626
v 21.271133600552226 33.57907265479221 9.538622704169615
v 21.498640073557652 33.770576883381096 10.501359925851622
v 21.584888076361676 33.93421611513199 11.379887575753461
v 21.909382405719615 33.97910424924104 12.142628478607906
v 21.909382405719615 33.97910424924104 19.857371521392093
v 21.584888076896146 33.93421611514576 20.62011242452825
v 21.49864007345792 33.77057688341126 21.498640073870618
v 21.503806803691454 33.51403278973544 22.504336215764344
v 21.395586355635146 33.274735863180695 23.387592545539754
v 21.212461018899166 33.05042960018612 24.137803282674632
v 21.501366582956912 33.50016998275006 54.65061608271022
v 21.440081631429777 35.34171164365317 9.609849482153443
v 21.233976664803123 34.052875995316434 11.609585575522702
v 21.362766269631773 34.190441938681154 12.615941980104077
v 21.50640653073934 34.26769293921539 13.496973425762222
v 21.504815411922532 34.35049286738036 14.49860568834487
v 21.504131113786812 34.39173656795149 15.499595354880542
v 21.504131113787924 34.391736567952584 16.500404645074024
v 21.5048154119243 34.35049286738024 17.501394311651055
v 21.506406530741973 34.26769293921746 18.503026574218552
v 21.362766269915316 34.19044193864338 19.38405802006286
v 21.233976663991296 34.05287599540598 20.390414423679616
v 21.49526428059384 34.50170734054098 54.559117942286235
v 21.48519664704278 35.50568690746681 9.579559776542851
v 21.48519664694088 35.50568690694443 54.42044022333707
v 21.603244187151255 36.41220837659733 9.68758231535293
v 21.07885486816508 36.81511099552691 10.038162496564945
v 21.07885486816508 36.81511099552691 53.96183750343505
v 21.603244188211153 36.412208377844536 54.31241768507564
v 21.73776723697945 37.431868963911484 9.853571577308388
v 21.253338724371876 37.57051940429261 10.11948240470201
v 21.253338724117068 37.57051940952326 53.88051759538414
v 21.73776723743216 37.43186896802573 54.14642842186831
v 21.920129180453074 38.128614901322216 9.96237838856539
v 21.39609016541293 38.59898320815758 10.333681199395235
v 21.39609016574798 38.598983207140314 53.66631880071572
v 21.920129180453074 38.128614901322216 54.0376216114346
v 21.496297579499288 39.49792549120075 10.576047853312044
v 21.015745050452217 39.97790287700759 11.007997902158639
v 21.015745050452217 39.97790287700759 52.99200209784136
v 21.49629757846039 39.49792548968196 53.42395214567579
v 21.579151731940037 40.413901509957554 10.88055885457974
v 21.333045462976447 40.548609208408614 11.059251152472727
v 21.333045465969246 40.54860920546245 52.94074884698031
v 21.579151734728118 40.41390150836225 53.1194411453826
v 21.952040119397758 41.052966695046564 10.976377422649183
v 21.446529322471996 41.55481831082992 11.43696042562029
v 21.446529322191928 41.554818309980504 52.56303957449596
v 21.952040119397758 41.052966695046564 53.023622577350814
v 21.604882352671215 42.3951176464567 11.768933713494654
v 21.311996980116813 42.68800301373465 12.081278813492755
v 21.311996968594663 42.68800301470134 51.9187211868285
v 21.6048823576144 42.39511764877855 52.23106628773217
v 21.936078398723836 43.05840899764385 11.967004532431265
v 21.440188900918113 43.55864949070715 12.495935089214592
v 21.015745050452217 43.98563587369554 13.008877407970553
v 21.015745050452217 43.98563587369554 50.99112259202944
v 21.4401889000757 43.55864949138292 51.50406491105616
v 21.936078398723836 43.05840899764385 52.03299546756873
v 21.569633533593493 44.29506197614742 12.88521248184294
v 21.351948396005803 44.592191412831504 13.197946061875998
v 21.35194839937172 44.59219141253317 50.80205393723739
v 21.569633533077894 44.29506197417272 51.11478751816181
v 21.651466412542327 45.390871125685564 13.586820990667396
v 21.302384230448077 45.823337710458986 14.12313912637944
v 21.30238424194509 45.823337708145694 49.87686087032948
v 21.651466411695527 45.39087112505697 50.41317901105557
v 21.920129180453074 46.058018888718934 13.954384432126183
v 21.543266633486002 46.46998353228318 14.48788426384016
v 21.15803142949796 46.885934283106856 15.100075819855675
v 21.15803142949796 46.885934283106856 48.899924180144325
v 21.543266634339382 46.4699835322432 49.51211573392813
v 21.920129180453074 46.058018888718934 50.04561556787381
v 21.824698096164628 47.11922252271848 14.894237432306868
v 21.458812011637626 47.5312439804643 15.476206793185735
v 21.12632245032471 47.91477477048339 16.085225229516606
v 21.12632245032471 47.91477477048339 47.91477477048339
v 21.458812008051858 47.531243979482966 48.52379320626277
v 21.824698096164628 47.11922252271848 49.10576256769313
v 21.79298911699138 48.13236084087573 15.867639159124273
v 21.458812010893254 48.52379320720221 16.46875602047304
v 21.15803142949796 48.899924180144325 17.114065716893137
v 21.15803142949796 48.899924180144325 46.885934283106856
v 21.458812017706183 48.52379320909136 47.53124397831772
v 21.79298911699138 48.13236084087573 48.13236084087573
v 21.824698096164628 49.10576256769313 16.880777477281516
v 21.543266635840737 49.5121157366178 17.53001646804969
v 21.302384239911497 49.87686087613232 18.176662289300925
v 21.302384241943653 49.876860870330155 45.82333770814631
v 21.54326663353545 49.51211573521728 46.46998353246942
v 21.824698096164628 49.10576256769313 47.11922252271848
v 21.920129180453074 50.04561556787381 17.94198111128106
v 21.65146641562646 50.413179010488534 18.609128875416772
v 21.3519483963682 50.8020539374764 19.407808585875014
v 21.015745050452217 50.99112259202944 20.014364126304457
v 21.015745050452217 50.99112259202944 43.98563587369554
v 21.351948395523724 50.80205393724837 44.592191413553316
v 21.651466411007355 50.41317900848677 45.39087112485042
v 21.920129180453074 50.04561556787381 46.058018888718934
v 21.569633536392985 51.11478752053918 19.70493802503168
v 21.440188899968295 51.504064910372556 20.441350507158784
v 21.311996983805123 51.91872118562054 21.311996987783036
v 21.31199698937062 51.91872119092841 42.68800302294008
v 21.440188902062268 51.50406491232132 43.55864949110297
v 21.569633540966738 51.1147875180144 44.2950619749848
v 21.936078398723836 52.03299546756873 20.941591002356148
v 21.604882353589478 52.23106628640832 21.60488235259735
v 21.446529322911292 52.5630395753418 22.44518169035451
v 21.333045462599497 52.940748847511934 23.451390792872342
v 21.015745050452217 52.99200209784136 24.02209712299241
v 21.015745050452217 52.99200209784136 39.97790287700759
v 21.33304546915116 52.9407488491842 40.54860920237877
v 21.44652932388442 52.56303957524352 41.554818311335666
v 21.604882353170915 52.2310662886519 42.39511764613872
v 21.936078398723836 52.03299546756873 43.05840899764385
v 21.952040119397758 53.023622577350814 22.94703330495343
v 21.579151730152976 53.11944114498101 23.58609848782314
v 21.496297580312426 53.423952147209675 24.502074509249137
v 21.3960901665396 53.66631880109183 25.40101679247638
v 21.25333872437459 53.88051759582396 26.429480594893512
v 21.07885486816508 53.96183750343505 27.184889004473092
v 21.07885486816508 53.96183750343505 36.81511099552691
v 21.25333872404971 53.880517595017004 37.5705193977938
v 21.39609016537107 53.66631880145242 38.5989832076191
v 21.496297581753435 53.423952146244964 39.49792548964691
v 21.5791517299462 53.11944114446741 40.41390151022791
v 21.952040119397758 53.023622577350814 41.052966695046564
v 21.920129180453074 54.0376216114346 25.87138509867778
v 21.737767238652815 54.14642842407439 26.56813103525534
v 21.60324418761241 54.31241768489283 27.587791622930236
v 21.485196646959547 54.42044022334911 28.494313092802248
v 21.495264280542408 54.55911794224678 29.498292659729483
v 21.501366582969037 54.65061608271584 30.499830017179512
v 21.504227116456292 54.69608582319279 31.500076623813353
v 21.504227116460626 54.69608582319569 32.49992337622432
v 21.5013665829749 54.65061608271572 33.500169982979536
v 21.495264280740297 54.559117942419476 34.5017073408958
v 21.485196647022253 54.420440223552035 35.5056869071535
v 21.60324418632743 54.31241768428504 36.412208377299656
v 21.737767234561552 54.14642842099248 37.43186896427925
v 21.920129180453074 54.0376216114346 38.128614901322216
v 22.97448259836181 10.933269501716474 39.99304073850159
v 23.147617911792324 10.270003581110554 40.19435721867846
v 22.591495530260083 10.825203326928053 41.40850446943648
v 22.94703330495343 10.976377422649183 42.047959880602235
v 22.90421635582512 11.5 39.973875842294085
v 22.107768119586513 11.19632896631183 40.288151071684446
v 22.336622481675345 11.059725405353822 41.66337751692242
v 22.445181689606844 11.436960425560777 42.55347067776435
v 22.614824223595882 11.846270872040899 43.45455335134349
v 23.0 12.0 44.0
v 22.848102335358043 12.567051139869434 39.91150908862984
v 22.15694225964973 12.43347060794883 40.11264520175863
v 22.4625814048354 12.063203188066726 43.702274707012506
v 22.57312906105501 12.455480338350883 44.437068759917395
v 22.753892938804828 12.879150320936844 45.173738710068285
v 22.649486036430485 13.619674038336395 39.833965241068825
v 22.10293260413666 13.190704854725427 40.0276929402614
v 22.08722627213816 13.04446205673842 44.93386993193731
v 22.33490556357604 13.389296582109642 45.626249278280845
v 22.594209411043813 13.785062415129563 46.321788125097726
v 22.499021320291206 14.499534642237279 39.728170958382776
v 22.390106429920444 14.200030284269872 46.70305680978348
v 22.683172440675225 14.651651694328486 47.418233074669466
v 22.5043362157948 15.5038068038658 39.51403278981576
v 22.463428850979202 15.15032668473111 47.825823587539496
v 22.710661460922243 15.579665565997015 48.420334434847
v 22.948944410373603 16.948944410373603 38.9854443332431
v 22.445166377512166 16.445166377951235 39.28883681288225
v 22.463428850972495 16.174176409843703 48.84967331440397
v 22.683172439561538 16.581766926615593 49.34834830611863
v 22.620733999352193 17.597672217469484 38.88716025340587
v 22.353103333588585 17.24774154761985 39.07157805660137
v 22.390106431771777 17.296943187992024 49.79996971473735
v 22.59420940879108 17.678211872725477 50.2149375833964
v 22.50189484951374 18.50190613215759 38.604525677300444
v 22.334905564893962 18.373750720895927 50.610703417878085
v 22.753892938804828 18.82626128993171 51.120849679063156
v 22.795281567988884 19.86026743572723 37.9388624205323
v 22.37350427705351 19.37326613301874 38.29126300648916
v 22.08722627213816 19.066130068062684 50.955537943261575
v 22.573129060746638 19.5629312395712 51.54451966196184
v 23.0 20.0 52.0
v 22.598983205433527 20.603909833953665 37.66631880098681
v 22.128614901322216 20.079870819546922 38.0376216114346
v 22.462581401998424 20.29772528942569 51.93679680894719
v 22.614824221289474 20.54544664791742 52.15372912790164
v 22.76959927080333 21.870297163485564 36.9277747674078
v 22.380246600330366 21.393800349863138 37.32771260676366
v 22.445181690699208 21.446529322935344 52.563039574556306
v 22.94703330495343 21.952040119397758 53.023622577350814
v 22.5790362849411 22.575224659301774 36.59252903194867
v 22.10293260413666 22.053778345219804 37.031484918150916
v 22.336622479090888 22.336622480995768 52.940274593944835
v 22.591495528971418 22.591495528773716 53.17479667302099
v 22.57511962292213 23.742436354762994 35.82919025862998
v 22.430130539869413 23.271889855242616 36.19401058475508
v 22.490411457684356 23.491058459931327 53.51074226531472
v 22.743896583527828 24.885934283106856 34.91088972059604
v 22.377218729937272 24.423519067982667 35.4100581621969
v 22.372447805065562 24.35828080322035 53.77812211957119
v 22.806399230939434 24.7551633347954 54.082579809409175
v 22.897805876071676 25.95745814255875 33.96238238733135
v 22.494707719286044 25.501211926150017 34.520524891143324
v 22.07722991686116 25.032615826397354 35.02600552524072
v 22.139732564272766 25.204718432011113 53.9388624205323
v 22.626733867673344 25.626495725604883 54.29126300708563
v 22.948944410373603 26.98005146799206 32.980051467992055
v 22.594826746301184 26.57033483086214 33.53328877530884
v 22.231139209405008 26.091776731935315 34.08198249688307
v 22.489419721554587 26.493146671023904 54.466595413204224
v 22.897805876071676 27.962382387331353 31.95745814255875
v 22.594826746845847 27.533288776153487 32.5703348320175
v 22.282277743706935 27.105762567693127 33.10576256769313
v 22.503497295651638 27.500942606307426 54.695778766698815
v 22.743896583527828 28.91088972059604 30.885934283106856
v 22.4947077206377 28.52052489030298 31.501211925284732
v 22.231139209405008 28.081982496883075 32.09177673193532
v 22.401018778310018 28.387658903315558 54.808172620275755
v 22.89419097754331 28.714171198749103 55.0432416356558
v 22.575119627301657 29.829190259442264 29.742436353740256
v 22.377218726436507 29.410058162226495 30.423519068655434
v 22.07722991686116 29.02600552524072 31.032615826397354
v 22.174671884921487 29.443182980221156 54.85116618570382
v 22.901372181549547 29.53966729159043 55.16018940822714
v 22.76959927080333 30.927774767407797 27.870297163485564
v 22.579036285542774 30.592529031543126 28.575224660044483
v 22.430130544427236 30.194010586524602 29.271889856055008
v 22.073577906675382 30.492132287892524 54.893222036198
v 22.758294108660973 30.545495004254423 55.189706525330244
v 22.795281567988884 31.938862420532303 25.86026743572723
v 22.598983207169844 31.666318801287684 26.603909835040596
v 22.380246597511242 31.32771260641931 27.39380035054051
v 22.10293260413666 31.031484918150916 28.053778345219804
v 22.11773408246822 31.5 54.950820927342825
v 22.68073722083711 31.518624235840065 55.20035334376875
v 22.948944410373603 32.9854443332431 8.980733053436762
v 22.948944410373603 32.9854443332431 9.051055589626396
v 22.948944410373603 32.9854443332431 22.948944410373603
v 22.620733999362475 32.88716025370326 23.597672217184684
v 22.501894848690224 32.604525677753166 24.50190613085124
v 22.373504275918368 32.29126300715231 25.37326613263255
v 22.128614901322216 32.0376216114346 26.079870819546926
v 22.11773408246822 32.5 54.950820927342825
v 22.680737220863737 32.48137576411782 55.20035334377163
v 23.0760042410565 33.118591663959464 8.721244829904911
v 22.442154745073044 33.31147197363729 9.200260466990663
v 22.504336215795064 33.51403278974728 10.496193196277527
v 22.49902132028742 33.72817095835203 11.500465358042987
v 22.64948603641749 33.83396524113957 12.380325961663225
v 22.848102335174303 33.91150908871775 13.43294886007895
v 22.904216355825117 33.973875842294085 14.5
v 22.98086194877136 33.9947805538762 15.5
v 22.98086194877136 33.9947805538762 16.5
v 22.90421635582512 33.973875842294085 17.5
v 22.848102335334598 33.91150908863508 18.56705113982513
v 22.64948603651268 33.83396524116672 19.619674038400326
v 22.499021320396565 33.72817095845935 20.499534642231122
v 22.504336215768568 33.514032789746054 21.5038068036927
v 22.44516637811286 33.28883681277235 22.44516637703732
v 22.353103333900076 33.071578056532715 23.24774154788527
v 22.07357790658064 33.50786771084772 54.89322203625316
v 22.7582941087314 33.45450499579852 55.18970652537458
v 22.901372181103564 34.46033270793249 8.83981059207438
v 22.792834637977634 34.93195436232433 8.955548490181862
v 22.10293260413666 34.0276929402614 12.809295145274572
v 22.156942259750995 34.112645201742055 13.566529392031164
v 22.360391351996583 34.14372493337687 14.586557054307336
v 22.477564586252605 34.151697468165146 15.536031849282848
v 22.477564586248022 34.151697468164905 16.463968150705078
v 22.36039135198317 34.14372493338122 17.41344294570805
v 22.156942259676597 34.11264520176336 18.433470607992852
v 22.10293260413666 34.0276929402614 19.190704854725425
v 22.17467188522968 34.5568170182145 54.851166185632586
v 22.901372181612555 34.46033270864847 55.16018940826914
v 22.89419097754331 35.285828801250894 8.956758364344198
v 22.401018778676285 35.612341095933246 9.191827379595328
v 22.401018778790736 35.61234109675595 54.80817262044035
v 22.89419097754331 35.285828801250894 55.0432416356558
v 22.503497295531343 36.49905739364752 9.304221233344018
v 22.50349729573823 36.49905739327164 54.69577876672197
v 22.48941972118052 37.50685332936345 9.533404586994035
v 22.489419720614077 37.50685332879846 54.46659541282888
v 22.62673386639946 38.373504275333985 9.708736993015643
v 22.139732564272766 38.79528156798888 10.0611375794677
v 22.139732564272766 38.79528156798888 53.9388624205323
v 22.62673386568793 38.37350427760826 54.2912630063958
v 22.806399230939434 39.244836665204595 9.917420190590825
v 22.37244780499079 39.641719198268696 10.22187788017836
v 22.372447806828553 39.641719196916945 53.778122119549664
v 22.806399230939434 39.244836665204595 54.082579809409175
v 22.490411456867292 40.50894154054443 10.489257734466195
v 22.490411458314657 40.508941542705735 53.51074226537196
v 22.591495530480287 41.40850446985761 10.825203327115865
v 22.336622481678653 41.66337751699602 11.059725405328917
v 22.336622478480834 41.663377514745406 52.94027459427487
v 22.59149552724661 41.408504466320494 53.17479667328842
v 22.94703330495343 42.047959880602235 10.976377422649183
v 22.445181689401256 42.553470677369646 11.436960425454162
v 22.445181686922613 42.55347067654336 52.56303957422474
v 22.94703330495343 42.047959880602235 53.023622577350814
v 22.614824223518134 43.454553351228306 11.846270871967594
v 22.462581404835568 43.70227470701229 12.063203188066666
v 22.46258139940853 43.702274708467804 51.93679680852303
v 22.61482422038925 43.45455335216625 52.15372912862397
v 23.0 44.0 12.0
v 22.573129060256836 44.43706875901268 12.455480337914667
v 22.08722627213816 44.93386993193731 13.04446205673842
v 22.08722627213816 44.93386993193731 50.955537943261575
v 22.57312906358733 44.43706875971523 51.54451966118177
v 23.0 44.0 52.0
v 22.753892938804828 45.173738710068285 12.879150320936844
v 22.33490556405219 45.62624927891 13.389296582384862
v 22.334905566096197 45.626249283976705 50.6107034187154
v 22.753892938804828 45.173738710068285 51.120849679063156
v 22.594209411777936 46.32178812589385 13.785062415661093
v 22.3901064301278 46.7030568100048 14.200030284287019
v 22.39010642522321 46.70305680909448 49.799969713142076
v 22.594209411978323 46.32178812395688 50.214937585669745
v 22.683172439169706 47.41823307339254 14.651651693832157
v 22.463428853508255 47.82582359049817 15.150326685695054
v 22.463428857348624 47.82582358348204 48.849673314376155
v 22.68317243809812 47.418233074428024 49.34834830546651
v 22.710661460653093 48.42033443476212 15.57966556579349
v 22.463428857142134 48.84967331844264 16.17417641490726
v 22.46342885796012 48.84967331768431 47.825823588335055
v 22.710661460199045 48.42033443450952 48.42033443364855
v 22.683172439560927 49.3483483061174 16.581766926615593
v 22.390106433310816 49.79996971578298 17.296943187952817
v 22.390106424479683 49.799969712605204 46.703056808857724
v 22.68317244311521 49.34834830664579 47.4182330750697
v 22.594209412229667 50.21493758613348 17.678211874435664
v 22.334905563942897 50.6107034169892 18.37375072105554
v 22.08722627213816 50.955537943261575 19.066130068062684
v 22.08722627213816 50.955537943261575 44.93386993193731
v 22.33490557112066 50.61070341805024 45.62624927911293
v 22.594209407112107 50.214937582981804 46.32178812238599
v 22.753892938804828 51.120849679063156 18.82626128993171
v 22.573129059711476 51.54451966123568 19.56293123947307
v 22.462581401996083 51.93679680894363 20.29772528942023
v 22.46258139941117 51.93679680852834 43.70227470845791
v 22.573129057633867 51.544519661497525 44.437068758258704
v 22.753892938804828 51.120849679063156 45.173738710068285
v 23.0 52.0 20.0
v 22.61482422129582 52.153729127909244 20.545446647921146
v 22.445181688897982 52.563039574601326 21.446529321407755
v 22.336622482411283 52.940274594514975 22.33662248241414
v 22.336622478483477 52.94027459482714 41.66337751739245
v 22.445181686667816 52.56303957508696 42.553470680343025
v 22.614824220484405 52.15372912825362 43.45455335138711
v 23.0 52.0 44.0
v 22.94703330495343 53.023622577350814 21.952040119397758
v 22.59149553262467 53.174796673116774 22.591495530639104
v 22.49041145679434 53.51074226526053 23.491058459073486
v 22.372447804980144 53.778122120295244 24.35828080286801
v 22.139732564272766 53.9388624205323 25.204718432011113
v 22.139732564272766 53.9388624205323 38.79528156798888
v 22.372447804128424 53.77812211921724 39.64171919982862
v 22.490411458461953 53.51074226617199 40.50894154277641
v 22.5914955334144 53.17479667455119 41.40850446842764
v 22.94703330495343 53.023622577350814 42.047959880602235
v 22.806399230939434 54.082579809409175 24.7551633347954
v 22.62673386658756 54.29126300693256 25.626495725555035
v 22.489419720633165 54.46659541276867 26.49314667073114
v 22.503497295649627 54.69577876678327 27.5009426065785
v 22.401018778594423 54.80817262028118 28.387658902764247
v 22.17467188471151 54.85116618561741 29.443182978408196
v 22.073577906698084 54.89322203620891 30.492132287895213
v 22.11773408246822 54.950820927342825 31.5
v 22.11773408246822 54.950820927342825 32.5
v 22.073577906585353 54.89322203625156 33.50786771084548
v 22.174671884672122 54.851166185645454 34.556817021591804
v 22.401018778590565 54.80817262035816 35.6123410959205
v 22.503497295158564 54.69577876646829 36.4990573935168
v 22.489419720847184 54.46659541290608 37.506853328957696
v 22.62673386451786 54.291263006154885 38.3735042739649
v 22.806399230939434 54.082579809409175 39.244836665204595
v 22.89419097754331 55.0432416356558 28.714171198749103
v 22.901372181549778 55.16018940822868 29.539667291592043
v 22.75829410867406 55.189706525331324 30.545495004253073
v 22.680737220843067 55.20035334377148 31.518624235840086
v 22.680737220859402 55.20035334376953 32.48137576411683
v 22.758294108730563 55.18970652537274 33.4545049957985
v 22.901372181603598 55.160189408265104 34.46033270864751
v 22.89419097754331 55.0432416356558 35.285828801250894
v 23.660201607870107 9.767424458245294 39.82735166479099
v 23.71533091547713 9.911755335950225 40.28466908247351
v 23.457559497549198 10.213645706040548 39.88152380731471
v 23.360701132443896 10.107464333184895 40.251404338472206
v 23.491058458890052 10.489257734377162 41.50958854248596
v 23.586098489867123 10.880558854721267 42.420848268429765
v 23.49695088563187 11.499565673357491 39.81299911649827
v 23.451390792565945 11.059251152796426 42.66695453810973
v 23.48909538470087 11.491567388203787 43.513000148158504
v 23.50574320685246 11.90068624708257 44.213784475462006
v 23.498667378253096 12.499823708220646 39.72825451864118
v 23.338571111696353 12.191955267556478 44.57229798951043
v 23.642067908932578 12.612093748610604 45.40476065915241
v 23.92116223204814 12.96533909507626 46.04643300438543
v 23.502040539762852 13.501277026303047 39.600165397971324
v 23.254495565381475 13.115987630037552 45.84040537673495
v 23.503273422945707 13.480754754016845 46.50141997091317
v 23.764233955319515 13.890816222426189 47.130010278750945
v 23.507948921806904 14.505103719542316 39.42744645218462
v 23.097567288652847 14.047041744530251 46.94308475070889
v 23.3498872843528 14.472563039868248 47.602985894600465
v 23.537920336633363 14.872561821150285 48.13255050791344
v 23.911503331871263 15.879127685565834 38.970863749957054
v 23.387592544754792 15.39558635527388 39.274735862960235
v 23.019481589837415 15.009970070804032 47.989377878582275
v 23.294816980021086 15.42049511447553 48.579504884189696
v 23.537920342154827 15.867449493341288 49.127438182059215
v 23.597672216899532 16.620733999686266 38.88716025336102
v 23.247741553306547 16.35310333717013 39.07157805581218
v 23.019481589837415 16.01062212141772 48.99002992919597
v 23.349887283451967 16.397014104965837 49.52743695920971
v 23.764233955319515 16.86998972124906 50.10918377757381
v 23.49980551340514 17.499805513420387 38.65012181161239
v 23.097567288652847 17.05691524929111 49.95295825546975
v 23.503273421188002 17.49858002897402 50.51924524599071
v 23.92116223204814 17.953566995614565 51.03466090492374
v 23.911503331871263 18.921977959832418 37.96948297616554
v 23.41968348229639 18.419654299421012 38.349206516085715
v 23.254495565381475 18.159594623265043 50.88401236996245
v 23.642067906751716 18.59523934160096 51.38790624967393
v 23.64171919637794 19.627552195278625 37.778122119891826
v 23.244836665204595 19.193600769060566 38.082579809409175
v 23.33857111027299 19.427702011517308 51.80804473226224
v 23.505743207959163 19.7862155218405 52.099313750560164
v 23.977902877007587 20.98425494954778 36.99200209784136
v 23.497925491811454 20.503702422075392 37.423952146662984
v 23.489095383545163 20.48699985244171 52.50843261180632
v 23.653666179544796 21.581431268000088 36.801591113587776
v 23.445080312480325 21.165001442439163 37.098172315006735
v 23.45139079547651 21.333045464414898 52.9407488484865
v 23.586098491325053 21.579151733399062 53.11944114575614
v 23.822719814406003 22.894061344945015 35.93247984726413
v 23.392716956634914 22.40274634127911 36.41929867890151
v 23.49105845992069 22.49041145768002 53.51074226529762
v 23.612903095266574 23.604498748913585 35.555767742479986
v 23.156053147739335 23.087107598399577 36.057676454116745
v 23.381873368106973 23.381873368575608 53.83657209293267
v 23.71533091282427 23.715330912836468 54.08824466442516
v 23.630055088094178 24.66413687769938 34.76456767731497
v 23.460934821017723 24.22151212081444 35.1665946592247
v 23.078022040167582 24.088496668128734 53.96948297616554
v 23.580345700286752 24.580316518094673 54.349206516386815
v 23.540786658324038 25.8140993389789 33.84144033489616
v 23.367008770487704 25.368733280619733 34.300814175379934
v 23.498093867877923 25.498105150349737 54.60452567687615
v 23.51292782251568 26.864340970805802 32.86434096771265
v 23.324969372502405 26.416710926424273 33.38750084980225
v 23.35842233633077 26.365977377154888 54.78050673574626
v 23.862196717325364 26.78753898110083 55.05042960018612
v 23.540786663712307 27.84144033668545 31.814099344024026
v 23.324969372881803 27.38750084883538 32.41671092698174
v 23.115111984662395 27.487938595616903 54.93354956410838
v 23.620890397984446 27.626851990453783 55.152254275039965
v 23.630055084061944 28.764567676935474 30.664136879118065
v 23.367008776486415 28.300814175072688 31.368733283343904
v 23.019481589837415 28.047504532082435 54.992725288929876
v 23.528370131198304 28.534960540123404 55.27440912205886
v 23.822719814406003 29.932479847264133 28.894061344945015
v 23.612903095674213 29.555767742596966 29.6044987502078
v 23.46093483137529 29.166594658629467 30.22151212495212
v 23.489287894051948 29.496510649384017 55.38402953676486
v 23.88438250126598 30.94822691925868 26.909829463449697
v 21.712140225687577 31.617331602361123 27.177443486046442
v 22.069282840425274 30.145994077441255 29.525897055187706
v 23.156053147739335 30.057676454116745 29.087107598399577
v 23.493072087430892 30.498559539039224 55.47097938862553
v 20.667042476166053 33.917305486917016 22.04573208866003
v 19.524741732392158 31.803212523743937 28.257905293455337
v 21.536017279179532 31.585518345934 27.34835614932998
v 23.21771583459931 31.109778821544683 27.203630496818896
v 23.494802253421778 31.499619142373298 55.51423514275268
v 23.17531442263593 32.94508262033207 8.866233031551975
v 23.5976722177895 32.887160253544316 9.37926600015749
v 23.911503331871263 32.970863749957054 10.120872314434166
v 23.911503331871263 32.970863749957054 21.879127685565834
v 23.597672217448842 32.88716025387709 22.62073399909468
v 23.499805513372003 32.650121811605686 23.49980551336978
v 21.996866626715498 33.19038655333896 23.1837802660353
v 23.035944493990364 32.082579809409175 25.193600769060566
v 23.494802253444476 32.50038085759591 55.514235142758594
v 22.40097751967546 33.575229914842396 9.00798140358835
v 23.247741548684495 33.07157805632098 9.646896665960162
v 23.387592544935917 33.274735863090285 10.60441364414941
v 23.507948921812403 33.427446452281856 11.494896279528403
v 23.502040539592915 33.60016539802563 12.498722973736566
v 23.49866737804732 33.72825451865983 13.500176291761038
v 23.49695088559294 33.81299911649771 14.500434326604704
v 23.496258154385668 33.8551858383751 15.50018846157049
v 23.4962581543777 33.85518583837747 16.499811538431114
v 23.496950885589364 33.81299911649581 17.499565673449663
v 23.498667378025413 33.72825451866833 18.499823707927973
v 23.502040539953697 33.600165397910274 19.501277026344287
v 23.50794892177132 33.427446452384075 20.50510372000876
v 23.38759254500243 33.27473586312132 21.395586355776484
v 23.247741548592682 33.0715780562114 22.35310333355783
v 23.493072087432036 33.50144046155205 55.47097938863488
v 23.48928789404317 34.50348935023787 8.615970463203208
v 23.489287893990042 34.50348935006933 55.38402953677959
v 23.528370131004024 35.46503946074589 8.725590877960935
v 23.019481589837415 35.95249546791756 9.007274711070119
v 23.019481589837415 35.95249546791756 54.992725288929876
v 23.528370130540033 35.465039460753765 55.274409121908704
v 23.62089039803686 36.373148008365916 8.847745724831519
v 23.115111984907017 36.51206140294003 9.066450436203581
v 23.11511198642771 36.512061403842274 54.93354956432876
v 23.62089039871861 36.37314800718824 55.15225427523553
v 23.862196717325364 37.21246101889916 8.949570399813876
v 23.358422335259085 37.63402262393793 9.219493264490477
v 23.358422335789722 37.63402262610708 54.78050673631393
v 23.862196717325364 37.21246101889916 55.05042960018612
v 23.498093869283228 38.50189484854924 9.395474322639943
v 23.49809386914482 38.501894848657756 54.60452567766178
v 23.580345700011772 39.41968348145244 9.650793483833493
v 23.078022040167582 39.91150333187126 10.030517023834456
v 23.078022040167582 39.91150333187126 53.96948297616554
v 23.58034570135569 39.41968348049823 54.349206515883715
v 23.715330915478464 40.284669082471225 9.911755335949083
v 23.381873368283596 40.61812663147762 10.163427906958258
v 23.381873365033485 40.618126634080866 53.836572092024504
v 23.71533091878777 40.28466908182198 54.08824466570831
v 23.491058458890084 41.509588542486334 10.489257734377412
v 23.491058458207355 41.50958854358556 53.51074226534814
v 23.58609848958574 42.42084826793131 10.880558854585608
v 23.451390791608354 42.66695453670507 11.059251152404524
v 23.451390791339826 42.66695453784251 52.940748846998346
v 23.586098486742255 42.42084827047542 53.11944114551822
v 23.489095384701315 43.513000148158895 11.491567388203837
v 23.48909538293384 43.51300014634973 52.508432610997964
v 23.50574320811827 44.21378447715136 11.900686247891024
v 23.33857111096953 44.57229798845604 12.191955267321843
v 23.338571104660552 44.57229798721548 51.8080447321964
v 23.505743207737638 44.21378447922207 52.09931374850259
v 23.642067907675326 45.40476065812055 12.61209374852381
v 23.254495565381475 45.84040537673495 13.115987630037552
v 23.254495565381475 45.84040537673495 50.88401236996245
v 23.64206790999437 45.40476065644504 51.38790625042211
v 23.92116223204814 46.04643300438543 12.96533909507626
v 23.50327342201537 46.50141997001167 13.480754753509366
v 23.097567288652847 46.94308475070889 14.047041744530251
v 23.097567288652847 46.94308475070889 49.95295825546975
v 23.50327342599295 46.50141997024361 50.51924524571447
v 23.92116223204814 46.04643300438543 51.03466090492374
v 23.764233955319515 47.130010278750945 13.890816222426189
v 23.34988728366495 47.602985894139664 14.472563039678212
v 23.019481589837415 47.989377878582275 15.009970070804032
v 23.019481589837415 47.989377878582275 48.99002992919597
v 23.349887281911275 47.602985894251745 49.52743696004126
v 23.764233955319515 47.130010278750945 50.10918377757381
v 23.537920336631856 48.13255050791947 14.872561821162336
v 23.294816981540226 48.579504885407474 15.42049511538742
v 23.019481589837415 48.99002992919597 16.01062212141772
v 23.019481589837415 48.99002992919597 47.989377878582275
v 23.29481698423191 48.57950488544694 48.57950488427527
v 23.53792033273927 48.132550513607704 49.12743817285266
v 23.53792034215332 49.12743818205319 15.867449493335263
v 23.34988728635653 49.52743696102723 16.397014106262805
v 23.097567288652847 49.95295825546975 17.05691524929111
v 23.097567288652847 49.95295825546975 46.94308475070889
v 23.349887285026956 49.52743695959407 47.602985895904276
v 23.53792033273927 49.127438172828555 48.132550513631806
v 23.764233955319515 50.10918377757381 16.86998972124906
v 23.503273423868716 50.51924524718419 17.498580030350748
v 23.254495565381475 50.88401236996245 18.159594623265043
v 23.254495565381475 50.88401236996245 45.84040537673495
v 23.50327342239523 50.51924524698577 46.50141997073064
v 23.764233955319515 50.10918377757381 47.130010278750945
v 23.92116223204814 51.03466090492374 17.953566995614565
v 23.6420679105381 51.38790625244884 18.595239342510634
v 23.33857110852823 51.808044731393295 19.42770201114591
v 23.338571106832717 51.808044732818345 44.57229798868397
v 23.642067905094937 51.38790625114084 45.404760657563
v 23.92116223204814 51.03466090492374 46.04643300438543
v 23.505743204538398 52.09931375106636 19.786215521762333
v 23.489095383545163 52.508432611804494 20.48699985244171
v 23.451390789033404 52.94074884700037 21.333045461895136
v 23.451390787962243 52.94074884493235 42.66695453246606
v 23.489095382937823 52.508432611002355 43.5130001463467
v 23.505743201004293 52.09931375202756 44.21378447622609
v 23.586098490060127 53.1194411461151 21.57915173183326
v 23.491058459073205 53.510742265264184 22.490411456754128
v 23.38187336949007 53.83657209399879 23.38187336949106
v 23.078022040167582 53.96948297616554 24.088496668128734
v 23.078022040167582 53.96948297616554 39.91150333187126
v 23.3818733641276 53.83657209207831 40.618126632829245
v 23.491058458205718 53.51074226534899 41.509588543590226
v 23.5860984844924 53.119441144855145 42.4208482704861
v 23.715330915025884 54.088244664659584 23.715330915028932
v 23.580345700928945 54.34920651659069 24.580316519030553
v 23.49809386787827 54.604525676875674 25.498105150347296
v 23.358422335053046 54.78050673548313 26.365977377997424
v 23.115111982959974 54.933549562676504 27.487938598933788
v 23.019481589837415 54.992725288929876 28.047504532082435
v 23.019481589837415 54.992725288929876 35.95249546791756
v 23.11511198315613 54.93354956373646 36.51206140428211
v 23.35842233393388 54.78050673522637 37.63402262532251
v 23.4980938689617 54.604525677355845 38.50189484788759
v 23.580345699558386 54.349206516894384 39.419683482301224
v 23.71533091056236 54.08824466387083 40.28466908479891
v 23.862196717325364 55.05042960018612 26.78753898110083
v 23.62089039797707 55.1522542750348 27.626851990450653
v 23.528370130981745 55.274409122004336 28.534960539593936
v 23.489287894049678 55.38402953676463 29.496510649384053
v 23.49307208742857 55.470979388625615 30.49855953904036
v 23.494802253420843 55.51423514275299 31.499619142373227
v 23.494802253443112 55.51423514275906 32.50038085759646
v 23.493072087432946 55.470979388633864 33.50144046155149
v 23.489287893988493 55.384029536778904 34.50348935007301
v 23.528370130730835 55.27440912210829 35.465039461533934
v 23.62089039771004 55.15225427476115 36.37314800661247
v 23.862196717325364 55.05042960018612 37.21246101889916
v 24.436617327826927 9.394367712298795 39.56510808201237
v 24.580316518946074 9.650793483849261 40.41965430024736
v 24.7551633347954 9.917420190590825 41.193600769060566
v 24.48530735642146 10.194066471892963 39.52965474588595
v 24.088496668128734 10.030517023834456 40.92197795983242
v 24.35828080237854 10.221877880100964 41.62755219531227
v 24.502074508496868 10.576047853184496 42.503702419958145
v 24.554919684766478 10.901827683515574 43.16500144890461
v 24.506927912562592 11.501440461547945 39.470979388634284
v 24.02209712299241 11.007997902158639 42.984254949547775
v 24.346333820423627 11.19840888622781 43.58143126743446
v 24.607283041606763 11.580701321508371 44.402746341073204
v 24.84394685226066 11.942323545883257 45.08710759839958
v 24.510712106072194 12.503489350020907 39.38402953675656
v 24.177280185593993 12.067520152735867 44.894061344945015
v 24.3870969051869 12.444232257955703 45.60449874981924
v 24.53906517671366 12.833405341343944 46.22151212568963
v 24.98051841016258 13.952495467917561 38.992725288929876
v 24.471629868843397 13.465039459732864 39.274409122027585
v 24.369944914578845 13.235432323870786 46.66413687770152
v 24.6329912259147 13.699185825043914 47.36873328257316
v 24.884888014068874 14.512061403624605 38.933549564149985
v 24.379109601486103 14.373148007152796 39.15225427519064
v 24.45921333998859 14.158559664215208 47.814099342439995
v 24.675030627675273 14.612499149818982 48.41671092659894
v 24.641577664380392 15.634022625902327 38.780506736220275
v 24.137803282674632 15.212461018899166 39.05042960018612
v 24.48707217177336 15.13565902874582 48.86434097306606
v 24.675030627280837 15.583289074233047 49.38750085008712
v 24.501906130487235 16.5018948487098 38.60452567756123
v 24.459213337271613 16.18590065771036 49.84144033596422
v 24.632991226092614 16.631266719313093 50.30081417523741
v 24.921977959832418 17.911503331871263 37.96948297616554
v 24.419654299724197 17.419683482414467 38.34920651635396
v 24.369944912577132 17.335863122022452 50.76456767593148
v 24.53906517754492 17.77848787737706 51.16659466060601
v 24.618126631894555 18.61812663190709 37.836572093471176
v 24.28466908714067 18.284669087295967 38.08824466578035
v 24.387096904761194 18.3955012507151 51.55576774238504
v 24.84394685226066 18.91289240160042 52.057676454116745
v 24.508941542011822 19.509588542328455 37.51074226449846
v 24.177280185593993 19.105938655054985 51.93247984726413
v 24.607283042967374 19.597253659493905 52.4192986792372
v 24.548609205218487 20.666954535059517 36.94074884676204
v 24.413901508753337 20.420848267804125 37.119441144221554
v 24.34633382041502 20.418568732492762 52.80159111384345
v 24.554919687258362 20.83499855534695 53.09817231590697
v 25.0 22.0 36.0
v 24.527111858302217 21.527147351429242 36.494306918700744
v 24.02209712299241 21.015745050452217 52.99200209784136
v 24.502074510406374 21.496297579337476 53.42395214715781
v 24.664581053616878 22.565577337864784 35.81111443127275
v 24.494256785664934 22.213784477182543 36.099313751819615
v 24.35828080355634 22.372447805162395 53.778122120212906
v 24.7551633347954 22.806399230939434 54.082579809409175
v 24.745504434618525 23.840405376734953 34.88401236996245
v 24.357932093821663 23.40476065946192 35.38790624998844
v 24.088496668128734 23.078022040167582 53.96948297616554
v 24.580316517713396 23.58034570006413 54.34920651588034
v 24.90243271134715 24.94308475070889 33.952958255469746
v 24.496726578980528 24.501419971285422 34.519245246147335
v 24.078837767951857 24.046433004385435 35.03466090492374
v 24.500194486798776 24.500194486798776 54.65012181166719
v 24.98051841016258 25.989377878582278 32.99002992919597
v 24.65011271512888 25.60298589331963 33.527436958999616
v 24.23576604468048 25.130010278750937 34.10918377757381
v 24.402327782529316 25.379266000612635 54.887160253377445
v 24.75225845156038 25.646896666222045 55.07157805638889
v 24.98051841016258 26.990029929195963 31.989377878582278
v 24.70518301916178 26.57950488525096 32.579504885464544
v 24.46207964916923 26.13255051100759 33.12743818269498
v 24.088496668128734 26.120872314434166 54.97086374995706
v 24.612407455507523 26.604413644097463 55.27473586305606
v 24.90243271134715 27.952958255469746 30.94308475070889
v 24.65011271588837 27.527436960046874 31.602985893197975
v 24.462079662663516 27.127438177982427 32.13255050972708
v 24.492051078613375 27.49489628021044 55.42744645240767
v 23.710495937890556 31.771177282921748 25.191884004099176
v 19.909235825480216 27.737761266635623 33.72179884244045
v 21.803203515155847 27.977042383991943 32.60989003153626
v 24.23576604468048 28.10918377757381 31.130010278750937
v 24.49795946026085 28.498722973630255 55.60016539798231
v 24.946792284429666 29.95715133902035 24.946792284429666
v 24.832412391610458 29.78572277704388 25.793888650698072
v 24.723994772525124 29.465809625300125 27.000561860195234
v 25.82030537346322 26.045331823004226 32.96780140057059
v 24.08564267402425 30.57428027389343 27.153004744992078
v 11.346675617858853 32.92182214160516 31.867967506589913
v 24.007529691539865 29.03466090492374 30.046433004385435
v 24.501332622019838 29.50017629213343 55.728254518687564
v 24.633145006164067 30.346359974228776 25.668254206105857
v 23.853148144908857 31.777949619401415 23.390936027828218
v 8.222187031938356 35.612455862082825 28.955052260498718
v 5.46747123635926 36.01330910212248 30.380802429627455
v 24.017716687963077 30.04715437861508 28.227394678278348
v 24.5030491144609 30.500434326610247 55.812999116506795
v 25.0 32.0 8.0
v 25.0 32.0 8.0
v 24.921977959832418 31.96948297616554 23.911503331871263
v 21.682176907026616 34.96725570183507 18.40897407807403
v 24.03712653730835 31.120779381466825 25.5
v 24.014716741945477 31.060235946194105 26.24316279678303
v 24.50418637025658 31.500680236966918 55.85534643778054
v 25.0 32.0 56.0
v 25.0 32.0 8.0
v 25.31105102499778 31.96651583253322 8.04756653153373
v 24.50190613127883 32.60452567726022 9.498105151202584
v 24.641577664850114 32.78050673545521 10.365977377397956
v 24.884888015215957 32.93354956376786 11.48793859450417
v 24.98051841016258 32.992725288929876 12.047504532082437
v 24.98051841016258 32.992725288929876 19.95249546791756
v 24.88488801653682 32.93354956300984 20.512061400078007
v 24.641577664864876 32.7805067353621 21.63402262308924
v 24.5019061318827 32.604525677144785 22.501894849321218
v 24.419654299633372 32.34920651614566 23.419683482125393
v 24.25531129316575 32.09751989929153 24.041692608248454
v 24.50418637025658 32.499319763037306 55.85534643778054
v 25.0 32.0 56.0
v 25.275781380682695 34.41379018566133 8.050721978248156
v 24.137803282674632 33.05042960018612 10.787538981100832
v 24.379109602014694 33.15225427513103 11.62685199268712
v 24.471629869075535 33.274409122049526 12.534960538874982
v 24.510712105952802 33.384029536770626 13.496510649746432
v 24.50692791258474 33.47097938862177 14.498559538754295
v 24.505197746564182 33.51423514275755 15.499619142375808
v 24.50519774656975 33.51423514275567 16.500380857622027
v 24.50692791257156 33.47097938862509 17.5014404611619
v 24.510712105955047 33.38402953676371 18.503489350624303
v 24.47162986900962 33.274409122006006 19.465039461788017
v 24.379109601987352 33.15225427504377 20.373148009685643
v 24.137803282674632 33.05042960018612 21.212461018899166
v 24.50304911429424 33.49956567351096 55.812999116463914
v 24.501332621854683 34.499823708320044 8.271745481331005
v 24.501332622013155 34.49982370861602 55.72825451875238
v 24.49795946031192 35.50127702630539 8.39983460200302
v 24.497959460129184 35.50127702627971 55.600165397980845
v 24.49205107824027 36.505103720269084 8.572553547647948
v 24.49205107790616 36.50510371974305 55.42744645226338
v 24.612407455324988 37.39558635578518 8.72526413699631
v 24.088496668128734 37.879127685565834 9.029136250042942
v 24.088496668128734 37.879127685565834 54.97086374995706
v 24.61240745523985 37.39558635559451 55.274735863091045
v 24.752258450761307 38.35310333549826 8.928421943166038
v 24.402327782627044 38.620733998978494 9.112839746487182
v 24.40232778171621 38.620734001369165 54.88716025371486
v 24.75225844456105 38.353103336632586 55.071578055373855
v 24.500194486946203 39.499805512951816 9.349878188552383
v 24.50019448683638 39.49980551341925 54.650121811669194
v 24.58031651891054 40.4196543001349 9.65079348381986
v 24.088496668128734 40.92197795983242 10.030517023834456
v 24.088496668128734 40.92197795983242 53.96948297616554
v 24.580316518054712 40.41965429932436 54.349206516297
v 24.7551633347954 41.193600769060566 9.917420190590825
v 24.358280802028197 41.62755219467551 10.221877879954603
v 24.35828080055202 41.62755219606443 53.77812212000599
v 24.7551633347954 41.193600769060566 54.082579809409175
v 24.5020745092814 42.503702421054335 10.576047853490282
v 24.02209712299241 42.984254949547775 11.007997902158639
v 24.02209712299241 42.984254949547775 52.99200209784136
v 24.50207451157066 42.50370242039365 53.42395214788894
v 24.55491968476573 43.165001448903624 10.901827683515323
v 24.34633382042502 43.58143126743418 11.198408886226677
v 24.346333820394655 43.581431269577045 52.80159111456785
v 24.55491968144449 43.1650014571022 53.09817232019752
v 24.60728304189755 44.4027463413761 11.58070132154114
v 24.177280185593993 44.894061344945015 12.067520152735867
v 24.177280185593993 44.894061344945015 51.93247984726413
v 24.60728304268157 44.40274633998197 52.41929867836186
v 24.84394685226066 45.08710759839958 11.942323545883257
v 24.387096905714852 45.604498750256354 12.444232257835633
v 24.38709690279906 45.60449874954738 51.55576774198623
v 24.84394685226066 45.08710759839958 52.057676454116745
v 24.539065174799774 46.22151212430569 12.833405340419114
v 24.369944914756903 46.664136877583985 13.235432324123343
v 24.369944916573512 46.66413687905027 50.764567679352375
v 24.539065180032818 46.221512125999716 51.16659465997285
v 24.63299122595762 47.36873328149164 13.699185825076954
v 24.45921333900954 47.81409934169644 14.158559665189705
v 24.459213336227915 47.81409933944563 49.84144033235906
v 24.632991224518644 47.36873328282338 50.30081417564547
v 24.67503062725264 48.416710926037965 14.61249914941643
v 24.487072172278484 48.864340973543044 15.135659027313695
v 24.487072164012623 48.864340969857906 48.86434097441482
v 24.675030624758122 48.41671092524421 49.38750084998661
v 24.675030627640176 49.38750084992541 15.583289074232136
v 24.459213337646553 49.84144033616597 16.185900658941833
v 24.459213335505684 49.84144033087582 47.814099340272996
v 24.675030624754356 49.387500849895105 48.41671092533928
v 24.632991224729896 50.300814174738676 16.631266718533922
v 24.36994491039665 50.76456767454083 17.33586312159119
v 24.36994491358189 50.76456767584588 46.66413687847074
v 24.63299121946579 50.300814172743415 47.36873328118522
v 24.5390651728879 51.166594660771686 17.778487873058456
v 24.38709690428947 51.55576774207985 18.39550125066425
v 24.177280185593993 51.93247984726413 19.105938655054985
v 24.177280185593993 51.93247984726413 44.894061344945015
v 24.387096900600945 51.55576774109084 45.60449874817741
v 24.53906518130593 51.166594660914626 46.22151212453871
v 24.84394685226066 52.057676454116745 18.91289240160042
v 24.60728304072667 52.41929867847173 19.59725365979716
v 24.34633382020383 52.80159111395413 20.41856873217574
v 24.02209712299241 52.99200209784136 21.015745050452217
v 24.02209712299241 52.99200209784136 42.984254949547775
v 24.346333821782025 52.80159111490316 43.58143126751311
v 24.607283042665983 52.41929867835091 44.402746339994
v 24.84394685226066 52.057676454116745 45.08710759839958
v 24.55491968725542 53.09817231591286 20.83499855534695
v 24.502074507291283 53.423952146252404 21.496297578091824
v 24.358280802378818 53.77812211991219 22.372447803833264
v 24.088496668128734 53.96948297616554 23.078022040167582
v 24.088496668128734 53.96948297616554 40.92197795983242
v 24.358280805708027 53.778122120129105 41.62755219377071
v 24.50207450978048 53.42395214637225 42.50370241934735
v 24.554919681442108 53.098172320210516 43.16500145710319
v 24.7551633347954 54.082579809409175 22.806399230939434
v 24.580316517358266 54.349206515675014 23.580345698862978
v 24.500194486794122 54.65012181166339 24.50019448680079
v 24.402327782660283 54.88716025324672 25.379266000545616
v 24.088496668128734 54.97086374995706 26.120872314434166
v 24.088496668128734 54.97086374995706 37.879127685565834
v 24.402327782413295 54.88716025387337 38.62073399892165
v 24.50019448717417 54.650121811470505 39.49980551267522
v 24.58031651792713 54.34920651531581 40.41965430001607
v 24.7551633347954 54.082579809409175 41.193600769060566
v 24.752258451549107 55.07157805638425 25.646896666210793
v 24.612407454912354 55.27473586303867 26.604413644099942
v 24.49205107817545 55.42744645236357 27.494896280057183
v 24.49795946042145 55.60016539789172 28.49872297433707
v 24.50133262202153 55.728254518687514 29.50017629213308
v 24.503049114462996 55.812999116507854 30.50043432661127
v 24.50418637025828 55.85534643778057 31.500680236966616
v 24.50418637025216 55.855346437778536 32.49931976303559
v 24.503049114463323 55.81299911650922 33.49956567332656
v 24.501332621737227 55.728254518678796 34.49982370831974
v 24.497959460127117 55.60016539797965 35.50127702627934
v 24.492051077903906 55.4274464522624 36.50510371974041
v 24.61240745480584 55.274735863129585 37.395586355175695
v 24.75225845195539 55.071578057087216 38.353103337701306
v 25.0 56.0 32.0
v 25.0 56.0 32.0
v 26.01117571903914 8.944687213674491 38.90167433247342
v 26.52657769660891 8.637084281308045 38.78087053517082
v 25.88226591753178 9.5 38.950820927342825
v 25.06957537433999 9.373577847757716 39.50300270368203
v 25.498105151368655 9.395474322589733 40.501906130599664
v 25.626495724791948 9.708736993219583 41.37326613411095
v 25.87138509867778 9.96237838856539 42.079870819546926
v 25.88226591753178 10.5 38.950820927342825
v 25.187174371225137 10.344828681681628 39.2538573754708
v 25.204718432011113 10.0611375794677 41.86026743572723
v 25.40101679259292 10.333681199077303 42.603909834388716
v 25.61975339926422 10.672287393479765 43.39380035051762
v 25.897067395863335 10.968515081849084 44.053778345219804
v 25.92642209349706 11.507867710724994 38.89322203622726
v 25.241705891318446 11.454504995792291 39.18970652536146
v 25.230400729196667 11.072225232592203 43.87029716348557
v 25.42096371548174 11.407470968700423 44.57522465994664
v 25.56986945731722 11.805989414237443 45.27188985482833
v 25.82532811478634 12.556817018123482 38.85116618562724
v 25.098627818579093 12.460332708558884 39.16018940820876
v 25.424880373497434 12.170809740855683 45.74243635354028
v 25.622781272514786 12.589941837608206 46.423519068410826
v 25.922770083138836 12.97399447475928 47.032615826397354
v 25.598981221634435 13.612341096673754 38.80817262033307
v 25.105809022456686 13.285828801250895 39.0432416356558
v 25.256103416472172 13.089110279403956 46.885934283106856
v 25.505292279546744 13.479475109136756 47.5012119260913
v 25.76886079059499 13.918017503116923 48.09177673193532
v 25.49650270450395 14.499057392963856 38.69577876674163
v 25.10219412392832 14.037617612668644 47.95745814255875
v 25.405173251934794 14.466711223973736 48.57033483221648
v 25.71772225629306 14.894237432306868 49.10576256769313
v 25.510580279199278 15.506853328893486 38.46659541288745
v 25.051055589626394 15.01994853200794 48.980051467992055
v 25.405173252235656 15.429665167998863 49.53328877619916
v 25.76886079059499 15.908223268064683 50.08198249688307
v 25.86026743572723 16.795281567988884 37.9388624205323
v 25.373266132432697 16.373504274480652 38.291263006687736
v 25.10219412392832 16.042541857441247 49.962382387331346
v 25.50529227762076 16.498788073644693 50.520524890420766
v 25.922770083138836 16.96738417360264 51.02600552524072
v 25.62755219494289 17.641719196337814 37.77812211930174
v 25.193600769060566 17.244836665204595 38.082579809409175
v 25.256103416472172 17.114065716893137 50.91088972059604
v 25.622781270733693 17.576480931415293 51.410058161702054
v 25.509588542630876 18.508941542346527 37.510742265023694
v 25.424880377060695 18.257563646978276 51.82919025955953
v 25.569869460292516 18.728110145316023 52.19401058604904
v 25.663377521158655 19.663377517898688 36.940274595474456
v 25.40850447110367 19.408504471530556 37.17479667389068
v 25.420963715388982 19.424775340787086 52.59252903198758
v 25.897067395863335 19.946221654780192 53.031484918150916
v 25.554818311007246 20.553470677006807 36.56303957389843
v 25.052966695046567 20.04795988060224 37.023622577350814
v 25.230400729196667 20.129702836514433 52.92777476740779
v 25.619753399675783 20.606199649728627 53.3277126066083
v 25.53741859132922 21.702274707934357 35.93679680920852
v 25.386210807977477 21.45122992079449 36.15505078642055
v 25.40101679448648 21.396090165991687 53.66631880119081
v 25.87138509867778 21.920129180453074 54.0376216114346
v 25.912773727861836 22.933869931937313 34.955537943261575
v 25.434745150549194 22.44361570058117 35.53615871745054
v 25.204718432011113 22.139732564272766 53.9388624205323
v 25.626495723002684 22.62673386646803 54.29126300635683
v 25.665094437135828 23.62624928055078 34.61070341794675
v 25.24610706119517 23.173738710068285 35.120849679063156
v 25.498105151248655 23.498093868532695 54.604525677433195
v 25.609893567957972 24.70305681035238 33.79996971584102
v 25.405790588305013 24.32178812411262 34.214937584004886
v 25.379266000645625 24.402327782561375 54.88716025343864
v 25.646896666587637 24.752258452824588 55.07157805706487
v 25.536571147484658 25.825823589653385 32.8496733171424
v 25.316827559556263 25.418233073055035 33.348348306147194
v 25.051055589626394 25.051055589626394 54.9854443332431
v 25.554833622391122 25.554833622391122 55.28883681291835
v 25.04849195957074 28.827077900155693 28.057226352787154
v 21.79223984190305 25.524933653391464 34.475642288224066
v 20.269557106608048 24.133721984351492 37.4266211030014
v 24.102910052909397 26.381356479935114 33.04610439921596
v 25.495663784342334 26.49619319629604 55.51403278979343
v 25.84932273621915 27.862176529969197 26.70546401194739
v 27.30730346998871 23.75768322383125 32.51770236252663
v 27.763376893778847 22.504662446631254 34.422748883085745
v 25.44293245557678 27.833042313874877 29.204919282622562
v 14.006017781602212 30.643686279031122 33.88500333633156
v 25.05726083994853 27.28629158880308 31.32271121191561
v 25.500978679408387 27.500465357600206 55.7281709583761
v 25.68238602972324 28.99385012992038 24.531261612846663
v 26.38358238578023 26.185587391656657 29.826756318653718
v 25.272199587059298 29.38824572042539 25.025971678137953
v 27.105083246802927 24.123299338917988 32.524189927477735
v 27.629160307076077 22.590185987916495 34.941732793715026
v 25.054646623272653 28.13157797098055 29.5
v 25.02026454849605 28.04088431305572 30.276418084042223
v 25.350513963452357 28.380325961031474 55.83396524109485
v 25.897067395863335 28.809295145274575 56.02769294026141
v 25.128914739046106 29.923681115633453 24.263715891802548
v 25.33402338002725 29.10709932806498 25.272087010244473
v 25.11927092945654 29.382793842494266 25.710884234783073
v 25.042869512279616 29.07343821030072 27.5
v 25.01234481918421 29.019995831846337 28.067283201206124
v 25.151897664683503 29.43294886131864 55.911509088573716
v 25.84305774009277 29.566529391705814 56.112645201804305
v 23.911594610227795 36.200335073647565 11.884213033615488
v 25.095783644174883 30.5 55.973875842294085
v 25.639608648032876 30.586557054454452 56.14372493338495
v 25.492022959914834 31.788709562961685 7.856493313039648
v 26.784152930433386 31.095404757245674 7.75469551666756
v 25.86026743572723 31.938862420532303 9.204718432011115
v 25.86026743572723 31.938862420532303 22.795281567988884
v 25.627552194650626 31.778122119504225 23.641719198556846
v 28.858568281385946 38.80920048286548 0.28329548838548924
v 25.025517401638186 31.333333333333332 55.99304073850159
v 25.51775028903368 31.5404708973459 56.15062655237431
v 25.517750289029014 32.45952910267241 7.849373447624295
v 24.848720515842345 32.25908256806042 8.226497508267368
v 25.37326613309178 32.29126300708978 9.626495724231313
v 25.51058027910332 32.46659541274809 10.49314667121227
v 25.49650270435607 32.695778766792316 11.500942606497942
v 25.59898122127866 32.8081726202895 12.387658905351337
v 25.825328115118236 32.85116618569775 13.443182978458047
v 25.92642209338645 32.893222036178415 14.492132287866447
v 25.88226591753178 32.950820927342825 15.5
v 25.88226591753178 32.950820927342825 16.5
v 25.926422093486053 32.89322203622257 17.507867710928366
v 25.825328115144497 32.85116618571244 18.55681702153839
v 25.59898122157228 32.808172620287166 19.612341096974024
v 25.49650270437366 32.695778766774225 20.499057393432516
v 25.510580278652018 32.46659541308551 21.506853328845114
v 25.37326613339802 32.29126300728007 22.373504276854657
v 25.193600769060566 32.082579809409175 23.244836665204595
v 25.025517401638186 32.666666666666664 55.99304073850159
v 25.517750289021343 32.459529102655644 56.15062655237431
v 25.639608647988602 33.413442945716774 7.85627506662684
v 25.09578364417488 33.5 8.028137842363027
v 25.105809022456686 33.0432416356558 12.714171198749103
v 25.098627818648918 33.16018940815101 13.539667291530185
v 25.24170589133219 33.18970652533144 14.545495004257685
v 25.319262779165996 33.200353343768505 15.518624235842935
v 25.319262779162386 33.20035334376671 16.481375764113476
v 25.241705891310808 33.18970652536177 17.454504995770964
v 25.09862781861085 33.160189408169714 18.460332708583028
v 25.105809022456686 33.0432416356558 19.285828801250894
v 25.09578364417488 33.5 55.973875842294085
v 25.63960864801564 33.41344294571995 56.14372493338194
v 25.8430577401681 34.43347060837833 7.887354798179505
v 25.151897664893124 34.567051139823306 8.08849091125833
v 25.151897664545846 34.56705113986616 55.91150908859053
v 25.84305774044368 34.43347060792358 56.112645201769496
v 25.897067395863335 35.190704854725425 7.972307059738592
v 25.35051396358257 35.61967403859238 8.166034758862226
v 25.350513963376194 35.619674038898026 55.83396524114257
v 25.897067395863335 35.190704854725425 56.02769294026141
v 25.500978679655415 36.49953464193098 8.271829041666438
v 25.50097867961848 36.49953464219633 55.7281709583007
v 25.495663784094354 37.50380680368072 8.485967210204377
v 25.495663784244112 37.50380680393479 55.514032789805775
v 25.5548336221629 38.44516637746642 8.711163187004406
v 25.051055589626394 38.9489444103736 9.014555666756895
v 25.051055589626394 38.9489444103736 54.9854443332431
v 25.554833621784333 38.44516637814035 55.28883681275857
v 25.646896663395175 39.24774154981063 8.928421943422341
v 25.379266000550572 39.59767221719901 9.11283974645379
v 25.37926599961571 39.597672216666055 54.887160253456116
v 25.646896666537508 39.247741546549086 55.07157805586834
v 25.498105151387268 40.50190613064628 9.395474322602928
v 25.49810515116229 40.50190613186369 54.60452567749741
v 25.626495724714005 41.37326613401721 9.708736993185157
v 25.204718432011113 41.86026743572723 10.0611375794677
v 25.204718432011113 41.86026743572723 53.9388624205323
v 25.626495723722346 41.3732661343492 54.29126300767128
v 25.87138509867778 42.079870819546926 9.96237838856539
v 25.401016793207162 42.60390983516811 10.33368119930397
v 25.401016794262244 42.60390983533045 53.66631880113966
v 25.87138509867778 42.079870819546926 54.0376216114346
v 25.61975339926361 43.393800350517324 10.672287393479692
v 25.230400729196667 43.87029716348557 11.072225232592203
v 25.230400729196667 43.87029716348557 52.92777476740779
v 25.619753400542432 43.39380035030191 53.32771260546917
v 25.897067395863335 44.053778345219804 10.968515081849084
v 25.420963714651094 44.575224659215046 11.407470968536192
v 25.420963716764497 44.57522465972026 52.59252903156954
v 25.897067395863335 44.053778345219804 53.031484918150916
v 25.569869457348243 45.27188985493941 11.805989414140454
v 25.424880373924847 45.74243635401734 12.170809740953622
v 25.424880370656698 45.7424363551281 51.82919025733849
v 25.569869456603005 45.27188985771027 52.194010585964584
v 25.622781271692265 46.423519067971775 12.589941837527562
v 25.256103416472172 46.885934283106856 13.089110279403956
v 25.256103416472172 46.885934283106856 50.91088972059604
v 25.622781271304206 46.423519068185584 51.41005816296208
v 25.922770083138836 47.032615826397354 12.97399447475928
v 25.505292279263806 47.50121192591344 13.479475109180274
v 25.10219412392832 47.95745814255875 14.037617612668644
v 25.10219412392832 47.95745814255875 49.962382387331346
v 25.505292282530664 47.50121192629341 50.52052489013887
v 25.922770083138836 47.032615826397354 51.02600552524072
v 25.76886079059499 48.09177673193532 13.918017503116923
v 25.405173251590004 48.57033483154104 14.466711224192235
v 25.051055589626394 48.980051467992055 15.01994853200794
v 25.051055589626394 48.980051467992055 48.980051467992055
v 25.405173249617075 48.57033483202218 49.53328877654981
v 25.76886079059499 48.09177673193532 50.08198249688307
v 25.71772225629306 49.10576256769313 14.894237432306868
v 25.40517325135391 49.533288775568245 15.429665168193461
v 25.10219412392832 49.962382387331346 16.042541857441247
v 25.10219412392832 49.962382387331346 47.95745814255875
v 25.405173251676054 49.5332887767015 48.57033483133708
v 25.71772225629306 49.10576256769313 49.10576256769313
v 25.76886079059499 50.08198249688307 15.908223268064683
v 25.5052922776277 50.520524890420766 16.498788073641915
v 25.256103416472172 50.91088972059604 17.114065716893137
v 25.256103416472172 50.91088972059604 46.885934283106856
v 25.505292282076386 50.52052489029441 47.50121192576578
v 25.76886079059499 50.08198249688307 48.09177673193532
v 25.922770083138836 51.02600552524072 16.96738417360264
v 25.62278127134044 51.41005816170921 17.5764809316636
v 25.424880377066042 51.8291902595601 18.25756364697848
v 25.42488037540794 51.82919026053512 45.74243635664336
v 25.622781270859658 51.4100581632687 46.42351906739244
v 25.922770083138836 51.02600552524072 47.032615826397354
v 25.569869458674894 52.19401058595624 18.728110145979322
v 25.420963715393974 52.592529031988356 19.424775340784258
v 25.230400729196667 52.92777476740779 20.129702836514433
v 25.230400729196667 52.92777476740779 43.87029716348557
v 25.42096371688814 52.592529030956115 44.57522465979547
v 25.569869456477676 52.19401058518695 45.27188985696893
v 25.897067395863335 53.031484918150916 19.946221654780192
v 25.61975339846565 53.32771260613657 20.60619964954698
v 25.401016791579515 53.666318800374974 21.39609016421877
v 25.204718432011113 53.9388624205323 22.139732564272766
v 25.204718432011113 53.9388624205323 41.86026743572723
v 25.40101679136059 53.66631880055767 42.603909834052594
v 25.619753400553357 53.327712605472584 43.393800350302016
v 25.897067395863335 53.031484918150916 44.053778345219804
v 25.87138509867778 54.0376216114346 21.920129180453074
v 25.626495723957536 54.291263006868576 22.62673386604487
v 25.498105151302926 54.60452567765958 23.49809386914468
v 25.379266000648673 54.88716025344269 24.402327782566573
v 25.051055589626394 54.9854443332431 25.051055589626394
v 25.051055589626394 54.9854443332431 38.9489444103736
v 25.379266000499996 54.88716025379208 39.59767221821141
v 25.498105150941157 54.604525677301794 40.501906132104686
v 25.62649572385577 54.29126300784494 41.37326613546138
v 25.87138509867778 54.0376216114346 42.079870819546926
v 25.646896666594152 55.07157805706614 24.752258452837005
v 25.55483362156496 55.28883681275039 25.554833621567315
v 25.49566378433802 55.51403278979257 26.496193196295916
v 25.50097867954297 55.728170958425416 27.500465357749675
v 25.350513963431567 55.833965241088954 28.380325961544095
v 25.15189766480194 55.911509088704136 29.43294886001205
v 25.095783644174883 55.973875842294085 30.5
v 25.025517401638186 55.99304073850159 31.333333333333332
v 25.025517401638186 55.99304073850159 32.666666666666664
v 25.09578364417488 55.973875842294085 33.5
v 25.151897664637257 55.91150908869199 34.56705113934467
v 25.350513963520115 55.83396524104715 35.61967403876948
v 25.500978679617994 55.728170958301575 36.49953464219651
v 25.495663784243398 55.514032789804325 37.50380680393462
v 25.554833621787317 55.288836812758234 38.44516637814012
v 25.646896661743455 55.07157805709636 39.2477415516758
v 25.897067395863335 56.02769294026141 28.809295145274575
v 25.84305774029944 56.112645201730984 29.566529392104272
v 25.6396086480151 56.1437249333822 30.586557054307175
v 25.517750289031145 56.15062655237455 31.54047089734575
v 25.517750289025937 56.150626552374604 32.45952910265423
v 25.639608648018566 56.1437249333821 33.413442945719765
v 25.84305774044009 56.112645201767144 34.43347060792531
v 25.897067395863335 56.02769294026141 35.190704854725425
v 26.8685912481979 8.562246124205673 38.57768954445176
v 26.64799656743987 8.639100874930923 39.05222873917579
v 26.78753898110083 8.949570399813876 40.137803282674625
v 26.828994742984325 9.095960482502116 38.541827232236784
v 26.120872314434166 9.029136250042942 39.851819106031286
v 26.365977376089337 9.219493264485253 40.64157766472012
v 26.493146670752132 9.533404586981678 41.51058027882314
v 26.56813103526345 9.853571577331918 42.26223276287898
v 26.495772883536105 10.499923376115659 38.69608582320007
v 26.42948059572735 10.119482405086234 42.7466612762846
v 26.493580011999317 10.488822062775563 43.510645855690136
v 26.52834137512405 10.851537487726732 44.16742311772381
v 26.498633417014517 11.500169983127341 38.65061608271573
v 26.395653026439803 11.190008978167546 44.68286591350674
v 26.592457381495418 11.600275172228612 45.41818681177853
v 26.878448886608684 11.967004532431265 46.04643300438543
v 26.504735719194546 12.501707339868782 38.55911794233713
v 26.211782219942016 12.059055346564346 45.91427528541778
v 26.41986610249972 12.45702646498595 46.575489355534735
v 26.499120847061313 12.860508569030802 47.12105784454524
v 26.514803352987986 13.50568690681465 38.42044022340425
v 26.362148259418284 13.3033292583406 47.622629838685555
v 26.549185960123122 13.77688317155924 48.23150142480642
v 26.92114513183492 14.815110995526904 37.96183750343505
v 26.396755813020754 14.412208377154386 38.31241768448806
v 26.406387569075832 14.265736240867245 48.7188538294894
v 26.564739570602136 14.741150879105616 49.258849120763905
v 26.74666127577757 15.570519409717512 37.88051759543683
v 26.2622327627329 15.431868968006752 38.146428421808885
v 26.406387569498264 15.281146170874461 49.73426376021532
v 26.549185955944356 15.768498575240649 50.22311683025999
v 26.603909833924757 16.598983206811678 37.66631880086083
v 26.079870819546926 16.128614901322216 38.0376216114346
v 26.362148257406787 16.37737016132778 50.69667074147407
v 26.49912085102761 16.878942156860592 51.13949143381954
v 26.98425494954778 17.977902877007587 36.99200209784136
v 26.503702421181355 17.497925489848985 37.4239521457944
v 26.419866102034177 17.42451064438429 51.542973534984526
v 26.878448886608684 17.953566995614565 52.03299546756873
v 26.666954535131893 18.54860920498361 36.940748846623606
v 26.420848267618045 18.413901508474314 37.11944114386266
v 26.211782219942016 18.08572471458222 51.94094465343565
v 26.592457379797565 18.581813188868484 52.39972482782904
v 26.553470677232713 19.554818310874484 36.563039573429926
v 26.04795988060224 19.052966695046567 37.023622577350814
v 26.395653028096863 19.31713408597899 52.80999102201548
v 26.528341369511313 19.832576878401486 53.14846251144823
v 26.688003021970417 20.688003023462894 35.918721190398216
v 26.395117648996887 20.39511764623522 36.23106628555493
v 26.49358001210938 20.489354143694758 53.511177937061746
v 26.98425494954778 21.985635873695543 34.99112259202944
v 26.55981109973487 21.5586494894743 35.504064911032735
v 26.063921601276164 21.058408997643852 36.03299546756873
v 26.429480598905208 21.253338726951363 53.880517595042726
v 26.56813103324853 21.737767237765578 54.1464284214746
v 26.648051602441477 22.592191409961714 34.80205393812498
v 26.43036646636873 22.295061975520237 35.11478752058159
v 26.493146670976774 22.48941972151458 54.46659541310733
v 26.697615758493473 23.8233377167245 33.87686088718457
v 26.348533587552872 23.39087112515905 34.41317901008554
v 26.36597737668991 23.358422336194792 54.78050673536766
v 26.78753898110083 23.862196717325364 55.05042960018612
v 26.923445576213442 24.929455404807896 30.92021903819431
v 27.79035441893555 22.876937209553688 32.65568191236162
v 21.731039219193466 21.337713370465668 38.511473357819796
v 24.65840439787104 23.61248792782148 35.14469781541577
v 26.079870819546926 24.05801888871894 34.04561556787381
v 26.120872314434166 24.088496668128734 54.97086374995706
v 26.604413644029542 24.612407455241957 55.27473586297935
v 26.897923543682694 25.90361726263277 27.798598597108157
v 26.774167466882464 25.784499610775885 28.5
v 30.361462851874254 17.833199553321585 36.028737133115875
v 26.91451315554047 24.95394751721728 30.976665845024222
v 18.69105101722004 27.029002181401545 35.04156046293841
v 12.762245954752697 29.3084949352831 37.021621465289
v 26.01622888853949 25.11922252271848 33.10576256769313
v 26.496193196215337 25.495663784310818 55.514032789714015
v 26.87997095616175 26.886085920515725 24.87780307518551
v 26.76795846027052 26.768268252909206 25.5
v 26.682192293548535 26.633110358090033 26.5
v 26.638123359018916 26.423525236454097 27.479159158264896
v 26.346241508026672 26.5 28.5
v 27.390590624967174 24.027263182513572 31.455060644110148
v 15.534999361699784 28.159655419774698 35.66966247463084
v 26.03570313677898 26.071342136450845 31.5
v 26.009533071510987 26.01702311266945 32.13236084087573
v 26.50135992574326 26.50135992574326 55.77057688319705
v 26.71462085176762 27.5 24.718515724538648
v 26.32793986674693 27.5 25.5
v 26.150024852302916 27.51730591798152 26.42327840716844
v 26.124211541011626 27.232889478530613 27.5
v 26.072074041144205 27.12201289034771 28.5
v 26.029432734042548 27.04767441239199 29.160417786366885
v 26.41511192429296 27.37988757577089 55.934216115315365
v 26.766023335262652 27.60958557515684 56.052875995478026
v 25.744485109217575 29.29340528451646 24.38743211152992
v 26.05998140647641 28.091592487271555 25.5
v 26.00711836244014 28.011530146877835 26.038797345280727
v 26.09061759428038 28.142628478607907 55.97910424924104
v 26.63723373052784 28.615941980493815 56.19044193872872
v 24.601475607713702 30.675883268874195 24.156789569115716
v 26.493593469320466 29.496973425623377 56.26769293922985
v 26.98425494954778 30.992002097841358 7.9875367846205325
v 26.98425494954778 30.992002097841358 8.022097122992413
v 26.98425494954778 30.992002097841358 23.977902877007587
v 30.57375322401348 37.75218492230536 0.5925831564953619
v 26.495184588070703 30.498605688232175 56.35049286737817
v 25.87697720383605 31.727573457927768 7.874287115874941
v 25.780164891905564 31.54035182218491 7.778765889688671
v 26.603909834294495 31.666318800995107 9.401016794492271
v 26.746661274808634 31.8805175954895 10.429480593361843
v 26.92114513183492 31.961837503435053 11.184889004473094
v 26.92114513183492 31.961837503435053 20.815110995526904
v 26.746661276081728 31.880517595863505 21.570519411105227
v 26.6039098341776 31.666318800815514 22.598983206056168
v 26.50370242035747 31.423952146286602 23.497925491827264
v 26.31758828288111 31.15646372222477 24.020059202532387
v 26.49586888621773 31.499595354872287 56.39173656795229
v 26.495868886213344 32.50040464507853 7.608263432048418
v 26.079870819546926 32.0376216114346 9.87138509867778
v 26.26223276267979 32.14642842418603 10.568131035027697
v 26.39675581265066 32.312417684684085 11.587791623461289
v 26.514803352859044 32.42044022340729 12.494313093285554
v 26.504735719368092 32.559117942356494 13.498292659189225
v 26.498633417036306 32.65061608270722 14.499830017149472
v 26.495772883540127 32.696085823198615 15.500076623846061
v 26.495772883538617 32.69608582319899 16.499923376119757
v 26.49863341702444 32.65061608271392 17.500169983115732
v 26.50473571943634 32.55911794229054 18.501707340195768
v 26.514803352874583 32.420440223414566 19.50568690650159
v 26.3967558123976 32.31241768477692 20.412208375807555
v 26.262232762588244 32.14642842334255 21.431868961438326
v 26.079870819546926 32.0376216114346 22.128614901322216
v 26.495868886212033 32.50040464513512 56.391736567951156
v 26.49518458809751 33.50139431164091 7.649507132614456
v 26.495184588053764 33.50139431166187 56.35049286737594
v 26.493593469315975 34.503026574232315 7.732307060784124
v 26.493593469269303 34.50302657429538 56.26769293919414
v 26.637233730295616 35.384058020020454 7.809558061337712
v 26.09061759428038 35.85737152139209 8.020895750758957
v 26.09061759428038 35.85737152139209 55.97910424924104
v 26.637233730570816 35.384058019483724 56.19044193872872
v 26.766023335342922 36.390414424757125 7.947124004502648
v 26.41511192344646 36.62011242426271 8.065783884888258
v 26.415111924108963 36.62011242381947 55.934216115100334
v 26.766023335040913 36.390414424291464 56.052875995227325
v 26.501359926135912 37.498640073756626 8.229423116696323
v 26.501359926390354 37.49864007403459 55.770576883248
v 26.496193196209408 38.504336215949216 8.485967210236101
v 26.496193196689195 38.50433621575208 55.51403278977572
v 26.604413644317123 39.3875925448912 8.72526413703319
v 26.120872314434166 39.91150333187126 9.029136250042942
v 26.120872314434166 39.91150333187126 54.97086374995706
v 26.604413645811874 39.38759254481205 55.27473586332919
v 26.78753898110083 40.137803282674625 8.949570399813876
v 26.365977376042828 40.641577664640394 9.219493264470001
v 26.36597737589341 40.64157766461056 54.78050673561251
v 26.78753898110083 40.137803282674625 55.05042960018612
v 26.49314667085297 41.510580278978416 9.533404586999172
v 26.493146671483828 41.510580278594084 54.466595413066834
v 26.568131036250396 42.26223276391036 9.85357157756641
v 26.429480595111315 42.74666127576671 10.1194824047774
v 26.429480592515787 42.746661275496244 53.880517594229914
v 26.568131031401773 42.26223276152083 54.146428422963965
v 26.493580011980963 43.51064585568784 10.488822062727762
v 26.493580011339606 43.51064585604389 53.51117793746863
v 26.52834137696931 44.167423119574316 10.851537488016891
v 26.3956530281725 44.68286591454682 11.190008978599888
v 26.3956530267118 44.68286591441682 52.809991021437895
v 26.528341374276224 44.16742312208521 53.14846251328639
v 26.592457381042266 45.4181868115354 11.60027517202896
v 26.211782219942016 45.91427528541778 12.059055346564346
v 26.211782219942016 45.91427528541778 51.94094465343565
v 26.592457381282493 45.41818681264422 52.39972482849218
v 26.878448886608684 46.04643300438543 11.967004532431265
v 26.419866102188422 46.57548935535049 12.457026465066631
v 26.419866100648058 46.575489356426644 51.542973535347976
v 26.878448886608684 46.04643300438543 52.03299546756873
v 26.49912085365245 47.12105784647426 12.860508571230806
v 26.362148258015786 47.62262983828665 13.3033292579279
v 26.36214825595695 47.62262983848451 50.696670741353934
v 26.499120856610634 47.12105784490795 51.13949143563006
v 26.549185959206593 48.23150142447397 13.776883171373361
v 26.406387567310134 48.71885382937164 14.265736239971456
v 26.406387573316216 48.7188538296492 49.734263759678136
v 26.549185943927405 48.23150142073813 50.2231168285102
v 26.564739568634508 49.25884912016493 14.741150878336422
v 26.406387568548574 49.73426375953915 15.281146171119174
v 26.40638757280453 49.734263758533935 48.71885383000441
v 26.56473956026294 49.25884912183696 49.25884912183696
v 26.54918595594509 50.22311683017704 15.768498575157269
v 26.362148258032597 50.696670742066836 16.37737016156352
v 26.3621482574872 50.696670742555575 47.62262983830952
v 26.54918596123785 50.22311682976188 48.23150142251985
v 26.49912084814133 51.13949143248922 16.878942156689433
v 26.41986610283746 51.54297353538412 17.424510644371598
v 26.211782219942016 51.94094465343565 18.08572471458222
v 26.211782219942016 51.94094465343565 45.91427528541778
v 26.419866105872345 51.542973535003156 46.575489354785844
v 26.49912084985694 51.13949143405152 47.121057843206074
v 26.878448886608684 52.03299546756873 17.953566995614565
v 26.592457380780566 52.399724828333326 18.581813188748
v 26.395653026215005 52.809991021427166 19.317134084741213
v 26.395653027148605 52.80999102143189 44.68286591272514
v 26.59245737946354 52.39972482836844 45.41818681119958
v 26.878448886608684 52.03299546756873 46.04643300438543
v 26.52834137402137 53.14846251300062 19.832576879251665
v 26.493580012554194 53.51117793709665 20.48935414412755
v 26.429480594398896 53.88051759486562 21.253338724872705
v 26.429480596603486 53.880517595159375 42.74666127964676
v 26.49358001177352 53.5111779370957 43.51064585596031
v 26.52834137152923 53.14846251264813 44.167423120736764
v 26.56813103277859 54.14642842154443 21.73776723705876
v 26.493146670572187 54.46659541301152 22.48941972115628
v 26.365977377256247 54.780506736220325 23.358422335560302
v 26.120872314434166 54.97086374995706 24.088496668128734
v 26.120872314434166 54.97086374995706 39.91150333187126
v 26.365977376455774 54.78050673523144 40.641577664166164
v 26.493146669672555 54.46659541314791 41.510580279724756
v 26.568131041887135 54.1464284233924 42.26223276396355
v 26.78753898110083 55.05042960018612 23.862196717325364
v 26.6044136443776 55.27473586317924 24.612407454586066
v 26.49619319621581 55.51403278971256 25.4956637843083
v 26.50135992574742 55.77057688319801 26.501359925748034
v 26.415111923276303 55.934216115128095 27.37988757552142
v 26.09061759428038 55.97910424924104 28.142628478607907
v 26.09061759428038 55.97910424924104 35.85737152139209
v 26.41511192362498 55.93421611512965 36.62011242400945
v 26.501359926343817 55.77057688324027 37.4986400739902
v 26.496193196689383 55.51403278977611 38.50433621575235
v 26.60441364365792 55.27473586261397 39.38759254433538
v 26.78753898110083 55.05042960018612 40.137803282674625
v 26.766023336249344 56.052875995475475 27.60958557658185
v 26.637233729992722 56.19044193862278 28.615941979922372
v 26.493593469221267 56.267692939188876 29.496973425572374
v 26.495184588072735 56.35049286737763 30.49860568823197
v 26.495868886220407 56.39173656795266 31.499595354872554
v 26.49586888621267 56.39173656795065 32.50040464513482
v 26.495184588054077 56.35049286737643 33.50139431166217
v 26.493593469262358 56.267692939232745 34.503026574364036
v 26.637233730388 56.190441938737564 35.38405801983782
v 26.766023335038252 56.052875995223516 36.390414424285936
v 27.94247225740316 8.809556327008103 37.96948297616554
v 27.74714315820988 8.343722363573708 38.22566639087378
v 27.49489627970539 8.572553547636682 39.50794892171961
v 27.626851991998574 8.847745724876061 40.37910960209992
v 27.924508173162828 9.5 37.959953715804886
v 27.03457056808893 9.114124030439271 38.44143461052045
v 27.48793859747262 9.066450436481897 40.88488801495075
v 27.50094260633731 9.304221233312589 41.49650270441117
v 27.587791623035535 9.687582315424203 42.39675581292144
v 27.851555671139756 9.969891394897346 43.05840899764385
v 27.924508173162828 10.5 37.959953715804886
v 27.409378694507158 10.48251775492545 38.24857505391791
v 27.184889004473092 10.038162496564945 42.92114513183492
v 27.419212959221344 10.320841331747035 43.59548528840096
v 27.622610003330273 10.739879572623638 44.419986174481906
v 27.881255985429082 11.5 37.93700763944557
v 27.347281955626958 11.45484203055161 38.23670968606938
v 27.512996885655692 11.098340512009143 44.969770595322565
v 27.49583238000536 11.436575812834835 45.50691435961625
v 27.50458341861431 11.848728094089866 46.10444822532811
v 27.909887082810528 12.526204065003993 37.84009651309616
v 27.22645575074769 12.44950149502248 38.208842815383896
v 27.393540587558327 12.261131043880638 46.646587405821826
v 27.57473445752238 12.728683600526894 47.308188098677576
v 27.696081380300217 13.586884470697001 37.80936271461282
v 27.06317774389453 13.483987925842662 38.15152169549708
v 27.46702826194215 13.17709261343026 47.82321508097365
v 27.611329655555796 13.639040877222657 48.4027442999992
v 27.595485288277263 14.580787040424807 37.6791586686473
v 27.058408997643852 14.148444328860238 38.030108605102654
v 27.500709737363337 14.119054769301146 48.88894669689955
v 27.622726886369083 14.588403161593314 49.41159683826415
v 27.510645856364437 15.5064199892001 37.51117793685507
v 27.5007097354835 15.111053302484137 49.88094523121909
v 27.611329655643758 15.597255699803439 50.360959122653256
v 27.870297163485564 16.76959927080333 36.9277747674078
v 27.393800350107803 16.38024660215115 37.32771260716219
v 27.467028258211805 16.17678491980064 50.82290738785158
v 27.574734459832655 16.691811902075628 51.27131640039428
v 27.58143126772923 17.65366617932007 36.80159111319143
v 27.16500144511135 17.44508031838217 37.09817232047664
v 27.393540586622144 17.353412594898472 51.7388689561106
v 27.504583416737223 17.895551772223143 52.15127190584254
v 28.0 19.0 36.0
v 27.527147351604405 18.527111858471812 36.49430691896985
v 27.495832380124117 18.49308564033382 52.56342418737996
v 27.702274707705673 19.53741859089373 35.93679680873689
v 27.451229920363488 19.386210807343247 36.155050785598874
v 27.51299687922495 19.030229404730076 52.9016594886638
v 27.622610004874222 19.580013825725715 53.26012042751351
v 27.985635873695543 20.98425494954778 34.99112259202944
v 27.558649491240644 20.55981110286004 35.50406491102866
v 27.058408997643852 20.063921601276164 36.03299546756873
v 27.41921296019703 20.404514711635354 53.67915866845838
v 27.851555671139756 20.941591002356148 54.03010860510265
v 27.599360414309597 21.59936041439951 34.87862799180146
v 27.407827337278167 21.407827337227168 35.10943165528009
v 27.184889004473092 21.07885486816508 53.96183750343505
v 27.587791622442406 21.603244186938966 54.31241768440945
v 27.731692992657955 23.12296412492652 32.61056286876143
v 23.244932958999712 18.494658973621945 39.45938812445184
v 26.597486135524832 21.749333126581142 35.32740972442345
v 27.50094260703953 22.503497295751828 54.69577876673883
v 27.941702757015243 23.943146139977106 28.891733182268915
v 27.826080526441405 23.82946994634142 29.5
v 34.668537047030135 10.246085088222067 38.042064683442185
v 35.67797370586649 8.195319683105916 39.609935618885636
v 27.917507166043084 22.772802975636026 32.8090959060265
v 17.87907765106563 25.07062965824916 38.17750212117552
v 27.052614684340302 23.136669946393305 34.10012375699291
v 27.48793859542353 23.11511198449978 54.93354956372193
v 27.626851990277522 23.620890397833744 55.15225427468809
v 27.914939378441588 24.917204050665834 25.77011274118276
v 27.813684845532876 24.81236578593103 26.5
v 27.716424955003653 24.67462822890851 27.5
v 27.685142240461676 24.44013238478149 28.535039909361355
v 27.422177102630755 24.5 29.5
v 34.431129691838805 10.660047576551499 38.07167507413191
v 32.1033959386115 14.762491953976433 36.53574301261713
v 27.046522411989415 24.097315030775924 32.5
v 27.01463513642046 24.027154270193325 33.18211203918317
v 27.49489628019441 24.4920510786065 55.42744645237533
v 27.79310107776754 25.697409709121658 24.790008854273456
v 27.676043140702987 25.418445825472997 25.46206764470966
v 27.395863137228616 25.5 26.5
v 27.18766373038201 25.542170357579664 27.479159158264896
v 27.150150732815657 25.284499610775885 28.5
v 27.096096576189346 25.16330140850454 29.5
v 27.046520648900874 25.075352992937642 30.253552371527647
v 27.500465357584737 25.50097867939404 55.72817095834475
v 27.47586064666052 26.53165155230944 24.656065775704125
v 27.15884939204754 26.268268252909206 25.5
v 27.08217829169574 26.133110358090033 26.5
v 27.024206277298475 26.03920872742349 27.13193193044149
v 27.37988757517071 26.415111923327192 55.934216114965615
v 27.609585575155553 26.766023335261405 56.05287599547542
v 26.429976009467406 28.64818220877295 24.255547310055867
v 27.03691818433449 27.03691818433449 55.99304073850159
v 27.54739575449585 27.54739575449585 56.20342990647754
v 26.125387124047663 29.518220676475252 24.180317567031242
v 27.49597744637638 28.49681733545321 56.35046553985763
v 32.43196999283688 36.72556602395328 -0.08112375675130323
v 27.49746978322069 29.498525721396383 56.47388913671552
v 27.10648528866242 30.77504610994273 7.5698061824987715
v 27.581431266833246 30.801591114558672 8.346333820064741
v 27.870297163485564 30.927774767407797 9.230400729196669
v 27.870297163485564 30.927774767407797 22.76959927080333
v 27.58143126872541 30.80159111404427 23.653666183046326
v 31.534352949560287 36.95355366288933 1.6200701390168906
v 27.4981451277474 30.499328218561118 56.55569553282135
v 26.743139221346745 31.465219135903176 7.6234115426298406
v 27.165001451447022 31.098172315456107 8.554919682295534
v 27.393800351179532 31.32771260620398 9.619753398632595
v 27.510645856241002 31.511177937012157 10.493580012104967
v 27.595485288400237 31.679158668173592 11.419212959789798
v 27.69608138069099 31.809362714710048 12.413115529367753
v 27.90988708258143 31.840096513310037 13.473795930617138
v 27.88125598542908 31.937007639445564 14.5
v 27.924508173162828 31.959953715804886 15.5
v 27.924508173162828 31.959953715804886 16.5
v 27.881255985429082 31.937007639445564 17.5
v 27.909887082586142 31.840096513303152 18.52620406953881
v 27.696081380078137 31.809362714581763 19.586884468723625
v 27.59548528849215 31.67915866809731 20.58078703989471
v 27.510645855870955 31.511177937210896 21.50641998783688
v 27.39380034955864 31.327712606615844 22.38024659892539
v 27.165001445474495 31.098172313287918 23.445080310757252
v 27.49838364091375 31.499800486850237 56.59646528530848
v 27.498383640909978 32.50019951318842 7.403534714691926
v 27.058408997643852 32.030108605102654 11.85155567113976
v 27.06317774409278 32.15152169562287 12.516012081773617
v 27.22645575101574 32.208842815316544 13.550498505085857
v 27.347281955619675 32.23670968605293 14.545157969227327
v 27.40937869451476 32.248575053906784 15.517482244930358
v 27.40937869450678 32.248575053912084 16.48251775497622
v 27.34728195563044 32.23670968605259 17.454842030782785
v 27.226455750710183 32.208842815486385 18.449501494935422
v 27.063177744012915 32.15152169571169 19.483987922535857
v 27.058408997643852 32.030108605102654 20.148444328860236
v 27.498383640905036 32.50019951317795 56.59646528530806
v 27.498145127733334 33.50067178140789 7.444304467177233
v 27.49814512772659 33.500671781455836 56.55569553282137
v 27.497469783185803 34.50147427862643 7.52611086328368
v 27.49746978313846 34.501474278701615 56.47388913669523
v 27.495977446380312 35.50318266449872 7.64953446014834
v 27.495977446404577 35.50318266431407 56.350465539860146
v 27.54739575428996 36.45260424569986 7.796570093467226
v 27.03691818433449 36.963081815665504 8.006959261498409
v 27.03691818433449 36.963081815665504 55.99304073850159
v 27.547395754176687 36.45260424541426 56.20342990650331
v 27.60958557526186 37.23397666488342 7.947124004559099
v 27.379887575926755 37.58488807661492 8.065783884885299
v 27.379887575674243 37.58488807663451 55.93421611507126
v 27.609585577125973 37.2339766644743 56.05287599557628
v 27.50046535807482 38.499021320350536 8.271829041637055
v 27.50046535748767 38.4990213207162 55.72817095831183
v 27.494896279679843 39.50794892167833 8.572553547623825
v 27.494896280136896 39.50794892132988 55.427446452363526
v 27.62685199194153 40.3791096020205 8.84774572485895
v 27.487938597016004 40.88488801441924 9.066450436309765
v 27.48793859593815 40.884888016804766 54.93354956381093
v 27.626851993307163 40.379109602210214 55.152254275360534
v 27.50094260649073 41.496502704579 9.304221233349292
v 27.500942607913146 41.49650270392584 54.69577876668028
v 27.587791622927682 42.396755812782196 9.687582315434451
v 27.184889004473092 42.92114513183492 10.038162496564945
v 27.184889004473092 42.92114513183492 53.96183750343505
v 27.58779162256321 42.39675581271876 54.3124176844824
v 27.851555671139756 43.05840899764385 9.969891394897346
v 27.419212959347135 43.59548528853227 10.320841331732522
v 27.41921296056173 43.59548528842184 53.6791586682969
v 27.851555671139756 43.05840899764385 54.03010860510265
v 27.622610003584015 44.41998617460054 10.739879572776465
v 27.51299687860394 44.96977059218015 11.098340511321064
v 27.512996877719978 44.96977058797032 52.90165948236207
v 27.622610005657368 44.4199861739368 53.26012042715149
v 27.49583237980098 45.50691435939946 11.436575812754382
v 27.495832381870738 45.50691435917279 52.56342418747189
v 27.50458342198104 46.10444822713419 11.848728094405612
v 27.393540587300325 46.646587405605715 12.261131043919093
v 27.39354058540383 46.646587405637675 51.738868956483635
v 27.504583406298362 46.10444822486663 52.151271903456475
v 27.574734457238158 47.3081880985785 12.728683600676723
v 27.467028259585348 47.82321508033053 13.177092612627913
v 27.46702825506949 47.823215080264205 50.822907386464436
v 27.574734453417125 47.30818809912096 51.27131639982069
v 27.611329656190755 48.402744300132646 13.639040877285264
v 27.5007097375802 48.88894669770798 14.119054768371255
v 27.500709730534417 48.88894669687005 49.88094523297953
v 27.611329654674538 48.402744300573865 50.36095912257598
v 27.62272688641147 49.411596838402865 14.588403161473412
v 27.500709735787645 49.880945232197284 15.11105330142674
v 27.500709731435755 49.88094523626751 48.88894670002182
v 27.622726889676994 49.411596838923955 49.411596839331374
v 27.611329655673863 50.36095912262897 15.597255700056992
v 27.467028255042475 50.82290738655963 16.176784919159807
v 27.467028274498247 50.82290738772936 47.82321508023323
v 27.611329655968714 50.36095912237779 48.40274429959449
v 27.57473445563007 51.27131639938345 16.69181190124262
v 27.393540586557855 51.73886895607477 17.353412594451125
v 27.393540586143473 51.7388689558666 46.64658740654805
v 27.5747344527846 51.271316400131866 47.30818809821226
v 27.504583423148443 52.15127190748346 17.895551777253996
v 27.4958323801232 52.563424187378125 18.493085640330158
v 27.512996888770008 52.90165948748861 19.03022941097403
v 27.512996866574785 52.90165948206158 44.96977059034491
v 27.495832381870738 52.56342418747189 45.50691435917279
v 27.50458340470483 52.151271906907766 46.10444822625847
v 27.622610003873085 53.26012042737285 19.58001382546046
v 27.419212959374974 53.679158668382385 20.404514711677052
v 27.184889004473092 53.96183750343505 21.07885486816508
v 27.184889004473092 53.96183750343505 42.92114513183492
v 27.41921295970927 53.67915866829637 43.59548528853543
v 27.622610003875664 53.26012042743686 44.4199861746461
v 27.851555671139756 54.03010860510265 20.941591002356148
v 27.58779162455057 54.31241768496046 21.603244187785318
v 27.50094260710744 54.695778766778915 22.503497295372533
v 27.48793859461035 54.93354956365151 23.11511198385261
v 27.487938594296516 54.93354956333506 40.88488801818629
v 27.500942607225372 54.69577876657162 41.496502704443735
v 27.58779162268465 54.3124176841193 42.39675581278292
v 27.851555671139756 54.03010860510265 43.05840899764385
v 27.626851991528238 55.15225427538905 23.620890397511925
v 27.49489628011104 55.42744645246792 24.49205107822345
v 27.500465357504677 55.728170958366825 25.50097867953703
v 27.379887575667638 55.934216115124606 26.415111923041255
v 27.03691818433449 55.99304073850159 27.03691818433449
v 27.03691818433449 55.99304073850159 36.963081815665504
v 27.37988757641453 55.93421611517852 37.58488807635019
v 27.50046535856548 55.72817095832687 38.49902131964435
v 27.494896280122166 55.42744645252925 39.507948921781505
v 27.626851989489328 55.15225427464868 40.379109601731656
v 27.609585576354668 56.052875995696596 26.76602333529312
v 27.547395754403645 56.203429906549054 27.5473957544122
v 27.495977446541183 56.35046553988299 28.496817335675654
v 27.497469783256008 56.47388913671473 29.49852572139589
v 27.498145127746994 56.555695532821275 30.499328218560986
v 27.49838364091451 56.59646528530893 31.49980048685064
v 27.49838364090619 56.59646528530792 32.500199513177996
v 27.49814512772543 56.55569553282108 33.500671781455864
v 27.497469783178463 56.47388913669292 34.50147427870796
v 27.495977446380078 56.35046553986601 35.503182664514426
v 27.547395754175696 56.20342990650376 36.452604245746485
v 27.60958557442861 56.052875995394494 37.233976664540535
v 28.809295145274575 7.972307059738592 37.91129516866079
v 28.809295145274575 7.972307059738592 38.10293260413666
v 27.71623087212276 8.442356284697038 38.16077770397299
v 28.199094339814867 8.125765693895012 38.2421523791774
v 28.49872297372037 8.399834602010946 39.5020405396823
v 28.534960539006402 8.725590877993419 40.47162986901366
v 28.714171198749103 8.956758364344198 41.10580902245668
v 28.495695904136205 9.499984355650298 37.65995069556822
v 28.047504532082435 9.007274711070119 40.98051841016258
v 28.387658903810337 9.191827379631974 41.598981221319484
v 28.494313092842926 9.57955977656954 42.51480335300132
v 28.516012075513864 9.848478303703498 43.06317774437356
v 28.495695904147855 10.500015644394384 37.65995069556377
v 28.413115529653 10.190637285324133 43.69608137998002
v 28.525505268231605 10.615094393968437 44.4951325966109
v 28.714171198749103 10.952808260856639 45.074692643783436
v 28.500702950460486 11.500637484228408 37.610770979772425
v 28.047504532082435 11.007997902158639 44.986795867981655
v 28.41161871382156 11.300954740852687 45.56941888012002
v 28.554229390340574 11.755390882182008 46.267315207738726
v 28.511099152463746 12.503107852490935 37.51170073693458
v 28.469097014886785 12.181865367403928 46.832184525957025
v 28.60380980151592 12.636879844828997 47.46072261152144
v 28.98679586798166 13.952495467917561 36.99200209784136
v 28.495132596645842 13.474494731281146 37.38490560595806
v 28.5 13.060079653114506 47.92811448679925
v 28.556648934181922 13.478126140925376 48.45123893308663
v 28.85691437575548 13.972609836519656 49.02893301227148
v 28.969770596855394 14.48700313344556 36.90165948546619
v 28.41998617475359 14.377389995941764 37.26012042679433
v 28.190247709088812 14.037617612668644 48.960069456759115
v 28.496233318477575 14.489685405638594 49.51031459435468
v 28.85691437575548 14.97106698772851 50.02739016348034
v 28.682865913309865 15.604346971103455 36.80999102219098
v 28.16742311939493 15.471658631381532 37.148462513000915
v 28.190247709088812 15.039930543240882 49.962382387331346
v 28.556648932652354 15.548761067210226 50.52187385925132
v 28.57522465917368 16.5790362848429 36.592529032103336
v 28.053778345219804 16.10293260413666 37.031484918150916
v 28.5 16.071885513200748 50.93992034688549
v 28.603809800373096 16.539277388659144 51.36312015518764
v 28.894061344945015 17.822719814406003 35.93247984726413
v 28.402746340852723 17.39271695846851 36.419298677935906
v 28.469097014006547 17.167815473588647 51.81813463222713
v 28.55422938911948 17.732684792262965 52.244609117689556
v 28.565577339284193 18.664581052567513 35.811114431251
v 28.213784476318683 18.494256784458535 36.09931375033462
v 28.411618714506908 18.430581119647915 52.69904525906235
v 28.714171198749103 18.925307356216564 53.04719173914336
v 28.933869931937313 19.912773727861836 34.955537943261575
v 28.443615701903614 19.434745151880016 35.536158718880664
v 28.047504532082435 19.01320413201834 52.99200209784136
v 28.525505268521716 19.504867403532906 53.38490560597765
v 28.59219141253938 20.648051600385624 34.80205393820284
v 28.295061975243446 20.430366470022975 35.11478752013826
v 28.413115528809712 20.30391861945732 53.8093627145966
v 28.51601207834194 20.936822257172008 54.15152169701777
v 28.840832395486263 21.826851916478464 33.88677052377868
v 28.380170333612075 21.372609084775387 34.51674575477559
v 28.49431309220595 21.48519664691024 54.420440223386144
v 51.54852990976102 -19.257381097729652 47.43009396161879
v 33.76346409651813 17.282256663683093 33.32637668128673
v 28.174165728819595 22.06048642636557 34.11823670275761
v 28.387658902344622 22.401018777953006 54.80817262017611
v 28.714171198749103 22.89419097754331 55.0432416356558
v 28.855663330211947 23.856548875406634 24.843863121156645
v 28.75947935946177 23.5228438884784 25.95665038142287
v 28.70372553044845 23.710512823440396 26.5
v 28.644923683362386 23.693096493197373 27.5
v 28.43974820747049 23.70355857362628 28.535039909361355
v 28.354227732030445 23.15424419890568 30.322358224226335
v 34.99542041775912 10.66628200052672 36.40863942738997
v 35.74712741660569 9.240404816011438 37.44168706262852
v 36.277167024034306 8.223857024562236 38.16959142495702
v 28.047504532082435 23.019481589837415 54.992725288929876
v 28.534960539446057 23.528370131131812 55.27440912204023
v 28.66032705627953 24.5 24.714307712095668
v 28.215051330162964 24.550322430399504 25.46206764470966
v 28.20372553044845 24.31236578593103 26.5
v 28.144923683362386 24.17462822890851 27.5
v 28.06624701245081 24.066887307969143 28.22506651560225
v 28.49872297370741 24.497959460027584 55.6001653979635
v 28.414863646896453 25.418445825472997 24.601033004104355
v 28.024772744827423 25.03074304245499 25.103446074516093
v 28.380325961628238 25.350513963612546 55.83396524106004
v 28.809295145274575 25.897067395863335 56.02769294026141
v 28.5 26.5 24.310102336118973
v 28.142628478607907 26.09061759428038 55.97910424924104
v 28.615941980235448 26.63723373038362 56.19044193875158
v 27.59978225259431 28.295349589593783 24.26566586159769
v 28.496817335449343 27.49597744637265 56.350465539849985
v 34.30629036268622 35.684325989823385 -0.8048623426927506
v 28.498266107180356 28.498266107162113 56.514827907045564
v 28.894061344945015 29.932479847264133 7.872860571225193
v 28.894061344945015 29.932479847264133 8.177280185593995
v 28.894061344945015 29.932479847264133 23.822719814406003
v 32.9307604785268 35.461702023203785 3.0145699293493635
v 28.49882179873251 29.499128390436624 56.63713257472605
v 30.127108147250425 29.150462337744408 7.30821903169988
v 28.40274634048831 30.419298678616485 8.6072830447913
v 28.575224659079943 30.59252903186942 9.420963715251228
v 28.682865913974677 30.80999102138389 10.395653028739163
v 28.96977059121389 30.901659489915836 11.512996876862063
v 28.98679586798166 30.992002097841358 12.047504532082437
v 28.98679586798166 30.992002097841358 19.95249546791756
v 28.969770592656435 30.90165948805681 20.487003109365126
v 28.682865913968502 30.809991020690326 21.604346973798474
v 28.5752246592685 30.5925290312381 22.57903628403254
v 28.40274634085865 30.419298678364846 23.392716954609813
v 28.227394678278348 30.139534773769746 24.02610307023258
v 28.498926456593676 30.499509547983894 56.71825643829503
v 28.937066584617547 31.943132700847936 7.198626208080755
v 28.053778345219804 31.031484918150916 9.897067395863335
v 28.167423117853552 31.14846251414529 10.528341371667835
v 28.41998617441487 31.26012042738254 11.62261000326838
v 28.49513259661157 31.384905606093923 12.52550526905928
v 28.51109915255806 31.511700736886954 13.496892146670822
v 28.500702950429044 31.61077097978935 14.49936251586081
v 28.495695904140536 31.659950695574043 15.499984355729277
v 28.495695904137698 31.659950695574732 16.500015644327757
v 28.500702950447355 31.610770979783467 17.500637484446642
v 28.51109915242756 31.511700736821346 18.503107853251308
v 28.495132596465954 31.384905606037215 19.474494731652694
v 28.419986174694266 31.260120427462855 20.377389997093058
v 28.167423119490103 31.148462512351113 21.471658623803478
v 28.053778345219804 31.031484918150916 22.10293260413666
v 28.498896382705446 31.499830129969027 56.75870458287032
v 28.498896382703837 32.5001698700258 7.241295417128914
v 28.498896382708104 32.50016987000671 56.75870458287066
v 28.498926456628812 33.50049045196497 7.281743561700824
v 28.498926456627697 33.500490451947776 56.7182564382976
v 28.498821798641558 34.50087160964531 7.36286742527352
v 28.498821798564446 34.50087160972657 56.637132574732625
v 28.498266107157633 35.50173389284921 7.485172092950026
v 28.49826610714376 35.501733892823005 56.514827907028085
v 28.496817335487258 36.50402255365138 7.6495344601503215
v 28.496817335552027 36.50402255366804 56.35046553981859
v 28.615941980039878 37.3627662697194 7.809558061329207
v 28.142628478607907 37.90938240571961 8.020895750758957
v 28.142628478607907 37.90938240571961 55.97910424924104
v 28.615941980231494 37.36276626952436 56.19044193864321
v 28.809295145274575 38.10293260413666 7.972307059738592
v 28.380325961397027 38.649486036505266 8.166034758884246
v 28.38032596136057 38.64948603632702 55.83396524114925
v 28.809295145274575 38.10293260413666 56.02769294026141
v 28.49872297372409 39.50204053968591 8.399834602011481
v 28.49872297359122 39.50204053966951 55.60016539794157
v 28.5349605391168 40.471629869112185 8.725590878016469
v 28.047504532082435 40.98051841016258 9.007274711070119
v 28.047504532082435 40.98051841016258 54.992725288929876
v 28.534960538273666 40.47162986890505 55.27440912202778
v 28.714171198749103 41.10580902245668 8.956758364344198
v 28.38765890377041 41.598981221321196 9.19182737961661
v 28.38765890549844 41.59898122112466 54.808172620771224
v 28.714171198749103 41.10580902245668 55.0432416356558
v 28.494313092798986 42.51480335300459 9.579559776575511
v 28.494313092651804 42.51480335259758 54.42044022352953
v 28.51601207535973 43.063177744297235 9.848478303674288
v 28.413115529768707 43.69608137998421 10.190637285450185
v 28.413115529770288 43.69608138000211 53.80936271474626
v 28.516012075228254 43.06317774430125 54.15152169562316
v 28.52550526861651 44.495132596782334 10.615094394032766
v 28.047504532082435 44.986795867981655 11.007997902158639
v 28.047504532082435 44.986795867981655 52.99200209784136
v 28.525505268744425 44.49513259685885 53.38490560602024
v 28.714171198749103 45.074692643783436 10.952808260856639
v 28.411618714093066 45.5694188802388 11.300954740969493
v 28.411618715111278 45.56941888082697 52.69904525911332
v 28.714171198749103 45.074692643783436 53.04719173914336
v 28.554229389503988 46.267315207655344 11.755390881928239
v 28.469097015391533 46.83218452611469 12.181865367521008
v 28.469097018593615 46.83218452682667 51.81813463251378
v 28.554229388003918 46.26731520806951 52.24460911835455
v 28.603809801281006 47.46072261160097 12.63687984477659
v 28.5 47.92811448679925 13.060079653114506
v 28.5 47.92811448679925 50.93992034688549
v 28.60380979937162 47.46072261150001 51.36312015499311
v 28.556648933981695 48.45123893299323 13.47812614091113
v 28.190247709088812 48.960069456759115 14.037617612668644
v 28.190247709088812 48.960069456759115 49.962382387331346
v 28.55664893281071 48.45123893288552 50.52187385971512
v 28.85691437575548 49.02893301227148 13.972609836519656
v 28.496233319027265 49.51031459448597 14.48968540563801
v 28.190247709088812 49.962382387331346 15.039930543240882
v 28.190247709088812 49.962382387331346 48.960069456759115
v 28.49623331890392 49.510314594622564 49.510314594622564
v 28.85691437575548 49.02893301227148 50.02739016348034
v 28.85691437575548 50.02739016348034 14.97106698772851
v 28.55664893265129 50.52187385925132 15.548761067210226
v 28.5 50.93992034688549 16.071885513200748
v 28.5 50.93992034688549 47.92811448679925
v 28.556648931979844 50.52187385956789 48.45123893313782
v 28.85691437575548 50.02739016348034 49.02893301227148
v 28.603809800564775 51.36312015536753 16.53927738849094
v 28.469097018933468 51.81813463276373 17.167815473730194
v 28.469097024232617 51.81813463352412 46.83218452840359
v 28.60380980104015 51.36312015551063 47.460722611767835
v 28.554229389691983 52.24460911788565 17.732684792057366
v 28.411618713787064 52.69904525895535 18.430581119336406
v 28.047504532082435 52.99200209784136 19.01320413201834
v 28.047504532082435 52.99200209784136 44.986795867981655
v 28.411618714476102 52.69904525897619 45.56941888003768
v 28.55422939139121 52.24460911785104 46.26731520721584
v 28.714171198749103 53.04719173914336 18.925307356216564
v 28.52550526790389 53.384905605890545 19.50486740328109
v 28.41311552788099 53.80936271452411 20.30391861952598
v 28.41311553191722 53.80936271490499 43.696081380680766
v 28.525505265669626 53.38490560579732 44.49513259690476
v 28.714171198749103 53.04719173914336 45.074692643783436
v 28.516012076221543 54.15152169695279 20.936822255074087
v 28.494313092135744 54.420440223351044 21.485196646834208
v 28.387658902342956 54.80817262017453 22.401018777946028
v 28.047504532082435 54.992725288929876 23.019481589837415
v 28.047504532082435 54.992725288929876 40.98051841016258
v 28.38765890428126 54.8081726202903 41.598981221649325
v 28.494313092791398 54.4204402233669 42.5148033534746
v 28.516012076243015 54.151521695884 43.06317774385166
v 28.714171198749103 55.0432416356558 22.89419097754331
v 28.534960539190916 55.274409121986984 23.52837013080035
v 28.49872297348562 55.60016539786801 24.49795946013125
v 28.380325961582496 55.83396524116597 25.350513963464824
v 28.142628478607907 55.97910424924104 26.09061759428038
v 28.142628478607907 55.97910424924104 37.90938240571961
v 28.380325961413803 55.83396524108715 38.649486036045246
v 28.49872297349422 55.60016539796391 39.50204054011221
v 28.534960538162483 55.27440912174663 40.47162986922247
v 28.714171198749103 55.0432416356558 41.10580902245668
v 28.809295145274575 56.02769294026141 25.897067395863335
v 28.61594197991353 56.190441938659454 26.63723373014362
v 28.4968173354853 56.35046553986267 27.49597744637859
v 28.49826610717862 56.514827907045024 28.4982661071594
v 28.49882179873354 56.63713257472573 29.499128390436542
v 28.498926456599857 56.71825643829576 30.499509547983973
v 28.498896382706675 56.75870458287055 31.499830129969503
v 28.49889638270877 56.75870458287083 32.50016987000686
v 28.498926456627242 56.71825643829777 33.500490451947776
v 28.498821798564297 56.637132574732654 34.50087160972669
v 28.498266107142637 56.51482790702812 35.50173389282303
v 28.496817335553118 56.35046553981852 36.50402255366799
v 28.61594198050973 56.190441938758624 37.362766269851605
v 28.809295145274575 56.02769294026141 38.10293260413666
v 29.747038659903318 7.612294538412962 36.747858546163066
v 29.534331130120425 7.748128515732849 37.20035857005888
v 29.56652939176286 7.8873547982022405 38.15694225993453
v 29.802776160501327 8.476672915048265 36.794231502502655
v 28.927326422411426 8.247795089640576 37.390720474400254
v 29.432948860449184 8.088490911262934 38.84810233509866
v 29.50017629169561 8.271745481322876 39.49866737811585
v 29.49651064975756 8.615970463204588 40.51071210596678
v 29.539667291530325 8.839810592176743 41.098627818894286
v 29.858821372598822 9.494167418138973 36.806047283087445
v 29.201338530750906 9.507672870138046 37.23028016488495
v 29.44318298016074 9.148833814371685 41.82532811499081
v 29.498292659638718 9.440882057653583 42.504735719425206
v 29.550498505128814 9.79115718480487 43.22645575087651
v 29.858821372563067 10.505832581853207 36.80604728310532
v 29.201338530737626 10.492327129861954 37.23028016489823
v 29.47379593242262 10.159903486739386 43.909887082277876
v 29.496892147118242 10.488299263108175 44.51109915241595
v 29.508567168589124 10.825170447947125 45.06254389024436
v 29.802776160495227 11.52332708526373 36.79423150261301
v 29.153509264780073 11.482855911385483 37.21344632241965
v 29.441449793729422 11.232467061585396 45.692237303072304
v 29.56508740168336 11.696589276304904 46.39571814606976
v 29.692237303076016 12.55855020620042 36.76753293837249
v 29.06254389016141 12.49143283352616 37.174829551518904
v 29.5 12.082271452257821 46.88890232517633
v 29.532462744556007 12.520819707304883 47.493548460513644
v 29.733226538152678 12.96533909507626 48.04086815687333
v 29.56941888010214 13.588381284190984 36.69904525909995
v 29.074692643783436 13.285828801250895 37.04719173914336
v 29.06655987148601 13.008877407970553 47.989377878582275
v 29.446677305362936 13.434157016096776 48.563729614303554
v 29.5 13.924781409282216 49.07945520083831
v 29.506914359186833 14.50416761979234 36.563424187291794
v 29.412452875474834 14.409450936566309 49.59054906345606
v 29.5 14.920544799161693 50.07521859071778
v 29.91427528541778 15.78821778005798 35.94094465343565
v 29.41818681155677 15.407542617783458 36.39972482754707
v 29.446677305262188 15.43627038586121 50.56584298389816
v 29.733226538152678 15.95913184312667 51.03466090492374
v 29.742436353517494 16.575119620819383 35.82919025934051
v 29.271889855054393 16.430130544692787 36.194010585317216
v 29.06655987148601 16.01062212141772 50.99112259202944
v 29.53246274523646 16.506451539410303 51.47918029276944
v 29.60449874948375 17.612903094918614 35.555767743172105
v 29.087107598399577 17.156053147739335 36.057676454116745
v 29.5 17.11109767482367 51.91772854774218
v 29.565087402174935 17.604281854067747 52.3034107237238
v 29.840405376734953 18.745504434618525 34.88401236996245
v 29.404760657482647 18.357932092871923 35.3879062507416
v 29.441449793567042 18.307762696704014 52.76753293838287
v 29.508567168707117 18.937456109803115 53.1748295517174
v 29.62624928042466 19.665094438462052 34.61070341937316
v 29.173738710068285 19.24610706119517 35.120849679063156
v 29.496892146888687 19.488900847419668 53.51170073680291
v 29.823337714984845 20.697615758749517 33.8768608777712
v 29.390871126379803 20.348533586563775 34.41317900930309
v 29.473795934462128 20.090112918549714 53.84009651350743
v 29.55049850664587 20.773544249332385 54.208842815506216
v 29.95107513202598 21.94247225740316 32.960069456759115
v 29.577962938883164 21.585621345831182 33.51625585508629
v 29.136669946393305 21.160185249811796 34.10012375699291
v 29.498292659448527 21.495264280802818 54.559117942341224
v 29.638612444120795 22.668978344526014 32.703492332955676
v 29.317496484265913 22.377571830194658 33.17004185279906
v 29.443182980304904 22.174671884984562 54.85116618585984
v 29.539667291481678 22.901372181465234 55.16018940802406
v 29.266130101080808 23.795407523626693 24.340181500657728
v 29.380334460494552 23.751623421877547 25.5
v 29.39966044687948 23.710512823440396 26.5
v 29.39966044687948 23.693096493197373 27.5
v 29.399757964138082 23.67208861205002 28.5
v 29.418624301875795 23.646521295948776 29.5
v 30.42445261201358 24.27103384926606 28.988972794435412
v 41.53227331248625 15.286896541790112 28.128397006043514
v 35.24835631497335 10.548010675969602 37.559634639544655
v 29.496510649740582 23.489287894053536 55.38402953676453
v 29.392906793266814 24.073423882465953 24.415606581257133
v 29.880334460494552 24.07717648187891 25.5
v 29.89966044687948 24.061946592160627 26.5
v 29.89966044687948 24.061946592160627 27.5
v 29.899757964138082 24.06188061683396 28.5
v 29.918624301875795 24.0495593128601 29.5
v 38.087470377946445 29.054331919494977 18.47914646881297
v 29.990108638784466 24.005644566617384 31.086808279113903
v 29.50017629213118 24.50133262201797 55.728254518683315
v 29.5 25.5 24.324082240272627
v 29.432948861421107 25.15189766477107 55.91150908876837
v 29.56652939172388 25.843057740108563 56.11264520183859
v 29.036633224687947 27.023867894326283 24.33847513827417
v 29.4969734256211 26.49359346932264 56.26769293921947
v 36.247093787618084 34.659098986832106 -1.8954512023355257
v 29.49852572126732 27.497469783097475 56.47388913669913
v 34.660438155220334 34.19945848406656 2.7600101907297905
v 29.499128390434045 28.498821798730017 56.6371325747211
v 28.1979843191017 30.408453467947247 7.524901523145012
v 29.604498749990764 29.555767741853035 8.38709690570482
v 29.742436355959363 29.82919025907601 9.424880373938597
v 29.91427528541778 29.94094465343565 10.211782219942016
v 29.91427528541778 29.94094465343565 21.78821778005798
v 29.742436355132984 29.829190258544216 22.57511963030364
v 29.60449874937719 29.555767742159535 23.6129030907389
v 33.348320921081964 34.41678657193986 5.220001999702456
v 29.49918166840261 29.49918166840261 56.75869875686333
v 29.043421041473252 30.3128858957122 7.276153541604219
v 29.087107598399577 30.057676454116745 8.843946852260661
v 29.271889853483646 30.194010586865 9.569869461395044
v 29.41818681122137 30.39972482838614 10.592457379903513
v 29.506914359756898 30.563424187093435 11.495832378503483
v 29.5694188807217 30.69904525883374 12.411618712722841
v 29.692237303260775 30.767532938347752 13.441449794206697
v 29.802776160356913 30.794231502529332 14.47667291622482
v 29.85882137254945 30.80604728306414 15.494167418517529
v 29.858821372534816 30.806047283111965 16.505832581330868
v 29.802776160443674 30.794231502498267 17.523327083895044
v 29.692237303170035 30.767532938410582 18.558550203541156
v 29.56941888053004 30.699045258790704 19.588381284936762
v 29.506914359749352 30.56342418718557 20.50416762070676
v 29.418186810761846 30.39972482799242 21.407542618837322
v 29.271889853355503 30.194010588121735 22.430130546958857
v 29.087107598399577 30.057676454116745 23.156053147739335
v 29.499017766752214 30.499398316882452 56.83938065063041
v 29.49887403460597 31.49976860178172 7.12037659163728
v 29.074692643783436 31.047191739143358 12.714171198749103
v 29.062543890064422 31.174829551504317 13.508567175217062
v 29.153509264715762 31.213446322460932 14.517144087688282
v 29.201338530760424 31.230280164879687 15.507672870157172
v 29.20133853073764 31.230280164900115 16.49232712972567
v 29.1535092645963 31.213446322483282 17.482855911604336
v 29.062543889954927 31.174829551975208 18.491432828215295
v 29.074692643783436 31.047191739143358 19.285828801250894
v 29.49887403460353 31.499768601775077 56.8796234083624
v 29.49887403460597 32.50023139821861 7.120376591637238
v 29.49887403460937 32.50023139822208 56.87962340836313
v 29.499017766733445 33.50060168311426 7.160619349372488
v 29.499017766733527 33.50060168314281 56.83938065063019
v 29.49918166839449 34.50081833160916 7.241301243138205
v 29.49918166839097 34.50081833154091 56.758698756867304
v 29.49912839035808 35.50117820135501 7.362867425271286
v 29.499128390416114 35.50117820136634 56.63713257472862
v 29.4985257213546 36.50253021681221 7.526110863284582
v 29.49852572140916 36.50253021680456 56.47388913673114
v 29.49697342568149 37.50640653070725 7.732307060787412
v 29.49697342522946 37.506406530744904 56.2676929391624
v 29.566529391685204 38.15694225979001 7.887354798172838
v 29.432948860409518 38.84810233503698 8.088490911250322
v 29.43294886143957 38.84810233596615 55.91150908892674
v 29.56652939182707 38.1569422592674 56.11264520180896
v 29.500176291695514 39.49866737811577 8.271745481322913
v 29.50017629176954 39.49866737795282 55.728254518601275
v 29.49651064973703 40.51071210596046 8.61597046320211
v 29.496510649667524 40.510712105890484 55.38402953683913
v 29.539667291296453 41.0986278188748 8.839810592160184
v 29.443182979453407 41.8253281146652 9.148833814256623
v 29.44318297619972 41.82532811530258 54.85116618556044
v 29.53966729479629 41.098627818423154 55.160189407821015
v 29.49829265946223 42.504735719317566 9.440882057631693
v 29.498292659162068 42.5047357191284 54.55911794235135
v 29.550498505316277 43.22645575094497 9.791157184857791
v 29.473795931522016 43.90988708213386 10.159903486517571
v 29.47379593347321 43.90988708173596 53.84009651313087
v 29.55049850619594 43.22645575077946 54.20884281536868
v 29.49689214701724 44.51109915238383 10.488299263120423
v 29.496892146536897 44.511099152536666 53.51170073685209
v 29.508567169017116 45.06254389036745 10.825170448049109
v 29.441449793714092 45.69223730306671 11.23246706162699
v 29.44144979302767 45.692237302904616 52.76753293806983
v 29.508567172395725 45.06254389174179 53.174829553027685
v 29.565087401966426 46.39571814610056 11.696589276319306
v 29.5 46.88890232517633 12.082271452257821
v 29.5 46.88890232517633 51.91772854774218
v 29.565087402934903 46.395718146083084 52.303410723820555
v 29.532462744534516 47.493548460476404 12.520819707307965
v 29.06655987148601 47.989377878582275 13.008877407970553
v 29.06655987148601 47.989377878582275 50.99112259202944
v 29.532462744471445 47.493548460618534 51.47918029263625
v 29.733226538152678 48.04086815687333 12.96533909507626
v 29.446677304899236 48.56372961419092 13.434157016039048
v 29.446677304906622 48.56372961405178 50.56584298396691
v 29.733226538152678 48.04086815687333 51.03466090492374
v 29.5 49.079455200838304 13.924781409282215
v 29.41245287510509 49.5905490633666 14.409450936540622
v 29.41245287709504 49.590549063473794 49.590549063488865
v 29.5 49.079455200838304 50.07521859071778
v 29.5 50.07521859071778 14.920544799161695
v 29.446677304784163 50.56584298383994 15.436270385860846
v 29.06655987148601 50.99112259202944 16.01062212141772
v 29.06655987148601 50.99112259202944 47.989377878582275
v 29.446677305075514 50.56584298394095 48.56372961410925
v 29.5 50.07521859071778 49.07945520083831
v 29.733226538152678 51.03466090492374 15.95913184312667
v 29.532462744514994 51.47918029267007 16.506451539362594
v 29.5 51.91772854774218 17.11109767482367
v 29.5 51.91772854774218 46.88890232517633
v 29.532462745462396 51.47918029268681 47.493548460352955
v 29.733226538152678 51.03466090492374 48.04086815687333
v 29.56508740220464 52.30341072377266 17.604281854005734
v 29.441449793502226 52.767532938402866 18.307762696625023
v 29.441449793097565 52.76753293829874 45.69223730290428
v 29.565087401797363 52.30341072373147 46.395718146189225
v 29.508567169729986 53.17482955148543 18.93745611063155
v 29.496892146630277 53.511700736879824 19.48890084740352
v 29.4737959346408 53.84009651370323 20.090112917066502
v 29.473795940627895 53.840096513770604 43.90988708161663
v 29.496892148021193 53.511700736763345 44.511099152389136
v 29.508567169524426 53.17482955232653 45.0625438907508
v 29.55049850550209 54.20884281515807 20.773544248817547
v 29.498292659265832 54.55911794230387 21.49526428069223
v 29.443182978408096 54.851166185614105 22.174671884708545
v 29.443182982164696 54.85116618562342 41.82532811505134
v 29.498292660445856 54.559117942417835 42.50473571946216
v 29.550498505048644 54.20884281559137 43.22645575070804
v 29.53966729148183 55.160189407982344 22.901372181654374
v 29.496510649741804 55.38402953676223 23.48928789404408
v 29.50017629213118 55.72825451868454 24.50133262201797
v 29.43294885931282 55.911509088558155 25.15189766417981
v 29.432948860426887 55.911509088757235 38.84810233513656
v 29.500176291768916 55.7282545185988 39.49866737796257
v 29.49651064959325 55.38402953682868 40.510712105974704
v 29.539667292933704 55.160189407668184 41.09862781876474
v 29.566529391585537 56.11264520169581 25.8430577402841
v 29.496973425777274 56.26769293922246 26.493593469342077
v 29.498525721395055 56.473889136708486 27.497469783161705
v 29.499128390434034 56.637132574721235 28.498821798730088
v 29.4991816684057 56.75869875686362 29.499181668405246
v 29.499017766751752 56.83938065063053 30.499398316882516
v 29.498874034603933 56.879623408362484 31.4997686017751
v 29.498874034609837 56.879623408363194 32.50023139822209
v 29.499017766732674 56.839380650630076 33.5006016831428
v 29.499181668391902 56.758698756867176 34.500818331540835
v 29.499128390415816 56.637132574728525 35.50117820136629
v 29.49852572140804 56.473889136731174 36.50253021680458
v 29.496973425230266 56.26769293916242 37.50640653074492
v 29.566529389923822 56.11264520184555 38.15694226013077
v 30.95448670987023 7.936243560885594 35.966296719236325
v 31.057787150710602 7.496714316207862 35.999533605362814
v 30.848518623016012 7.726491832504511 37.83170476734946
v 30.586557054304667 7.856275066622347 38.360391351999084
v 30.957341961742106 8.5 35.968411207196574
v 30.481982868259166 8.549416789719988 36.33904943629923
v 30.5 8.026124157705915 38.90421635582511
v 30.500434326623317 8.187000883500788 39.4969508856079
v 30.49855953866289 8.529020611362272 40.50692791256891
v 30.545495004427245 8.81029347467946 41.24170589135234
v 30.99147692933943 9.5 35.99368866776933
v 30.525064510835424 9.51818345290576 36.35599941989722
v 30.492132287305203 9.106777963743134 41.92642209349273
v 30.499830017017064 9.349383917276306 42.4986334170244
v 30.54515796955766 9.763290313957341 43.347281955605446
v 30.99147692933943 10.5 35.99368866776933
v 30.525064510835424 10.481816547093077 36.35599941989349
v 30.5 10.062992360554434 43.88125598542908
v 30.499362515829514 10.3892290202134 44.50070295045966
v 30.517144088848653 10.786553677495258 45.153509264701455
v 30.957341961742106 11.5 35.968411207196574
v 30.48198286824368 11.450583210763675 36.339049436341334
v 30.476672914914573 11.20576849747115 45.802776160474366
v 30.54941679019565 11.66095056370443 46.481982868218175
v 30.88890232517633 12.5 35.91772854774218
v 30.395718145950912 12.434912597567168 36.303410723641946
v 30.5 12.031588792803426 46.9573419617421
v 30.498237632843527 12.432937036264345 47.50804089342089
v 30.5 12.928563739777596 48.08422885349665
v 30.832184526297468 13.530902988672176 35.81813463317914
v 30.26731520692875 13.445770610534277 36.24460911826892
v 30.451633982747236 13.352579422630578 48.59390213560002
v 30.50127294720962 13.849491594493797 49.132018101585444
v 30.646587404999483 14.60645941352228 35.738868956355184
v 30.10444822532333 14.495416581443008 36.15127190782645
v 30.45775811126553 14.350110892360451 49.64988910766478
v 30.501272947440828 14.86798189843476 50.15050840558006
v 30.57548935511179 15.580133898736724 35.542973535192644
v 30.046433004385435 15.121551113391314 36.03299546756873
v 30.45163398249376 15.406097864404636 50.6474205773831
v 30.5 15.915771146503353 51.071436260222406
v 30.885934283106856 16.743896583527825 34.91088972059604
v 30.423519068654894 16.377218730268947 35.41005816276842
v 30.498237633005868 16.49195910659737 51.56706296373731
v 30.664136877760786 17.630055088337436 34.76456767748614
v 30.22151212137091 17.46093482095835 35.16659465971946
v 30.5 17.042658038257894 51.968411207196574
v 30.54941678990327 17.51801713172527 52.33904943626542
v 30.94308475070889 18.902432711347146 33.952958255469746
v 30.501419971042697 18.496726576574066 34.51924524621776
v 30.046433004385435 18.078837767951857 35.03466090492374
v 30.476672914987198 18.197223839502392 52.794231502531794
v 30.517144088662217 18.846490735182517 53.213446322469224
v 30.70305681095092 19.60989356836469 33.79996971655257
v 30.32178812440852 19.405790588421713 34.21493758428153
v 30.499362515998648 19.499297049553675 53.61077097980728
v 30.885934283106856 20.841968570502036 32.899924180144325
v 30.46998353498856 20.456733367237458 33.512115735165054
v 30.05801888871894 20.079870819546922 34.04561556787381
v 30.5 20.11874401457092 53.93700763944557
v 30.545157969458714 20.652718044389054 54.23670968603671
v 31.0 22.0 32.0
v 30.642016585086708 21.702119451451857 32.559021392227294
v 30.215602484746015 21.345753657384915 33.15755268078842
v 30.499830017214464 21.501366582974484 54.65061608273673
v 30.739255219235215 22.605868012224935 31.79004722532701
v 30.40673584072615 22.334689932386198 32.30505290193569
v 30.492132287860073 22.073577906651984 54.89322203613959
v 30.54549500423439 22.758294108646048 55.18970652529405
v 30.775807260944802 23.732679134367103 30.775807261759105
v 30.411973624748097 23.389410064078003 31.44253368829343
v 30.046433004385435 23.049833655127518 32.04086815687333
v 30.49855953885783 23.49307208741789 55.47097938863518
v 30.78201664230267 24.75522082350902 24.58241248333424
v 28.919275679641103 23.41005103180219 29.88978323710152
v 28.559458784096865 23.152467161279446 31.27230390026823
v 28.176867126394193 22.899709215538955 32.60289469562968
v 27.80275337487419 22.64622014417632 33.84602260863773
v 27.489443297757635 22.40258199484343 34.93235668561623
v 30.49444184738607 24.378893468938198 30.323970033977997
v 30.092722522390524 24.005644566617384 31.086808279113903
v 30.500434326596153 24.503049114449578 55.812999116481
v 30.790180361393 25.518221119118074 24.480611184728787
v 30.5 25.095783644174883 55.973875842294085
v 30.586557054452644 25.63960864803136 56.14372493338163
v 38.346726461553686 33.71545876200829 -3.647776490903004
v 30.498605688218476 26.49518458806997 56.3504928673824
v 37.16216923906769 33.44282143076212 -0.026678963123732302
v 30.499328218563896 27.49814512771381 56.55569553281942
v 30.43868367427077 28.511492171639464 7.368930028165939
v 30.664136876522793 28.76456767661297 8.369944914758948
v 30.885934283106856 28.91088972059604 9.256103416472174
v 30.885934283106856 28.91088972059604 22.743896583527828
v 30.66413687595234 28.764567674596606 23.630055082778483
v 34.78088211286834 32.597633871204465 6.921839890109243
v 30.499509547992478 28.498926456628713 56.71825643829621
v 29.802147732590818 29.415343922147486 7.396403095315197
v 30.2215121232352 29.166594659530816 8.539065180339033
v 30.42351906800944 29.410058161975478 9.622781275006734
v 30.575489355676805 29.542973534931406 10.419866103087942
v 30.64658740492205 29.738868956972546 11.393540585780512
v 30.832184526647943 29.81813463308336 12.469097014342246
v 30.88890232517633 29.91772854774218 13.5
v 30.957341961742106 29.968411207196574 14.5
v 30.99147692933943 29.993688667769327 15.5
v 30.99147692933943 29.993688667769327 16.5
v 30.957341961742106 29.968411207196574 17.5
v 30.88890232517633 29.91772854774218 18.5
v 30.83218452695015 29.818134632008856 19.530902984306643
v 30.64658740498985 29.738868956874672 20.606459412923954
v 30.575489355733065 29.54297353506946 21.58013389862187
v 30.423519068439262 29.410058162389525 22.37721872477747
v 30.221512126365432 29.166594661661172 23.460934830742765
v 30.046433004385435 29.03466090492374 24.01450775431779
v 30.499398316877205 29.499017766721586 56.839380650627774
v 30.83224694458534 30.83224694458534 7.046791596468163
v 30.046433004385435 30.032995467568732 10.878448886608684
v 30.104448224600112 30.151271905281515 11.504583421818587
v 30.267315207624723 30.244609118187995 12.554229386463664
v 30.39571814596612 30.303410723607524 13.565087402291674
v 30.48198286822917 30.33904943627936 14.549416790585063
v 30.52506451082115 30.355999419906528 15.518183453021189
v 30.525064510822308 30.355999419903533 16.481816546976695
v 30.481982868212185 30.339049436306393 17.450583209238097
v 30.39571814599043 30.30341072360928 18.434912597701206
v 30.26731520794871 30.244609117829008 19.44577061229097
v 30.10444822236317 30.151271907862313 20.49541657233505
v 30.046433004385435 30.032995467568732 21.121551113391313
v 30.499200596375765 30.49920059637442 56.919802837222925
v 30.499063471442728 31.499685732800152 7.040073440417303
v 30.499063471445556 31.499685732794394 56.959926559582705
v 30.499063471442728 32.50031426719973 7.040073440417303
v 30.499063471444245 32.50031426720362 56.959926559582776
v 30.499200596382295 33.50079940361779 7.080197162777201
v 30.49920059637438 33.500799403623766 56.919802837222846
v 30.4993983168847 34.500982233265994 7.1606193493721895
v 30.499398316868938 34.50098223326953 56.839380650628335
v 30.499509548046184 35.50107354336754 7.281743561699831
v 30.499509547893634 35.501073543354124 56.71825643829389
v 30.499328218562187 36.50185487226815 7.444304467178214
v 30.499328218467358 36.50185487229544 56.55569553282161
v 30.498605688336728 37.504815411900964 7.649507132614397
v 30.49860568836638 37.50481541189411 56.35049286738713
v 30.58655705432022 38.36039135201841 7.856275066626412
v 30.5 38.90421635582511 8.026124157705915
v 30.5 38.90421635582511 55.973875842294085
v 30.586557054351832 38.36039135209741 56.14372493338857
v 30.50043432662327 39.49695088560806 8.187000883500865
v 30.500434326671343 39.49695088551529 55.81299911649072
v 30.498559538662967 40.50692791256586 8.52902061136196
v 30.498559538857425 40.50692791259094 55.47097938865269
v 30.545495004544083 41.241705891393394 8.81029347468044
v 30.492132287590394 41.926422093595676 9.106777963780601
v 30.492132288389122 41.9264220936049 54.8932220361927
v 30.545495004764167 41.24170589135368 55.18970652533319
v 30.499830017026447 42.49863341703278 9.349383917277905
v 30.499830017129515 42.49863341699663 54.65061608273497
v 30.54515796958007 43.34728195563987 9.763290313961402
v 30.5 43.881255985429085 10.062992360554434
v 30.5 43.881255985429085 53.93700763944557
v 30.545157969985574 43.34728195566721 54.23670968608166
v 30.499362515829652 44.50070295045766 10.389229020212392
v 30.499362516137058 44.50070295047946 53.610770979796676
v 30.517144088462317 45.15350926466415 10.78655367748025
v 30.476672914914868 45.80277616050062 11.205768497458065
v 30.47667291389959 45.80277616056041 52.794231502622736
v 30.51714408847466 45.15350926484799 53.213446322774566
v 30.54941679019625 46.48198286822469 11.660950563698036
v 30.5 46.9573419617421 12.031588792803426
v 30.5 46.9573419617421 51.968411207196574
v 30.54941679083394 46.48198286811646 52.33904943634417
v 30.498237632843527 47.50804089342089 12.432937036264345
v 30.4982376325411 47.508040893460404 51.567062963744085
v 30.5 48.08422885349665 12.928563739777596
v 30.45163398274805 48.593902135597844 13.352579422628406
v 30.451633983010442 48.59390213562392 50.647420577340355
v 30.5 48.08422885349665 51.071436260222406
v 30.50127294878759 49.13201810180927 13.849491594425055
v 30.45775811126521 49.64988910765967 14.35011089235534
v 30.457758111299416 49.6498891076285 49.64988910766938
v 30.501272952010936 49.1320181022347 50.15050840598888
v 30.501272947440846 50.15050840561708 14.867981898471761
v 30.45163398253418 50.64742057738101 15.406097864392946
v 30.4516339830137 50.647420577331665 48.5939021356413
v 30.50127294733534 50.15050840546599 49.13201810178891
v 30.5 51.071436260222406 15.915771146503353
v 30.4982376325166 51.56706296371806 16.491959106532985
v 30.5 51.968411207196574 17.042658038257894
v 30.5 51.968411207196574 46.9573419617421
v 30.498237632541116 51.5670629637441 47.50804089346042
v 30.5 51.071436260222406 48.08422885349665
v 30.549416790143212 52.339049436274315 17.51801713173539
v 30.476672915212905 52.794231502642596 18.197223839568146
v 30.476672913901627 52.79423150263582 45.802776160534194
v 30.549416790953273 52.33904943629946 46.48198286833254
v 30.517144088522596 53.21344632240051 18.84649073524397
v 30.49936251555189 53.610770979775765 19.49929704953892
v 30.5 53.93700763944557 20.11874401457092
v 30.5 53.93700763944557 43.88125598542908
v 30.49936251620102 53.61077097983093 44.50070295040894
v 30.517144087684557 53.213446322708414 45.15350926473651
v 30.54515796943068 54.236709686033045 20.65271804445188
v 30.499830017214464 54.65061608273673 21.501366582974484
v 30.492132287860073 54.8932220362997 22.073577906463633
v 30.492132286788816 54.893222036265556 41.92642209328639
v 30.499830017129533 54.650616082735 42.49863341699666
v 30.545157969841885 54.236709686059115 43.34728195553255
v 30.545495004232404 55.189706525315 22.758294108688006
v 30.498559538859045 55.4709793886376 23.493072087422682
v 30.50043432659647 55.812999116481016 24.503049114449585
v 30.5 55.97387584229409 25.095783644174883
v 30.5 55.97387584229409 38.90421635582511
v 30.500434326668902 55.81299911648829 39.49695088552514
v 30.49855953872271 55.470979388643705 40.50692791259568
v 30.5454950034106 55.189706525242194 41.24170589149531
v 30.58655705428769 56.14372493338232 25.639608647971986
v 30.49860568821975 56.350492867383025 26.495184588075105
v 30.499328218562525 56.555695532819456 27.498145127713826
v 30.49950954799205 56.71825643829619 28.498926456628702
v 30.49939831687784 56.839380650627795 29.499017766721597
v 30.49920059637592 56.919802837223024 30.49920059637443
v 30.499063471445112 56.959926559582655 31.499685732794386
v 30.499063471444725 56.959926559582705 32.500314267203606
v 30.499200596375434 56.91980283722279 33.50079940362378
v 30.49939831686805 56.83938065062782 34.5009822332722
v 30.499509547893947 56.71825643829386 35.5010735433541
v 30.499328218467614 56.55569553282163 36.50185487229545
v 30.49860568836685 56.35049286738711 37.50481541188895
v 30.586557054147132 56.14372493337157 38.36039135203518
v 31.14342278830412 7.55640129027752 35.90111330576465
v 31.240101993115474 7.424115762797898 36.23024289403075
v 31.499595354922683 7.608263432047962 37.50413111378584
v 31.540470897341752 7.849373447625173 38.48224971097211
v 32.0 8.0 39.0
v 31.52445824066942 8.471484742201499 35.5526990770122
v 31.333333333333332 8.006959261498409 38.9744825983618
v 31.500680237047437 8.14465356222325 39.495813629748014
v 31.499619142388323 8.485764857239968 40.505197746554266
v 31.518624235939278 8.799646656237599 41.31926277917631
v 31.498361913003052 9.499720054198042 35.62587866374608
v 31.5 9.049179072657173 41.88226591753178
v 31.500076623869298 9.303914176804586 42.49577288353712
v 31.51748224487526 9.751424946085068 43.40937869450497
v 31.498361913003052 10.500279945800814 35.62587866374608
v 31.5 10.040046284195114 43.92450817316283
v 31.499984355658516 10.340049304430494 44.49569590414202
v 31.507672870502947 10.769719835125075 45.20133853073043
v 31.508040893410097 11.501762367154852 35.56706296374631
v 31.494167418282775 11.19395271689315 45.858821372524346
v 31.519325529553058 11.644525630864864 46.5258808731256
v 32.0 12.0 47.0
v 31.989377878582278 12.93344012851399 34.99112259202944
v 31.493548460463437 12.467537253997119 35.47918029271043
v 31.333333333333332 12.008415109640897 46.9886359057859
v 31.50169309935628 12.37308690085317 47.497182599569975
v 31.5 12.902647141972794 48.114785847479986
v 31.928114486799252 13.5 34.93992034688549
v 31.46072261161372 13.39619019961637 35.36312015524445
v 31.485606593977202 13.328442190137428 48.62905618129057
v 31.50197877672636 13.822734657941592 49.16203576599542
v 31.823215080681244 14.532971739384232 34.8229073860779
v 31.30818809924968 14.425265545808418 35.271316399008725
v 31.487623855485722 14.320950507438813 49.679049492565426
v 31.501978776798893 14.837964234016296 50.17726534206205
v 31.62262983838484 15.637851740293325 34.69667074185681
v 31.121057841642177 15.500879148039385 35.13949143053375
v 31.485606593886178 15.370943818702296 50.67155780984934
v 31.5 15.88521415252001 51.09735285802721
v 31.95745814255875 16.89780587607168 33.96238238733135
v 31.501211925794752 16.494707720639166 34.520524890515816
v 31.032615826397354 16.077229916861157 35.02600552524072
v 31.50169309934323 16.502817400419133 51.62691309914554
v 32.0 17.0 52.0
v 31.814099342341414 17.54078665801756 33.84144033329768
v 31.368733280505445 17.367008769998836 34.30081417511148
v 31.333333333333332 17.01136409421409 51.9915848903591
v 31.51932552955709 17.47411912686101 52.3554743691249
v 31.989377878582278 18.98051841016258 32.99002992919597
v 31.602985894333514 18.650112715242813 33.52743696008819
v 31.130010278750937 18.23576604468048 34.10918377757381
v 31.49416741815405 18.14117862741208 52.80604728307488
v 31.507672870225722 18.79866146922923 53.2302801648652
v 31.825823586622047 19.536571144324785 32.84967331611852
v 31.418233073123996 19.316827559513094 33.34834830618332
v 31.49998435566959 19.504304095853946 53.65995069556728
v 31.914774770483394 20.873677549675286 31.914774770483394
v 31.531243978229135 20.54118798782718 32.523793210000115
v 31.11922252271848 20.17530190383537 33.10576256769313
v 31.5 20.075491826837172 53.959953715804886
v 31.517482245002814 20.590621305487712 54.248575053920575
v 32.0 22.0 31.0
v 31.616715135052907 21.740152569764543 31.616715133538833
v 31.228995675784635 21.451563538317806 32.19664389674737
v 31.500076623879586 21.504227116459994 54.696085823199276
v 31.790047225624186 22.605868012434577 30.739255219522374
v 31.402342742224462 22.2939479251792 31.40234274222051
v 31.5 22.11773408246822 54.950820927342825
v 31.51862423583913 22.680737220836434 55.200353343767105
v 31.800329575043637 23.705743725004222 29.705743731510267
v 31.442533690521763 23.389410066579426 30.411973625771243
v 31.065156505213032 23.074692643783436 31.065156505213032
v 31.499619142375508 23.494802253428 55.514235142757244
v 31.226756330673297 24.828428037267912 24.819437777563635
v 31.358660801125414 24.731670164004893 25.5
v 31.402503222920945 24.706472134985326 26.5
v 31.571127735840403 24.73868574324743 27.6
v 42.0568927361746 15.765254079111319 25.40298230150302
v 36.81608305001163 14.678364439056853 33.13091013280975
v 31.086808279113903 24.01837072299967 30.092722522390524
v 31.500680236965188 24.50418637025523 55.85534643777747
v 32.0 25.0 56.0
v 34.956839107506994 27.43718258248743 14.824444655647486
v 29.084419187730294 23.545290708195154 32.499684712690836
v 31.902503222920945 25.044957037318603 26.5
v 31.951879559734003 25.02124193622925 27.333333333333332
v 31.333333333333332 25.025517401638186 55.99304073850159
v 31.54047089734334 25.517750289026687 56.150626552374035
v 41.75017946648385 33.91073888369853 -9.24252735444047
v 31.499595354871115 26.495868886216744 56.39173656795019
v 31.601766903086173 27.606340434938435 7.521594032815352
v 31.814099341578032 27.841440336591134 8.459213341824016
v 31.95745814255875 27.962382387331353 9.10219412392832
v 31.95745814255875 27.962382387331353 22.897805876071676
v 31.81409934271288 27.84144033729932 23.54078666384046
v 35.869338621605024 29.79541455327029 10.956314669507545
v 31.499800486850916 27.4983836409193 56.59646528530976
v 31.00951345806088 28.44509153626685 7.461502118313646
v 31.368733282455576 28.300814175093553 8.632991221037745
v 31.501211925828375 28.52052489013141 9.505292279446804
v 31.62262983850531 28.69667074260213 10.362148257971668
v 31.823215080302553 28.822907387890346 11.467028252088351
v 31.928114486799256 28.939920346885494 12.5
v 31.989377878582278 28.991122592029445 13.066559871486009
v 31.989377878582278 28.991122592029445 18.933440128513986
v 31.928114486799252 28.939920346885494 19.5
v 31.823215080118665 28.82290738679917 20.532971743850975
v 31.622629838634793 28.696670741930784 21.637851739655158
v 31.501211926155797 28.520524891029964 22.494707719142426
v 31.368733282358434 28.300814175438106 23.36700877555198
v 31.130010278750937 28.10918377757381 24.058492950232424
v 31.4998301299692 28.498896382705603 56.758704582870635
v 32.02783882834149 30.024941067553307 7.088339921270341
v 31.032615826397354 29.02600552524072 9.92277008313884
v 31.121057843282806 29.139491433640877 10.499120846199485
v 31.30818809869051 29.271316398787807 11.574734456545107
v 31.460722611328034 29.363120155285046 12.603809800333421
v 31.493548460643417 29.479180292663383 13.532462744724729
v 31.508040893413174 29.56706296375373 14.498237632653785
v 31.498361912996344 29.625878663754747 15.49972005417127
v 31.498361912991655 29.625878663753227 16.50027994581216
v 31.50804089342623 29.567062963728223 17.50176236762439
v 31.493548460667103 29.479180292664896 18.467537255185
v 31.460722611292255 29.36312015533543 19.396190198170135
v 31.30818809900668 29.271316399451933 20.425265546214707
v 31.1210578430444 29.139491434008637 21.50087915457197
v 31.032615826397354 29.02600552524072 22.07722991686116
v 31.499768601775248 29.49887403460369 56.879623408362704
v 31.49968573280015 30.499063471442724 7.040073440417302
v 31.49968573279423 30.499063471445396 56.95992655958241
v 32.0 32.0 7.0
v 31.499657725701386 31.499657725701386 7.0000021132845225
v 31.499657725700285 31.499657725700285 56.99999788671547
v 32.0 32.0 57.0
v 32.0 32.0 7.0
v 31.499657725701386 32.50034227429861 7.000002113284517
v 31.499657725700285 32.5003422743001 56.99999788671549
v 32.0 32.0 57.0
v 31.499685732798074 33.50093652855583 7.040073440417292
v 31.499685732801876 33.50093652855079 56.9599265595828
v 31.49976860178333 34.50112596539195 7.1203765916369335
v 31.499768601787935 34.50112596539158 56.879623408363024
v 31.499830129970263 35.501103617293 7.241295417128518
v 31.49983012995547 35.50110361728945 56.75870458287243
v 31.499800486816508 36.50161635908584 7.403534714691391
v 31.499800486850905 36.501616359083066 56.59646528531097
v 31.4995953549218 37.50413111378385 7.608263432047525
v 31.499595354869175 37.50413111378164 56.391736567953274
v 31.540470897341798 38.48224971097192 7.8493734476250765
v 31.333333333333332 38.9744825983618 8.006959261498409
v 31.333333333333332 38.9744825983618 55.99304073850159
v 31.54047089730673 38.48224971096743 56.15062655237449
v 32.0 39.0 8.0
v 31.500680237042534 39.49581362974486 8.144653562222658
v 31.500680237071776 39.49581362975871 55.855346437780014
v 32.0 39.0 56.0
v 31.49961914238834 40.505197746554266 8.485764857239968
v 31.499619142393502 40.50519774656538 55.51423514276247
v 31.518624235929053 41.319262779170934 8.799646656236455
v 31.5 41.88226591753178 9.049179072657173
v 31.5 41.88226591753178 54.950820927342825
v 31.51862423583539 41.31926277915224 55.200353343771916
v 31.500076623894902 42.495772883540724 9.30391417680562
v 31.500076623936785 42.495772883532595 54.69608582319763
v 31.5174822448916 43.409378694502955 9.751424946081647
v 31.5 43.92450817316283 10.040046284195114
v 31.5 43.92450817316283 53.959953715804886
v 31.517482244752053 43.40937869449702 54.24857505391143
v 31.499984355658423 44.49569590414101 10.340049304430494
v 31.4999843556522 44.495695904142835 53.65995069556348
v 31.50767287052427 45.201338530726154 10.769719835127221
v 31.494167418409468 45.85882137255265 11.193952716908997
v 31.4941674182073 45.85882137260738 52.80604728305409
v 31.507672870930268 45.20133853073582 53.23028016485692
v 31.519325529546432 46.5258808731241 11.644525630862368
v 31.333333333333332 46.9886359057859 12.008415109640897
v 31.333333333333332 46.9886359057859 51.9915848903591
v 31.519325529510713 46.52588087312452 52.35547436912792
v 32.0 47.0 12.0
v 31.501693099404573 47.49718259957081 12.37308690085438
v 31.501693099574183 47.49718259957936 51.62691309914794
v 32.0 47.0 52.0
v 31.5 48.114785847479986 12.902647141972794
v 31.485606593970758 48.62905618128713 13.328442190136487
v 31.485606593957947 48.62905618128458 50.67155780985938
v 31.5 48.114785847479986 51.09735285802721
v 31.50197877680872 49.16203576595318 13.822734657907423
v 31.487623855485722 49.679049492565426 14.320950507438813
v 31.48762385558854 49.679049492565426 49.6790494925533
v 31.501978776637085 49.16203576591427 50.17726534206205
v 31.501978776708278 50.177265342104896 14.837964234064039
v 31.48560659389782 50.671557809849766 15.370943818707516
v 31.485606593978634 50.67155780986297 48.62905618128802
v 31.50197877639383 50.17726534209193 49.16203576594354
v 31.5 51.09735285802721 15.88521415252001
v 31.50169309935868 51.62691309914902 16.502817400424053
v 31.333333333333332 51.9915848903591 17.01136409421409
v 31.333333333333332 51.9915848903591 46.9886359057859
v 31.501693099541498 51.62691309915053 47.49718259958935
v 31.5 51.09735285802721 48.114785847479986
v 32.0 52.0 17.0
v 31.519325529613898 52.35547436914075 17.474119126873365
v 31.4941674179816 52.806047283078485 18.141178627428125
v 31.49416741820772 52.80604728307196 45.85882137260738
v 31.519325529508592 52.35547436912368 46.525880873133005
v 32.0 52.0 47.0
v 31.507672870225672 53.23028016487184 18.798661469242514
v 31.49998435566959 53.65995069556526 19.504304095853946
v 31.5 53.959953715804886 20.075491826837172
v 31.5 53.959953715804886 43.92450817316283
v 31.499984355652206 53.659950695563495 44.49569590414285
v 31.50767287082999 53.23028016485961 45.20133853072682
v 31.51748224504796 54.24857505392301 20.590621305489766
v 31.500076623879725 54.696085823199276 21.504227116459994
v 31.5 54.95082092734283 22.11773408246822
v 31.5 54.95082092734283 41.88226591753178
v 31.500076623936792 54.696085823197635 42.4957728835326
v 31.51748224465136 54.24857505390207 43.40937869451091
v 31.5186242358881 55.200353343765556 22.68073722085961
v 31.49961914237536 55.514235142757244 23.494802253428
v 31.500680236965188 55.85534643777747 24.50418637025523
v 31.333333333333332 55.99304073850159 25.025517401638186
v 31.333333333333332 55.99304073850159 38.9744825983618
v 31.500680237071766 55.85534643778 39.4958136297587
v 31.49961914239395 55.51423514276247 40.50519774656538
v 31.518624235971004 55.20035334376968 41.319262779163466
v 32.0 56.0 25.0
v 31.540470897304314 56.15062655237406 25.517750289028797
v 31.499595354871115 56.39173656795019 26.495868886216744
v 31.499800486851345 56.59646528530976 27.4983836409193
v 31.499830129969553 56.758704582870635 28.498896382705603
v 31.49976860177537 56.87962340836271 29.4988740346037
v 31.499685732794187 56.95992655958241 30.499063471445396
v 31.49965772570053 56.99999788671549 31.499657725700672
v 31.499657725700093 56.99999788671549 32.5003422743001
v 31.499685732801296 56.95992655958263 33.50093652855349
v 31.499768601788578 56.87962340836303 34.50112596539158
v 31.4998301299552 56.75870458287243 35.50110361729211
v 31.499800486850784 56.59646528531097 36.501616359083066
v 31.499595354869296 56.391736567953274 37.50413111378164
v 31.54047089730826 56.15062655237755 38.48224971096125
v 32.0 56.0 39.0
v 32.0 57.0 32.0
v 32.0 57.0 32.0
v 32.521640750809645 7.187063367907394 34.57582225149815
v 31.85515210213491 7.415581985726897 35.52525863748649
v 32.500199513183645 7.403534714691423 36.50161635908618
v 32.50040464507765 7.608263432048104 37.504131113786414
v 32.459529102658294 7.849373447625173 38.482249710972305
v 32.0 8.0 39.0
v 32.59390213557842 8.451633982880352 34.64742057733232
v 32.08422885349665 8.5 35.07218291684682
v 32.666666666666664 8.006959261498409 38.9744825983618
v 32.499319762953114 8.144653562223322 39.495813629748085
v 32.50038085761097 8.485764857239271 40.5051977465525
v 32.481375764075956 8.799646656236831 41.31926277916839
v 32.62905618129542 9.485606593965192 34.67155780985523
v 32.114785847479986 9.5 35.09735285802721
v 32.5 9.049179072657173 41.88226591753178
v 32.49992337613858 9.303914176802785 42.49577288353399
v 32.4825177550954 9.751424946084839 43.40937869450874
v 32.629056181300406 10.514393405996215 34.67155780984462
v 32.114785847479986 10.5 35.09735285802721
v 32.5 10.040046284195114 43.92450817316283
v 32.50001564437624 10.340049304427387 44.495695904134344
v 32.49232712947564 10.769719835130541 45.2013385307328
v 32.59390213558916 11.54836601743564 34.64742057738611
v 32.08422885349665 11.5 35.071436260222406
v 32.50583258171757 11.193952716902087 45.85882137254222
v 32.48067447045414 11.644525630863434 46.525880873122
v 32.0 12.0 47.0
v 32.56372961421296 12.553322695117634 34.56584298380302
v 32.04086815687333 12.266773461847324 35.03466090492374
v 32.666666666666664 12.008415109640897 46.9886359057859
v 32.498306900643506 12.373086900851266 47.497182599569975
v 32.5 12.902647141972794 48.114785847479986
v 32.960069456759115 13.809752290911186 33.96238238733135
v 32.45123893261486 13.443351065837115 34.5218738592986
v 32.514393406022556 13.328442190137428 48.629056181293116
v 32.498021223273675 13.822734657915653 49.162035765969485
v 32.888946697905894 14.49929025849722 33.880945231309965
v 32.40274429984751 14.388670344117427 34.36095912252954
v 32.51237614433036 14.320950507453357 49.67904949257826
v 32.49802122329216 14.837964234064037 50.17726534209192
v 32.71885382929613 15.593612434596183 33.73426375954573
v 32.231501424615 15.450814041076267 34.22311683133017
v 32.514393406087116 15.370943818701583 50.67155780984954
v 32.5 15.88521415252001 51.09735285802721
v 32.980051467992055 16.948944410373603 32.980051467992055
v 32.5703348319752 16.594826748040866 33.53328877638919
v 32.09177673193532 16.23113920940501 34.08198249688307
v 32.498306900673946 16.50281740043138 51.62691309915002
v 32.0 17.0 52.0
v 32.86434097194935 17.512927830576434 32.86434097194935
v 32.416710925908475 17.3249693740777 33.38750085064788
v 32.666666666666664 17.01136409421409 51.9915848903591
v 32.48067447039823 17.47411912686593 52.35547436913964
v 32.99002992919597 18.98051841016258 31.989377878582278
v 32.57950488474423 18.705183018875648 32.57950488474423
v 32.13255051142932 18.46207966436814 33.12743817216236
v 32.505832581846015 18.14117862741208 52.806047283083814
v 32.49232712977407 18.798661469242514 53.23028016487848
v 32.849673313539 19.536571137438948 31.825823582468978
v 32.420334434010755 19.289338538650824 32.42033443400652
v 32.500015644221264 19.5043040958566 53.65995069556359
v 32.899924180144325 20.841968570502036 30.885934283106856
v 32.52379320672497 20.541187988298727 31.531243980483165
v 32.13236084087573 20.20701088300862 32.13236084087573
v 32.5 20.075491826837172 53.959953715804886
v 32.48251775495267 20.590621305489766 54.24857505392004
v 32.960069456759115 21.94247225740316 29.95107513202598
v 32.55902139038185 21.702119455598467 30.642016587168104
v 32.19664389446386 21.45156353510821 31.22899567313561
v 32.499923376223705 21.504227116462115 54.69608582319556
v 32.980051467992055 22.97358076845386 28.97358076845386
v 32.703492333749686 22.66897834163884 29.638612444678948
v 32.30505290190173 22.334689927043645 30.406735840011223
v 32.5 22.11773408246822 54.950820927342825
v 32.48137576411191 22.680737220859605 55.20035334376157
v 32.960069456759115 23.95107513202598 27.94247225740316
v 32.703492334164636 23.63861244218421 28.66897834341876
v 32.39034695434616 23.358312668782364 29.358312669988887
v 32.04086815687333 23.049833655127518 30.046433004385435
v 32.5003808575974 23.494802253445556 55.51423514276115
v 32.899924180144325 24.885934283106856 26.841968570502036
v 32.55902138950527 24.642016583024315 27.702119450798694
v 32.30505290191646 24.406735839944815 28.334689927136843
v 32.04086815687333 24.046433004385435 29.049833655127518
v 32.49931976303552 24.50418637025523 55.85534643777747
v 32.0 25.0 56.0
v 19.22626644559698 17.617662752397255 65.30611450851603
v 34.42303891280254 26.804966287661102 20.312953697012397
v 40.59690943879794 15.474591058197795 27.692236507508785
v 32.23325751347765 25.02124193622925 27.333333333333332
v 32.666666666666664 25.025517401638186 55.99304073850159
v 32.45952910265617 25.517750289027926 56.15062655237522
v 32.666404888608156 26.666404888614966 7.658508122519703
v 32.86434097056654 26.86434097283374 8.487072176402313
v 32.980051467992055 26.98005146799206 9.051055589626396
v 32.980051467992055 26.98005146799206 22.948944410373603
v 32.86434096807052 26.86434097082293 23.512927830600866
v 35.85466246339295 25.70910712869896 19.294143493126384
v 32.5004046450827 26.495868886216797 56.3917365679516
v 32.639893230126034 27.02972983440212 7.663841095493996
v 32.41671092578708 27.38750085002903 8.67503062530523
v 32.570334831944436 27.533288776600973 9.40517325166867
v 32.71885382964513 27.734263760342298 10.406387564410029
v 32.888946697048155 27.880945230772713 11.500709738866181
v 32.960069456759115 27.962382387331353 12.190247709088812
v 32.960069456759115 27.962382387331353 19.809752290911185
v 32.88894669716676 27.880945230488937 20.499290250892496
v 32.71885382923004 27.73426375967806 21.59361243191186
v 32.57033483225207 27.533288775660157 22.594826747543614
v 32.416710926125305 27.387500851099865 23.3249693730145
v 32.16271485555198 27.153537829404456 24.12974452682566
v 32.50019951317785 27.498383640904947 56.59646528530787
v 33.32433260093233 29.319085047689185 7.185652571549109
v 32.09177673193532 28.081982496883075 9.768860790594987
v 32.23150142444885 28.223116829749213 10.54918595530399
v 32.40274429987654 28.36095912308398 11.611329656472337
v 32.45123893284163 28.521873859269302 12.55664893306056
v 32.56372961422232 28.56584298386548 13.446677305508974
v 32.593902135541825 28.64742057737179 14.45163398290432
v 32.629056181282245 28.671557809871803 15.485606593929958
v 32.62905618128992 28.67155780986281 16.514393406207187
v 32.59390213556472 28.647420577404368 17.54836601750163
v 32.56372961426228 28.565842983830287 18.553322694576437
v 32.45123893276863 28.52187385915056 19.443351066732824
v 32.402744299835724 28.360959122899658 20.388670345945233
v 32.231501423227854 28.223116829302004 21.45081404005202
v 32.09177673193532 28.081982496883075 22.231139209405008
v 32.50016987001012 28.498896382705812 56.75870458287139
v 32.500231398218354 29.498874034605738 7.120376591637182
v 32.04086815687333 29.03466090492374 13.733226538152675
v 32.08422885349665 29.071436260222406 14.5
v 32.114785847479986 29.097352858027207 15.5
v 32.114785847479986 29.097352858027207 16.5
v 32.08422885349665 29.071436260222406 17.5
v 32.04086815687333 29.03466090492374 18.266773461847322
v 32.50023139822191 29.498874034603848 56.8796234083625
v 32.50031426719972 30.499063471442724 7.040073440417302
v 32.50031426720358 30.499063471444206 56.959926559582705
v 32.0 32.0 7.0
v 32.50034227429861 31.499657725701386 7.000002113284517
v 32.5003422743001 31.499657725700285 56.99999788671549
v 32.0 32.0 57.0
v 32.0 32.0 7.0
v 32.50034227429863 32.50034227429863 7.0000021132845225
v 32.500342274300486 32.500342274300486 56.99999788671547
v 32.0 32.0 57.0
v 32.50031426720195 33.50093652855592 7.040073440417292
v 32.500314267203244 33.50093652855478 56.95992655958262
v 32.50023139821763 34.50112596539205 7.12037659163696
v 32.50023139822191 34.501125965391466 56.87962340836284
v 32.500169870029744 35.501103617292586 7.241295417128539
v 32.50016987004478 35.50110361729477 56.75870458287277
v 32.500199513183205 36.50161635908506 7.4035347146912
v 32.50019951320736 36.501616359091045 56.59646528530772
v 32.50040464507819 37.50413111378417 7.608263432047535
v 32.50040464501898 37.50413111378296 56.39173656795527
v 32.459529102658244 38.482249710972305 7.849373447625173
v 32.666666666666664 38.9744825983618 8.006959261498409
v 32.666666666666664 38.9744825983618 55.99304073850159
v 32.45952910269079 38.482249710955095 56.150626552379116
v 32.0 39.0 8.0
v 32.499319762957214 39.49581362974634 8.14465356222318
v 32.499319762927996 39.49581362976435 55.85534643777719
v 32.0 39.0 56.0
v 32.50038085761098 40.5051977465525 8.485764857239571
v 32.50038085760644 40.50519774656538 55.51423514276247
v 32.48137576407793 41.31926277916384 8.799646656233953
v 32.5 41.88226591753178 9.049179072657173
v 32.5 41.88226591753178 54.950820927342825
v 32.48137576416371 41.31926277913636 55.200353343771916
v 32.49992337614311 42.49577288353617 9.303914176804867
v 32.499923375983066 42.495772883531174 54.696085823195794
v 32.482517755077026 43.40937869450834 9.751424946084416
v 32.5 43.92450817316283 10.040046284195114
v 32.5 43.92450817316283 53.959953715804886
v 32.48251775505875 43.409378694523184 54.24857505390257
v 32.50001564439169 44.495695904143005 10.340049304432084
v 32.50001564428522 44.495695904136035 53.659950695563666
v 32.49232712945599 45.201338530718594 10.769719835113875
v 32.50583258204948 45.858821372525355 11.193952716890266
v 32.50583258179288 45.85882137260738 52.80604728307196
v 32.492327129069736 45.20133853065613 53.23028016489676
v 32.480674470455796 46.52588087312898 11.644525630864688
v 32.666666666666664 46.9886359057859 12.008415109640897
v 32.666666666666664 46.9886359057859 51.9915848903591
v 32.48067447049198 46.52588087314148 52.355474369119435
v 32.0 47.0 12.0
v 32.498306900561495 47.497182599570436 12.373086900849485
v 32.49830690042401 47.49718259958697 51.62691309915555
v 32.0 47.0 52.0
v 32.5 48.114785847479986 12.902647141972794
v 32.514393406010846 48.62905618128794 13.328442190136709
v 32.5143934059834 48.62905618129558 50.671557809860225
v 32.5 48.114785847479986 51.09735285802721
v 32.49802122327372 49.16203576596948 13.822734657915651
v 32.51237614433055 49.67904949257219 14.320950507447293
v 32.512376143895104 49.67904949256006 49.67904949256006
v 32.498021223605846 49.16203576594354 50.17726534204005
v 32.49802122329145 50.17726534209193 14.837964234064039
v 32.51439340610266 50.67155780984722 15.370943818702424
v 32.51439340602112 50.67155780987315 48.62905618129821
v 32.498021223605846 50.177265342143805 49.16203576589167
v 32.5 51.0973528580272 15.88521415252001
v 32.4983069006412 51.62691309914521 16.502817400420245
v 32.666666666666664 51.9915848903591 17.01136409421409
v 32.666666666666664 51.9915848903591 46.9886359057859
v 32.49830690055629 51.62691309914639 47.49718259958555
v 32.5 51.0973528580272 48.114785847479986
v 32.0 52.0 17.0
v 32.48067447041595 52.355474369142115 17.47411912686887
v 32.50583258189976 52.80604728308793 18.14117862742523
v 32.5058325817926 52.80604728308984 45.85882137257163
v 32.48067447043936 52.35547436912183 46.525880873134184
v 32.0 52.0 47.0
v 32.492327129774225 53.23028016487848 18.798661469242514
v 32.500015644329984 53.65995069556728 19.504304095853946
v 32.5 53.959953715804886 20.075491826837172
v 32.5 53.959953715804886 43.92450817316283
v 32.50001564440025 53.65995069556241 44.49569590415146
v 32.49232712907057 53.23028016488348 45.20133853065613
v 32.482517754952184 54.24857505392301 20.59062130550164
v 32.499923376223705 54.69608582319556 21.504227116462115
v 32.5 54.95082092734283 22.11773408246822
v 32.5 54.95082092734283 41.88226591753178
v 32.499923375982924 54.696085823195794 42.49577288352225
v 32.48251775516853 54.24857505391086 43.40937869450132
v 32.48137576411204 55.200353343761584 22.68073722085961
v 32.5003808575974 55.51423514276115 23.494802253445556
v 32.49931976303411 55.855346437776056 24.504186370249595
v 32.666666666666664 55.99304073850159 25.025517401638186
v 32.666666666666664 55.99304073850159 38.9744825983618
v 32.49931976292799 55.85534643777718 39.495813629764335
v 32.50038085760659 55.51423514276247 40.50519774656538
v 32.48137576405923 55.200353343768036 41.31926277918109
v 32.0 56.0 25.0
v 32.459529102655395 56.150626552376764 25.51775028904026
v 32.50040464508279 56.3917365679516 26.495868886216797
v 32.50019951317799 56.596465285307886 27.49838364090495
v 32.50016987001014 56.75870458287171 28.498896382708466
v 32.50023139822177 56.879623408362846 29.498874034609223
v 32.50031426720349 56.95992655958263 30.49906347144421
v 32.500342274300294 56.99999788671549 31.499657725700285
v 32.500342274300635 56.99999788671547 32.500342274300486
v 32.5003142672037 56.95992655958254 33.50093652855614
v 32.50023139822191 56.879623408362676 34.501125965391466
v 32.500169870044715 56.75870458287243 35.50110361729477
v 32.50019951320728 56.59646528530772 36.501616359091045
v 32.50040464501926 56.39173656795527 37.50413111378296
v 32.459529102689245 56.1506265523787 38.482249710944586
v 32.0 56.0 39.0
v 32.0 57.0 32.0
v 32.0 57.0 32.0
v 33.576300987065416 7.161465721167224 33.57630098706932
v 33.18695036654478 7.34048905029377 34.31855232795998
v 33.85108607736868 7.376247534493867 35.84431335231289
v 33.50067178143654 7.444304467176985 36.50185487226511
v 33.50139431166317 7.649507132615239 37.50481541190246
v 33.413442945694584 7.856275066622833 38.360391351997684
v 33.64988910764902 8.457758111291893 33.649889107684785
v 33.13201810167254 8.501272950358194 34.15050840552758
v 33.5 8.026124157705915 38.90421635582511
v 33.49956567338081 8.18700088350133 39.49695088560505
v 33.501440461326936 8.529020611362593 40.50692791256584
v 33.45450499560061 8.810293474673601 41.241705891337325
v 33.67904949256062 9.487623855536613 33.67904949256062
v 33.162035766016004 9.501978776728912 34.177265342112804
v 33.50786771242153 9.106777963751613 41.926422093614434
v 33.50016998299764 9.349383917272633 42.498633417026696
v 33.45484203045027 9.76329031395608 43.347281955622115
v 33.679049492549126 10.512376144111817 33.67904949256732
v 33.16203576593914 10.4980212234563 34.17726534214051
v 33.5 10.062992360554436 43.88125598542908
v 33.50063748426806 10.38922902020837 44.50070295043941
v 33.48285591115108 10.786553677495258 45.15350926469268
v 33.6498891076291 11.542241888277747 33.64988910759844
v 33.132018101421444 11.49872705272902 34.15050840550551
v 33.523327085086066 11.205768497454795 45.80277616052028
v 33.45058320976044 11.660950563689326 46.48198286822191
v 33.590549063424746 12.587547124314852 33.590549063424746
v 33.07945520083831 12.5 34.07521859071778
v 33.5 12.031588792803424 46.9573419617421
v 33.50176236727222 12.432937036256059 47.50804089340658
v 33.5 12.928563739777596 48.08422885349665
v 33.96238238733135 13.809752290911186 32.960069456759115
v 33.51031459431866 13.503766681596808 33.51031459430791
v 33.02893301227149 13.14308562424452 34.02739016348034
v 33.54836601733568 13.352579422615202 48.593902135605326
v 33.498727051212526 13.849491594462068 49.13201810171686
v 33.88094523290946 14.4992902582713 32.88894669759288
v 33.41159683826394 14.377273111439518 33.411596838578355
v 33.54224188873423 14.350110892365597 49.64988910766746
v 33.49872705255809 14.867981898471752 50.150508405635556
v 33.73426375958275 15.59361243329431 32.71885382871822
v 33.258849122038846 15.435260436396327 33.258849122038846
v 33.548366017568256 15.406097864385567 50.64742057735303
v 33.5 15.915771146503353 51.071436260222406
v 33.96238238733135 16.89780587607168 31.95745814255875
v 33.533288776172164 16.59482674796595 32.57033483188597
v 33.10576256769313 16.282277743706935 33.10576256769313
v 33.50176236718544 16.49195910659369 51.56706296373201
v 33.84144033645395 17.54078666347019 31.81409933942159
v 33.38750085044407 17.324969373977083 32.41671092670246
v 33.5 17.042658038257894 51.968411207196574
v 33.45058321041749 17.51801713173199 52.339049436255756
v 33.952958255469746 18.902432711347146 30.94308475070889
v 33.52743695966827 18.650112713593938 31.602985894079143
v 33.12743817710283 18.46207965729964 32.13255051634194
v 33.52332708524875 18.197223839468634 52.79423150258844
v 33.48285591133778 18.8464907351474 53.21344632245166
v 33.79996971578127 19.6098935695035 30.703056813923602
v 33.34834830595883 19.316827559948532 31.41823307383782
v 33.50063748398923 19.49929704954115 53.610770979793095
v 33.87686086963605 20.697615760857627 29.82333771649935
v 33.51211573576063 20.456733367670704 30.469983534317407
v 33.10576256769313 20.17530190383537 31.11922252271848
v 33.5 20.11874401457092 53.93700763944557
v 33.45484203054312 20.65271804437455 54.236709686066064
v 33.88677052377868 21.826851916478464 28.840832395486263
v 33.51625585533038 21.585621347769084 29.577962939829842
v 33.157552678282045 21.345753655781238 30.215602482478477
v 33.500169982827344 21.501366582976342 54.650616082725705
v 33.88677052377868 22.840832395486263 27.826851916478464
v 33.51567360314865 22.62226144567817 28.622261446396514
v 33.17004184919843 22.37757183294562 29.317496484710464
v 33.50786771090112 22.073577906615654 54.89322203634056
v 33.45450499576561 22.758294108709006 55.18970652532028
v 33.87686087747214 23.823337697533347 26.697615758327235
v 33.51625585518493 23.577962938586403 27.58562134600628
v 33.17004184820342 23.31749648845056 28.37757182935754
v 33.50144046153775 23.493072087422007 55.4709793886112
v 33.952958255469746 24.94308475070889 24.90243271134715
v 33.799969715868265 24.703056812564064 25.609893569580883
v 33.51211573643818 24.469983535032785 26.456733364780295
v 33.157552679590445 24.21560248499936 27.345753659461867
v 33.49956567357714 24.503049114320962 55.812999116494744
v 31.85636650618769 27.678136528921787 7.26930466378907
v 32.14118663109436 27.410700544189083 7.646087340214583
v 33.96238238733135 25.95745814255875 9.10219412392832
v 33.96238238733135 25.95745814255875 22.897805876071676
v 33.84144033649008 25.81409934197665 23.54078665598726
v 33.52743696052269 25.60298589263193 24.650112716881278
v 33.34834830625485 25.418233073918138 25.316827562653508
v 33.10576256769313 25.11922252271848 26.17530190383537
v 33.5 25.09578364417488 55.973875842294085
v 33.41344294571077 25.63960864800859 56.14372493336651
v 34.08349360112774 25.69864888619636 7.952100715611828
v 33.62498096764925 25.8446677111778 7.908716587050222
v 33.53328877559125 26.570334830567276 9.405173252338498
v 33.73426375943594 26.718853829142635 10.40638756848876
v 33.880945232615474 26.88894669996712 11.500709741859206
v 33.96238238733135 26.96006945675912 12.190247709088812
v 33.96238238733135 26.96006945675912 19.809752290911185
v 33.88094523098298 26.8889466940301 20.49929026592797
v 33.73426375992792 26.718853828272277 21.593612434299743
v 33.53328877587961 26.570334831945463 22.5948267471778
v 33.38750085050506 26.41671092659327 23.324969372224285
v 33.1274381813944 26.132550506171576 24.462079671669404
v 33.501394311658565 26.495184588090144 56.35049286737997
v 33.97562380364965 27.967165370852648 7.417100053528822
v 33.10576256769313 27.105762567693127 9.717722256293062
v 33.25884912145098 27.258849121916278 10.564739570016338
v 33.4115968383226 27.41159683835046 11.622726886238627
v 33.510314594499995 27.510314594253536 12.496233319140549
v 33.59054906347154 27.590549063477983 13.412452875148594
v 33.6498891076764 27.649889107681545 14.4577581108573
v 33.679049492558256 27.679049492558338 15.48762385566246
v 33.67904949255759 27.6790494925644 16.512376144321347
v 33.64988910765441 27.649889107658602 17.542241888754063
v 33.590549063472956 27.590549063488577 18.587547124827744
v 33.510314594519485 27.510314594254208 19.503766680691964
v 33.411596838310835 27.4115968382995 20.377273113849625
v 33.258849121291604 27.25884912020307 21.435260431089162
v 33.10576256769313 27.105762567693127 22.282277743706935
v 33.500671781456724 27.498145127721013 56.555695532819996
v 33.50049045196289 28.49892645662704 7.281743561700371
v 33.02893301227149 28.02739016348034 12.85691437575548
v 33.07945520083831 28.075218590717785 13.5
v 33.13201810147115 28.15050840579101 14.50127294769489
v 33.162035765950385 28.177265342086933 15.501978777163426
v 33.16203576594496 28.177265342073483 16.498021223089882
v 33.13201810146848 28.150508405750582 17.498727049625497
v 33.07945520083831 28.075218590717785 18.5
v 33.02893301227149 28.02739016348034 19.14308562424452
v 33.50049045195872 28.498926456612097 56.71825643829819
v 33.50060168311349 29.499017766733726 7.16061934937231
v 33.5006016831629 29.49901776672434 56.839380650625614
v 33.5007994036192 30.499200596381478 7.0801971627773055
v 33.500799403623766 30.49920059637438 56.919802837222846
v 33.50093652855594 31.49968573279796 7.040073440417314
v 33.500936528550824 31.499685732800558 56.95992655958294
v 33.50093652855542 32.50031426720165 7.040073440417274
v 33.50093652855478 32.500314267204594 56.959926559582705
v 33.50079940361869 33.50079940361869 7.080197162777264
v 33.500799403616085 33.500799403616085 56.91980283722352
v 33.500601683115036 34.50098223326615 7.160619349372383
v 33.500601683140005 34.50098223326233 56.839380650623944
v 33.50049045195409 35.50107354336656 7.2817435616999004
v 33.5004904520448 35.50107354336348 56.718256438301616
v 33.5006717814372 36.50185487226635 7.4443044671772345
v 33.50067178131934 36.50185487225637 56.55569553281957
v 33.50139431166318 37.50481541190408 7.649507132615724
v 33.50139431149769 37.5048154118773 56.35049286738317
v 33.41344294569639 38.360391352002786 7.856275066622181
v 33.5 38.90421635582511 8.026124157705915
v 33.5 38.90421635582511 55.973875842294085
v 33.41344294563568 38.36039135205342 56.1437249333721
v 33.49956567338083 39.49695088560444 8.187000883501177
v 33.49956567335786 39.49695088566074 55.812999116513524
v 33.501440461327206 40.506927912559924 8.529020611362606
v 33.501440461595244 40.50692791263055 55.47097938861488
v 33.454504995596295 41.24170589136631 8.810293474658366
v 33.507867712409606 41.9264220936051 9.106777963780601
v 33.5078677112851 41.92642209395649 54.89322203619026
v 33.4545049954825 41.24170589132329 55.189706525399316
v 33.50016998290773 42.49863341704601 9.349383917279082
v 33.50016998276448 42.49863341701443 54.650616082710854
v 33.45484203044294 43.34728195562811 9.763290313958342
v 33.5 43.88125598542908 10.062992360554434
v 33.5 43.88125598542908 53.93700763944557
v 33.45484203015636 43.34728195565363 54.236709686050084
v 33.500637484188736 44.50070295047024 10.389229020213167
v 33.50063748379211 44.50070295043365 53.610770979779915
v 33.48285591070521 45.15350926485664 10.786553677546085
v 33.523327085337655 45.80277616045635 11.205768497506945
v 33.523327086098874 45.80277616056041 52.79423150263583
v 33.48285591228207 45.153509264688246 53.21344632280455
v 33.45058320956621 46.481982868243044 11.660950563735149
v 33.5 46.9573419617421 12.031588792803426
v 33.5 46.9573419617421 51.968411207196574
v 33.45058320916435 46.48198286823624 52.33904943628848
v 33.50176236727243 47.50804089340658 12.432937036256059
v 33.501762367048364 47.508040893459814 51.567062963718044
v 33.5 48.08422885349665 12.928563739777596
v 33.548366017407 48.593902135587996 13.352579422593868
v 33.54836601747382 48.593902135609724 50.64742057741211
v 33.5 48.08422885349665 51.071436260222406
v 33.498727052791054 49.132018101437666 13.84949159451235
v 33.54224188860475 49.64988910768437 14.350110892336192
v 33.542241888054996 49.64988910759834 49.649889107557456
v 33.498727052667356 49.13201810141917 50.15050840546619
v 33.49872705255854 50.15050840561708 14.867981898434767
v 33.54836601714886 50.64742057741162 15.406097864431828
v 33.548366017250665 50.64742057735801 48.59390213565965
v 33.49872704799092 50.15050840606294 49.13201810179085
v 33.5 51.0714362602224 15.915771146503353
v 33.501762367065176 51.56706296373385 16.49195910654387
v 33.5 51.968411207196574 17.042658038257894
v 33.5 51.968411207196574 46.9573419617421
v 33.501762367048364 51.567062963718044 47.508040893459814
v 33.5 51.0714362602224 48.08422885349665
v 33.45058321009686 52.33904943626542 17.51801713172099
v 33.523327085238954 52.794231502499684 18.19722383954146
v 33.52332708609845 52.79423150264891 45.802776160534194
v 33.450583209271436 52.33904943633655 46.48198286827136
v 33.48285591161754 53.21344632242855 18.846490735217685
v 33.50063748470439 53.61077097976537 19.499297049554997
v 33.5 53.93700763944557 20.11874401457092
v 33.5 53.93700763944557 43.88125598542908
v 33.50063748376884 53.610770979805864 44.50070295043118
v 33.48285591128655 53.21344632280869 45.153509264566175
v 33.45484203010839 54.23670968605936 20.652718044464677
v 33.500169982827344 54.650616082725705 21.501366582976342
v 33.50786771234313 54.89322203620796 22.073577906532407
v 33.50786771326224 54.89322203609302 41.92642209365599
v 33.50016998276613 54.650616082715274 42.498633417005514
v 33.454842030202755 54.23670968604988 43.34728195564763
v 33.45450499576559 55.18970652532025 22.75829410870899
v 33.50144046153777 55.470979388613614 23.493072087426796
v 33.499565673321875 55.81299911647979 24.5030491144705
v 33.5 55.97387584229409 25.095783644174883
v 33.5 55.97387584229409 38.90421635582511
v 33.49956567329776 55.812999116468724 39.49695088550431
v 33.50144046104962 55.47097938863902 40.50692791254307
v 33.45450499511107 55.18970652541934 41.241705891292355
v 33.41344294572176 56.14372493338343 25.639608647979188
v 33.501394311658 56.35049286737996 26.49518458809014
v 33.50067178145715 56.55569553282003 27.49814512772103
v 33.5004904519591 56.71825643829788 28.498926456612104
v 33.50060168316355 56.83938065062566 29.49901776672436
v 33.500799403623866 56.91980283722296 30.49920059637574
v 33.50093652855337 56.95992655958277 31.49968573279987
v 33.5009365285565 56.95992655958259 32.500314267204914
v 33.500799403617016 56.91980283722318 33.50079940361743
v 33.50060168314044 56.839380650623944 34.50098223326233
v 33.500490452045206 56.7182564383016 35.501073543363475
v 33.50067178131951 56.55569553281959 36.50185487225638
v 33.501394311499304 56.350492867383174 37.50481541187731
v 33.41344294562013 56.143724933373264 38.36039135205293
v 34.57582225149815 7.187063367907394 32.521640750809645
v 34.31855232795998 7.34048905029377 33.18695036654478
v 34.923995201920604 7.354485961324275 34.923995201920604
v 34.50087160964235 7.362867425272761 35.501178201353916
v 34.501474278645794 7.526110863286441 36.502530216819075
v 34.50302657432142 7.732307060779919 37.5064065307018
v 34.43347060823701 7.8873547982139165 38.1569422599033
v 34.64742057738174 8.451633982893492 32.5939021356249
v 34.150508405540016 8.501272947263177 33.132018101642096
v 34.56705113955753 8.088490911261532 38.84810233502462
v 34.49982370828042 8.271745481327654 39.49866737814054
v 34.503489350202386 8.615970463216891 40.510712105999545
v 34.46033270894295 8.839810592129439 41.09862781875755
v 34.671557809864986 9.48560659397721 32.62905618128004
v 34.17726534213874 9.501978776558289 33.162035765886316
v 34.55681702054825 9.148833814239678 41.82532811474695
v 34.501707340528604 9.440882057642384 42.50473571932609
v 34.44950149474761 9.791157184911427 43.226455750874116
v 34.6715578098599 10.514393406021041 32.629056181290224
v 34.177265342112804 10.498021223447688 33.16203576591225
v 34.52620406649152 10.159903486525852 43.90988708276185
v 34.503107852740506 10.48829926313106 44.5110991524537
v 34.49143283209633 10.825170448468722 45.062543889617196
v 34.64742057738464 11.548366017294992 32.59390213564196
v 34.15050840560903 11.498727049483712 33.132018101528494
v 34.55855020614021 11.232467061521524 45.69223730309221
v 34.43491259863648 11.696589276229757 46.395718145994294
v 34.99112259202944 12.93344012851399 31.989377878582278
v 34.56584298396732 12.553322695118117 32.563729614400394
v 34.07521859071778 12.5 33.07945520083831
v 34.5 12.082271452257821 46.88890232517633
v 34.46753725513934 12.520819707384131 47.49354846056043
v 34.26677346184732 12.96533909507626 48.04086815687333
v 34.93992034688549 13.5 31.928114486799252
v 34.52187385933003 13.443351067350575 32.451238932428865
v 34.02739016348034 13.14308562424452 33.02893301227149
v 34.933440128513986 13.008877407970553 47.989377878582275
v 34.55332269488647 13.434157016054396 48.563729614267025
v 34.5 13.924781409282215 49.07945520083831
v 34.82290738727878 14.532971743154166 31.82321508164927
v 34.360959122826614 14.388670345301644 32.402744300525015
v 34.587547124524924 14.409450936566309 49.59054906345417
v 34.5 14.920544799161693 50.07521859071778
v 34.69667074196715 15.63785174028535 31.622629838240353
v 34.22311682918187 15.450814041942886 32.23150142526624
v 34.5533226951367 15.43627038581465 50.565842983942524
v 34.26677346184732 15.95913184312667 51.03466090492374
v 34.91088972059604 16.743896583527825 30.885934283106856
v 34.52052489053386 16.49470772145042 31.50121192577396
v 34.08198249688307 16.23113920940501 32.09177673193532
v 34.933440128513986 16.01062212141772 50.99112259202944
v 34.4675372548402 16.506451539488516 51.47918029276388
v 34.76456767652022 17.63005509226641 30.66413687745157
v 34.300814175130334 17.367008779085218 31.368733282369607
v 34.5 17.11109767482367 51.91772854774218
v 34.43491259781583 17.604281854066844 52.303410723706556
v 34.88401236996245 18.745504434618525 29.840405376734953
v 34.519245246998146 18.496726578742074 30.501419970463708
v 34.10918377757381 18.23576604468048 31.130010278750937
v 34.55855020615042 18.307762696940532 52.76753293831181
v 34.49143283294143 18.937456109753448 53.174829551300796
v 34.955537943261575 19.912773727861836 28.933869931937313
v 34.61070341754241 19.665094436397222 29.6262492776856
v 34.21493758450336 19.40579059499521 30.321788124090997
v 34.50310785264101 19.488900847653962 53.51170073689101
v 34.99112259202944 20.98425494954778 27.985635873695543
v 34.802053937033136 20.648051603303255 28.592191414732877
v 34.41317900869208 20.348533588148666 29.390871126973256
v 34.04561556787381 20.079870819546922 30.05801888871894
v 34.526204065443096 20.090112917229565 53.840096513479494
v 34.449501494970015 20.77354424926909 54.20884281527934
v 34.99112259202944 21.985635873695543 26.98425494954778
v 34.87862799196638 21.599360414512304 27.599360414455944
v 34.516745755856086 21.372609081979476 28.380170335337535
v 34.10012375699291 21.160185249811796 29.136669946393305
v 34.50170734059436 21.495264280751968 54.5591179422846
v 34.955537943261575 22.933869931937313 25.912773727861836
v 34.80205393767992 22.59219141303487 26.648051603158265
v 34.51674575535008 22.3801703350988 27.372609083219107
v 34.11823670275761 22.174165728819595 28.174165728819595
v 34.556817018339 22.174671885309564 54.85116618583018
v 34.460332708521605 22.901372181528238 55.16018940806606
v 34.88401236996245 23.840405376734953 24.745504434618525
v 34.61070341733207 23.626249278983273 25.665094435129795
v 34.41317900920369 23.390871124770964 26.34853359103775
v 34.10012375699291 23.136669946393305 27.160185249811796
v 34.50348935030509 23.48928789407062 55.384029536814346
v 34.70843408651286 24.795712996473323 8.497386744814252
v 34.91088972059604 24.885934283106856 9.256103416472174
v 34.91088972059604 24.885934283106856 22.743896583527828
v 34.7645676758795 24.66413687793736 23.630055083036353
v 34.51924524608375 24.50141997120788 24.49672657872079
v 34.21493758425053 24.321788124896393 25.4057905838886
v 34.04561556787381 24.05801888871894 26.079870819546926
v 34.49982370856618 24.501332621977767 55.72825451867189
v 34.862830371509844 27.17395231634886 7.615217430120566
v 33.65202805692769 26.07597173213852 8.032235573127592
v 34.520524890618155 25.50121192574037 9.505292279001656
v 34.69667074191625 25.62262983811877 10.362148257186808
v 34.822907386941885 25.82321507948896 11.467028255943472
v 34.93992034688549 25.928114486799252 12.5
v 34.99112259202944 25.989377878582278 13.066559871486009
v 34.99112259202944 25.989377878582278 18.933440128513986
v 34.93992034688549 25.928114486799252 19.5
v 34.822907386894684 25.823215080765593 20.532971743477017
v 34.696670741848514 25.6226298382524 21.637851741337634
v 34.52052489061384 25.501211926157595 22.49470771936299
v 34.30081417495889 25.368733279746237 23.36700877593436
v 34.10918377757381 25.130010278750937 24.23576604468048
v 34.56705113990126 25.151897664571386 55.9115090886473
v 34.43347060791306 25.843057740435786 56.11264520175235
v 34.50302657428294 26.49359346930136 7.732307060786381
v 34.08198249688307 26.091776731935315 9.768860790594987
v 34.22311682879865 26.23150142573757 10.549185957789373
v 34.360959122893945 26.40274430015184 11.6113296523711
v 34.521873859269725 26.45123893301064 12.556648932343874
v 34.565842983954234 26.563729614262737 13.446677305107876
v 34.64742057740802 26.593902135582493 14.451633982755883
v 34.67155780984697 26.629056181306098 15.485606593833724
v 34.671557809853866 26.629056181300864 16.514393406169578
v 34.647420577399025 26.59390213559335 17.548366017026765
v 34.56584298395599 26.5637296143587 18.55332269492004
v 34.52187385922216 26.451238932553174 19.44335106654417
v 34.360959122880395 26.402744300635423 20.38867034393517
v 34.22311682809436 26.23150142637529 21.4508140432347
v 34.08198249688307 26.091776731935315 22.231139209405008
v 34.50302657430098 26.493593469273602 56.26769293920327
v 34.50147427861796 27.49746978317903 7.526110863284091
v 34.02739016348034 27.028933012271487 12.85691437575548
v 34.07521859071778 27.079455200838307 13.5
v 34.150508405396984 27.132018101367212 14.501272948640455
v 34.17726534207209 27.162035765979766 15.501978776353537
v 34.17726534208101 27.16203576596367 16.498021223658395
v 34.15050840532215 27.132018101554344 17.498727050179923
v 34.07521859071778 27.079455200838307 18.5
v 34.02739016348034 27.028933012271487 19.14308562424452
v 34.50147427864 27.497469783164487 56.47388913670067
v 34.50087160965172 28.498821798637724 7.362867425274303
v 34.50087160971764 28.498821798623677 56.63713257472472
v 34.50081833159748 29.499181668390555 7.241301243137565
v 34.50081833154467 29.499181668394186 56.758698756873486
v 34.50098223327104 30.4993983168865 7.1606193493726105
v 34.50098223326975 30.499398316867797 56.839380650628705
v 34.50112596539208 31.49976860178236 7.12037659163696
v 34.501125965391275 31.49976860178766 56.87962340836253
v 34.501125965392 32.50023139821758 7.1203765916369495
v 34.501125965391644 32.50023139822208 56.87962340836313
v 34.5009822332666 33.50060168311548 7.160619349372477
v 34.50098223327566 33.500601683139955 56.83938065062688
v 34.50081833160588 34.50081833160588 7.241301243138059
v 34.5008183316041 34.5008183316041 56.758698756855175
v 34.500871609642374 35.50117820135402 7.362867425272777
v 34.500871609607714 35.5011782013441 56.637132574727424
v 34.501474278645844 36.50253021681889 7.526110863286436
v 34.501474278611795 36.502530216887145 56.47388913669943
v 34.50302657432128 37.50640653070204 7.732307060779982
v 34.50302657410351 37.50640653077235 56.267692939262275
v 34.43347060823671 38.15694225985736 7.887354798214935
v 34.56705113955738 38.84810233503319 8.088490911263136
v 34.567051139573785 38.84810233524125 55.91150908886622
v 34.433470609322114 38.156942259188945 56.11264520174777
v 34.49982370828045 39.4986673781411 8.271745481327644
v 34.49982370780557 39.49866737837329 55.72825451870253
v 34.503489350225536 40.5107121059772 8.61597046321666
v 34.50348935073355 40.5107121057639 55.38402953673383
v 34.46033270803664 41.09862781912455 8.839810592255382
v 34.556817020486065 41.82532811482982 9.148833814268265
v 34.55681702328041 41.825328115734266 54.85116618550384
v 34.46033270846492 41.09862781955825 55.16018940813901
v 34.501707340528604 42.50473571932609 9.440882057641831
v 34.50170734076548 42.504735719247776 54.55911794229557
v 34.4495014947824 43.22645575088405 9.791157184844637
v 34.52620406768611 43.90988708258828 10.159903486438276
v 34.5262040585713 43.90988708312215 53.840096513602944
v 34.44950149441369 43.226455750683066 54.208842815277656
v 34.50310785274025 44.5110991524537 10.48829926313106
v 34.503107853894754 44.511099152381775 53.511700736703396
v 34.49143283012153 45.062543890303594 10.825170448335165
v 34.55855020614 45.69223730309225 11.232467061521534
v 34.55855020633372 45.69223730294202 52.76753293864279
v 34.49143282557509 45.06254389056219 53.17482955175105
v 34.43491259863274 46.395718145992085 11.696589276226286
v 34.5 46.88890232517633 12.082271452257821
v 34.5 46.88890232517633 51.91772854774218
v 34.43491259946901 46.395718146108635 52.30341072381396
v 34.46753725514044 47.49354846055831 12.52081970738202
v 34.933440128513986 47.989377878582275 13.008877407970553
v 34.933440128513986 47.989377878582275 50.99112259202944
v 34.46753725532707 47.4935484603275 51.47918029262837
v 34.26677346184732 48.04086815687333 12.96533909507626
v 34.55332269484462 48.563729614245474 13.434157016110763
v 34.55332269510679 48.56372961423179 50.56584298398231
v 34.26677346184732 48.04086815687333 51.03466090492374
v 34.5 49.07945520083831 13.924781409282215
v 34.58754712474994 49.59054906341084 14.409450936617763
v 34.58754712417997 49.59054906341855 49.59054906341855
v 34.5 49.07945520083831 50.07521859071778
v 34.5 50.07521859071778 14.920544799161695
v 34.55332269494083 50.56584298400248 15.436270385728388
v 34.933440128513986 50.99112259202944 16.01062212141772
v 34.933440128513986 50.99112259202944 47.989377878582275
v 34.553322694522244 50.56584298393141 48.56372961402219
v 34.5 50.07521859071778 49.07945520083831
v 34.26677346184732 51.03466090492374 15.95913184312667
v 34.46753725520195 51.47918029259939 16.506451539532016
v 34.5 51.91772854774218 17.11109767482367
v 34.5 51.91772854774218 46.88890232517633
v 34.4675372541937 51.47918029255006 47.49354846042361
v 34.26677346184732 51.03466090492374 48.04086815687333
v 34.43491259815385 52.30341072369623 17.604281854272994
v 34.55855020674622 52.76753293834747 18.307762696594104
v 34.55855020633117 52.76753293865065 45.692237302941976
v 34.4349125994885 52.303410723816455 46.395718146110845
v 34.491432836664224 53.17482954994672 18.93745610929671
v 34.50310785264001 53.511700736889004 19.488900847645937
v 34.52620406491337 53.840096513140836 20.090112917199573
v 34.526204064987446 53.84009651380585 43.90988708323044
v 34.503107854179845 53.51170073680691 44.511099152456026
v 34.49143282313313 53.174829552126255 45.06254389077172
v 34.44950149581129 54.208842814929916 20.773544249161095
v 34.501707340198514 54.55911794235665 21.49526428071431
v 34.556817021591804 54.851166185628536 22.174671884865294
v 34.55681702379794 54.85116618558874 41.82532811535941
v 34.501707340764376 54.55911794229557 42.504735719247776
v 34.44950149419676 54.20884281499187 43.226455750619934
v 34.46033270852178 55.16018940801385 22.901372181759385
v 34.50348935030835 55.38402953681198 23.48928789406588
v 34.49982370842863 55.72825451869734 24.50133262169358
v 34.56705113966471 55.91150908871834 25.15189766463441
v 34.567051141400064 55.91150908869501 38.848102334967564
v 34.49982370858415 55.728254518726224 39.49866737838185
v 34.50348935073106 55.38402953675497 40.510712105830166
v 34.46033270845495 55.16018940795084 41.09862781943287
v 34.43347060842044 56.11264520167409 25.84305774026672
v 34.50302657436545 56.26769293923631 26.49359346926541
v 34.50147427870378 56.473889136686616 27.497469783174743
v 34.500871609716874 56.63713257472548 28.498821798626356
v 34.50081833154567 56.75869875687336 29.49918166839412
v 34.50098223327008 56.8393806506287 30.49939831686909
v 34.50112596539155 56.87962340836265 31.499768601788343
v 34.50112596539184 56.87962340836308 32.500231398222425
v 34.50098223327566 56.83938065062681 33.50060168313991
v 34.50081833160523 56.75869875685525 34.50081833160415
v 34.50087160960686 56.637132574727374 35.501178201344075
v 34.501474278612044 56.473889136699306 36.50253021688707
v 34.50302657410375 56.26769293926087 37.50640653077227
v 34.43347061007319 56.112645201862925 38.15694226020028
v 35.966296719236325 7.936243560885594 30.95448670987023
v 35.90111330576648 7.556401290278087 31.143422788302107
v 35.525258637485635 7.415581985726723 31.855152102134163
v 35.84431335231041 7.376247534493353 33.851086077366226
v 35.50117820135818 7.362867425273596 34.50087160964607
v 35.50173389282609 7.485172092940993 35.50173389282601
v 35.50318266451089 7.649534460149847 36.50402255361716
v 35.3840580199656 7.8095580613217 37.36276626968541
v 35.190704854725425 7.972307059738592 38.10293260413666
v 35.968411207196574 8.5 30.957341961742106
v 35.55269907699006 8.471484742595248 31.524458240749443
v 35.07218291684682 8.5 32.08422885349665
v 35.85737152139209 8.020895750758957 37.90938240571961
v 35.61967403860323 8.16603475888085 38.64948603647302
v 35.50127702626724 8.399834602018801 39.502040539727744
v 35.46503946092553 8.725590878022642 40.47162986904051
v 35.285828801250894 8.956758364344198 41.10580902245668
v 35.99368866776933 9.5 30.99147692933943
v 35.62587866374941 9.499720054218338 31.498361913006384
v 35.09735285802721 9.5 32.114785847479986
v 35.95249546791756 9.007274711070119 40.98051841016258
v 35.61234109591025 9.191827379697454 41.598981221484095
v 35.50568690735922 9.579559776535953 42.51480335287017
v 35.4839879238572 9.848478303261752 43.06317774505881
v 35.99368866776933 10.5 30.99147692933943
v 35.62587866374608 10.500279945808101 31.49836191299639
v 35.09735285802721 10.5 32.114785847479986
v 35.586884470059964 10.190637285525444 43.696081380145934
v 35.4744947319451 10.615094393947615 44.49513259671579
v 35.285828801250894 10.952808260856639 45.074692643783436
v 35.968411207196574 11.5 30.957341961742106
v 35.567062963733406 11.501762367239802 31.508040893481574
v 35.0714362602224 11.5 32.08422885349665
v 35.95249546791756 11.007997902158639 44.986795867981655
v 35.58838128602598 11.300954740865713 45.569418880195805
v 35.44577060932878 11.755390882198675 46.26731520817608
v 35.91772854774218 12.5 30.88890232517633
v 35.47918029264635 12.467537255655046 31.493548460678326
v 35.03466090492374 12.266773461847324 32.04086815687333
v 35.53090298519292 12.181865367360292 46.83218452579187
v 35.39619019954662 12.636879844599367 47.460722611333715
v 35.81813463298215 13.53090298813049 30.832184526568504
v 35.36312015537461 13.396190199857616 31.46072261168153
v 35.5 13.060079653114506 47.92811448679925
v 35.44335106678862 13.478126140887985 48.45123893288421
v 35.14308562424452 13.972609836519656 49.02893301227148
v 35.738868956131896 14.60645941356211 30.64658740569176
v 35.27131639947182 14.425265542057193 31.308188097935925
v 35.809752290911185 14.037617612668644 48.960069456759115
v 35.50376668197334 14.489685405355274 49.510314594266745
v 35.14308562424452 14.97106698772851 50.02739016348034
v 35.94094465343565 15.78821778005798 29.91427528541778
v 35.542973534817826 15.5801338968604 30.575489355272634
v 35.13949143165187 15.500879153303645 31.12105784232897
v 35.809752290911185 15.039930543240882 49.962382387331346
v 35.44335106636179 15.54876106742063 50.52187385932366
v 35.829190258858304 16.575119629999364 29.742436355410383
v 35.4100581626461 16.377218729113665 30.423519068489966
v 35.02600552524072 16.077229916861157 31.032615826397354
v 35.5 16.071885513200748 50.93992034688549
v 35.39619019949354 16.53927738833481 51.36312015531755
v 35.93247984726413 17.822719814406003 28.894061344945015
v 35.555767741861935 17.61290309459554 29.604498748243856
v 35.16659465899293 17.460934824164603 30.221512126595997
v 35.53090298700244 17.167815473566698 51.81813463224656
v 35.44577061022049 17.73268479321237 52.244609117713644
v 36.0 19.0 28.0
v 35.8111144308329 18.66458104889691 28.565577337735977
v 35.38790625144982 18.357932088796023 29.40476065628391
v 35.03466090492374 18.078837767951857 30.046433004385435
v 35.58838128415052 18.430581120020523 52.69904525927067
v 35.285828801250894 18.925307356216564 53.04719173914336
v 35.936796810117904 19.537418591655086 27.702274708788153
v 35.536158717922135 19.434745150218873 28.443615702357064
v 35.120849679063156 19.24610706119517 29.173738710068285
v 35.95249546791756 19.01320413201834 52.99200209784136
v 35.4744947325143 19.504867403212998 53.384905606051326
v 35.91872118466717 20.68800301586728 26.688003006960688
v 35.504064911012996 20.55981110089296 27.5586494943117
v 35.11478751826448 20.4303664630785 28.29506197486403
v 35.586884470621506 20.30391861963603 53.80936271462282
v 35.48398792554634 20.936822256165907 54.15152169521036
v 36.0 22.0 25.0
v 35.936796810165625 21.702274708481177 25.53741859198487
v 35.50406491029891 21.558649493462855 26.55981109855402
v 35.109431655230495 21.407827337196746 27.407827337249998
v 35.50568690685014 21.485196646987678 54.420440223490644
v 35.93247984726413 22.894061344945015 23.822719814406003
v 35.811114431188344 22.56557733495554 24.664581052829927
v 35.53615871802945 22.44361570227636 25.434745149614105
v 35.11478751688175 22.295061974570686 26.430366466092675
v 35.612341096663314 22.401018778730247 54.80817262028883
v 35.285828801250894 22.89419097754331 55.0432416356558
v 35.59272690426381 23.908565658103264 8.7050705539055
v 35.61702858093646 23.89800135762141 9.075437735573708
v 35.94094465343565 23.91427528541778 10.211782219942016
v 35.94094465343565 23.91427528541778 21.78821778005798
v 35.8291902587831 23.74243635433465 22.575119627354823
v 35.55576774282317 23.604498750262504 23.61290309714117
v 35.387906251991076 23.404760660757535 24.357932094836343
v 35.120849679063156 23.173738710068285 25.24610706119517
v 35.95249546791756 23.019481589837415 54.992725288929876
v 35.4650394608639 23.52837013062005 55.27440912208269
v 36.548306255616794 23.058725555949053 9.21157236496969
v 35.522842108084944 24.089254381807795 9.175050829033822
v 35.5429735350727 24.575489355773495 10.419866102124459
v 35.738868956232004 24.6465874055549 11.393540584562684
v 35.81813463274618 24.832184526355217 12.469097011316919
v 35.91772854774218 24.88890232517633 13.5
v 35.968411207196574 24.957341961742106 14.5
v 35.99368866776933 24.99147692933943 15.5
v 35.99368866776933 24.99147692933943 16.5
v 35.968411207196574 24.957341961742106 17.5
v 35.91772854774218 24.88890232517633 18.5
v 35.818134631995655 24.83218452683369 19.530902981210033
v 35.738868956347396 24.646587405313625 20.60645941413628
v 35.542973535204325 24.575489355407854 21.58013389728401
v 35.41005816229514 24.423519067187442 22.377218728384012
v 35.16659465984705 24.221512126176293 23.460934825611155
v 35.03466090492374 24.046433004385435 24.078837767951857
v 35.50127702631068 24.497959460150557 55.600165398029354
v 35.190704854725425 25.897067395863335 7.972307059738592
v 36.96273910918134 26.95948741806656 7.993473776277053
v 35.02600552524072 25.032615826397354 9.92277008313884
v 35.13949143114798 25.12105784367529 10.499120850866593
v 35.27131639953253 25.30818809765694 11.574734463194245
v 35.36312015548713 25.460722611504377 12.603809799955881
v 35.479180292689534 25.49354846052326 13.532462744740142
v 35.56706296373979 25.508040893446818 14.498237632585315
v 35.62587866374899 25.498361913005848 15.4997200542496
v 35.62587866374927 25.498361913006686 16.50027994574857
v 35.56706296373333 25.508040893445838 17.501762367416006
v 35.47918029269261 25.49354846052326 18.467537255239574
v 35.36312015531849 25.46072261144474 19.39619019978207
v 35.271316399607805 25.308188097693552 20.42526554680281
v 35.13949143040372 25.121057846129652 21.500879148938303
v 35.02600552524072 25.032615826397354 22.07722991686116
v 35.61967403876559 25.350513963523937 55.83396524103632
v 35.190704854725425 25.897067395863335 56.02769294026141
v 35.38405802007805 26.637233730374177 7.809558061332129
v 35.85737152139209 26.09061759428038 8.020895750758957
v 35.03466090492374 26.04086815687333 13.733226538152675
v 35.071436260222406 26.084228853496647 14.5
v 35.09735285802721 26.11478584747999 15.5
v 35.09735285802721 26.11478584747999 16.5
v 35.0714362602224 26.084228853496647 17.5
v 35.03466090492374 26.04086815687333 18.266773461847322
v 35.85737152139209 26.09061759428038 55.97910424924104
v 35.384058019761625 26.63723373039534 56.19044193876135
v 35.50318266451171 27.49597744639012 7.649534460151068
v 35.503182664513474 27.495977446378536 56.350465539864494
v 35.501733892826266 28.49826610715419 7.4851720929434595
v 35.501733892805774 28.49826610712842 56.51482790703449
v 35.50117820135866 29.499128390361115 7.362867425272043
v 35.50117820133765 29.49912839040888 56.637132574727474
v 35.501073543366985 30.499509548045328 7.281743561700157
v 35.50107354335781 30.49950954798784 56.71825643830336
v 35.50110361729395 31.49983012996942 7.241295417128677
v 35.50110361729234 31.499830129955345 56.75870458287281
v 35.50110361729308 32.50016987003013 7.241295417128624
v 35.501103617294994 32.50016987004499 56.758704582873136
v 35.501073543367006 33.500490451954576 7.2817435616999955
v 35.5010735433787 33.500490452018845 56.71825643830477
v 35.501178201358 34.50087160964592 7.362867425273575
v 35.50117820132568 34.500871609618244 56.63713257472808
v 35.50173389282481 35.50173389282481 7.485172092940798
v 35.50173389270502 35.5017338928223 56.514827907072636
v 35.503182664510895 36.504022553611996 7.649534460151141
v 35.5031826644554 36.50402255344211 56.35046553986159
v 35.38405801996546 37.362766269655886 7.809558061327393
v 35.85737152139209 37.90938240571961 8.020895750758957
v 35.85737152139209 37.90938240571961 55.97910424924104
v 35.384058019767046 37.362766269500916 56.1904419386354
v 35.190704854725425 38.10293260413666 7.972307059738592
v 35.61967403861579 38.64948603642005 8.166034758880725
v 35.6196740382992 38.64948603685815 55.83396524129542
v 35.190704854725425 38.10293260413666 56.02769294026141
v 35.50127702626732 39.50204053972714 8.399834602018197
v 35.501277026323095 39.50204053982114 55.60016539798883
v 35.46503946092712 40.47162986899062 8.72559087800972
v 35.95249546791756 40.98051841016258 9.007274711070119
v 35.95249546791756 40.98051841016258 54.992725288929876
v 35.46503946063367 40.47162986924704 55.27440912193434
v 35.285828801250894 41.10580902245668 8.956758364344198
v 35.61234109605357 41.598981221422896 9.191827379621419
v 35.612341095742146 41.59898122151156 54.80817262055575
v 35.285828801250894 41.10580902245668 55.0432416356558
v 35.505686907352 42.51480335299614 9.57955977651057
v 35.50568690661722 42.51480335307365 54.420440223415
v 35.48398792449562 43.06317774422341 9.848478303515112
v 35.586884469887 43.69608138014836 10.190637285601797
v 35.5868844687767 43.696081380446785 53.80936271524261
v 35.483987923855295 43.06317774367743 54.15152169691746
v 35.474494731657686 44.4951325966137 10.615094393960131
v 35.95249546791756 44.986795867981655 11.007997902158639
v 35.95249546791756 44.986795867981655 52.99200209784136
v 35.47449473144098 44.49513259658331 53.384905605594014
v 35.285828801250894 45.074692643783436 10.952808260856639
v 35.588381285597244 45.56941888031904 11.300954741055497
v 35.588381285516945 45.56941888009681 52.6990452592723
v 35.285828801250894 45.074692643783436 53.04719173914336
v 35.445770610024326 46.2673152077724 11.755390881916817
v 35.53090298511009 46.832184525982825 12.181865367208946
v 35.5309029794769 46.83218452645606 51.81813463278652
v 35.4457706100968 46.267315207855226 52.24460911851547
v 35.3961901993998 47.46072261138031 12.636879844568151
v 35.5 47.92811448679925 13.060079653114506
v 35.5 47.92811448679925 50.93992034688549
v 35.3961902013138 47.46072261153801 51.36312015529227
v 35.44335106678649 48.45123893288634 13.478126140890115
v 35.809752290911185 48.960069456759115 14.037617612668644
v 35.809752290911185 48.960069456759115 49.962382387331346
v 35.44335106772424 48.45123893261807 50.521873858880284
v 35.14308562424452 49.02893301227148 13.972609836519656
v 35.50376668109129 49.510314594388284 14.48968540546892
v 35.809752290911185 49.962382387331346 15.039930543240882
v 35.809752290911185 49.962382387331346 48.960069456759115
v 35.50376668314693 49.51031459458484 49.51031459458484
v 35.14308562424452 49.02893301227148 50.02739016348034
v 35.14308562424452 50.02739016348034 14.97106698772851
v 35.443351066360734 50.521873859325794 15.548761067422761
v 35.5 50.93992034688549 16.071885513200748
v 35.5 50.93992034688549 47.92811448679925
v 35.443351066602546 50.5218738591793 48.45123893245196
v 35.14308562424452 50.02739016348034 49.02893301227148
v 35.39619019961294 51.36312015529458 16.539277388353586
v 35.530902986865954 51.81813463278566 17.167815472793365
v 35.53090297800221 51.818134633230784 46.832184527785266
v 35.3961902000247 51.363120155080075 47.46072261141073
v 35.445770611015725 52.244609117583025 17.73268479288458
v 35.5883812866628 52.69904525878047 18.430581119453873
v 35.95249546791756 52.99200209784136 19.01320413201834
v 35.95249546791756 52.99200209784136 44.986795867981655
v 35.58838128552746 52.6990452589599 45.569418879994245
v 35.445770607265956 52.24460911807697 46.26731520860577
v 35.285828801250894 53.04719173914336 18.925307356216564
v 35.474494731408534 53.384905606057366 19.50486740327383
v 35.58688447039648 53.80936271447653 20.303918619721962
v 35.58688447086028 53.80936271400255 43.69608137962793
v 35.47449473162404 53.38490560613578 44.49513259692191
v 35.285828801250894 53.04719173914336 45.074692643783436
v 35.48398793018586 54.151521695478806 20.936822254683406
v 35.50568690719299 54.42044022339111 21.48519664743867
v 35.61234109720537 54.80817262029093 22.401018778556722
v 35.95249546791756 54.992725288929876 23.019481589837415
v 35.95249546791756 54.992725288929876 40.98051841016258
v 35.61234109623926 54.80817262019561 41.59898122095123
v 35.50568690797257 54.42044022336998 42.5148033533103
v 35.483987919770335 54.151521699060694 43.063177746006254
v 35.285828801250894 55.0432416356558 22.89419097754331
v 35.46503946209347 55.27440912192772 23.52837013033582
v 35.50127702631124 55.60016539802808 24.49795946015053
v 35.61967403869226 55.833965241256124 25.350513963323092
v 35.85737152139209 55.97910424924104 26.09061759428038
v 35.85737152139209 55.97910424924104 37.90938240571961
v 35.61967403825515 55.83396524114236 38.64948603650518
v 35.50127702632426 55.60016539798877 39.502040539816264
v 35.4650394610963 55.27440912199391 40.4716298692056
v 35.285828801250894 55.0432416356558 41.10580902245668
v 35.190704854725425 56.02769294026141 25.897067395863335
v 35.38405801983597 56.19044193873976 26.63723373038881
v 35.50318266458431 56.35046553984933 27.49597744639679
v 35.50173389280618 56.51482790703397 28.498266107128487
v 35.50117820133708 56.63713257472741 29.49912839040902
v 35.50107354335463 56.718256438303456 30.49950954798657
v 35.501103617293005 56.7587045828724 31.499830129955182
v 35.50110361729491 56.758704582872646 32.50016987004449
v 35.501073543381686 56.71825643830432 33.500490452020145
v 35.501178201326866 56.63713257472846 34.50087160961827
v 35.50173389270373 56.5148279070724 35.50173389282215
v 35.50318266445506 56.35046553986155 36.504022553442084
v 35.384058020360065 56.19044193865065 37.362766269451306
v 35.190704854725425 56.02769294026141 38.10293260413666
v 36.747858546163066 7.612294538415367 29.747038659903318
v 35.999533605362075 7.496714316207712 31.057787150712603
v 36.23024289403119 7.424115762797891 31.24010199311585
v 36.50161635908509 7.403534714691203 32.500199513182665
v 36.50185487226257 7.444304467176479 33.50067178143422
v 36.50253021681538 7.526110863285687 34.501474278642284
v 36.50402255362313 7.6495344601495985 35.50318266452371
v 36.45260424570263 7.796570093462082 36.45260424569183
v 36.39041442474553 7.94712400448797 37.233976664515524
v 36.79423150253967 8.47667291533718 29.802776160354746
v 36.33904943629426 8.549416790069214 30.481982868256516
v 36.963081815665504 8.006959261498409 36.963081815665504
v 36.620112424071436 8.065783884883784 37.584888076632716
v 36.49953464189127 8.271829041680475 38.49902132035239
v 36.5051037202734 8.572553547625505 39.507948921788646
v 36.373148008183335 8.847745724791233 40.37910960174511
v 36.80604728309772 9.494167417904348 29.858821372589283
v 36.35599941989773 9.51818345284477 30.525064510831527
v 36.51206140220886 9.06645043661175 40.8848880150296
v 36.49905739353014 9.30422123336455 41.4965027045323
v 36.41220837696937 9.68758231539521 42.39675581278323
v 36.148444328860236 9.969891394897346 43.05840899764385
v 36.806047283115596 10.50583258193393 29.858821372553532
v 36.35599941990035 10.481816546970881 30.52506451083313
v 36.81511099552691 10.038162496564945 42.92114513183492
v 36.58078704090464 10.320841331794849 43.59548528827117
v 36.377389996669734 10.739879572471487 44.41998617453363
v 36.794231502526884 11.523327085250319 29.80277616038434
v 36.33904943630166 11.450583210287734 30.481982868265483
v 36.48700311434195 11.09834051208094 44.96977059287154
v 36.50416762036056 11.43657581285402 45.50691435963906
v 36.4954165801113 11.84872809428754 46.10444822623286
v 36.76753293844197 12.558550207006219 29.692237303379084
v 36.30341072367377 12.434912598062926 30.39571814564904
v 36.60645941340853 12.261131043789534 46.64658740552057
v 36.425265542268555 12.72868360030576 47.30818809823657
v 36.99200209784136 13.952495467917561 28.98679586798166
v 36.699045259027606 13.588381287421509 29.56941888039908
v 36.24460911784609 13.44577061154964 30.26731520683952
v 36.53297174140304 13.177092613869299 47.82321507995182
v 36.388670345069784 13.639040876836345 48.402744300029156
v 36.901659486421465 14.487003109084423 28.96977059127102
v 36.563424187267834 14.504167619372444 29.50691435953739
v 36.15127190603835 14.495416574218336 30.104448221694508
v 36.49929026153718 14.11905476839579 48.888946700237376
v 36.37727311325357 14.588403162006964 49.41159683803013
v 36.80999102166868 15.604346974099125 28.68286591567627
v 36.39972482830635 15.407542622211134 29.418186811487107
v 36.03299546756873 15.121551113391314 30.046433004385435
v 36.499290264513974 15.11105330270045 49.880945230588324
v 36.388670344326 15.597255700097863 50.36095912252725
v 36.9277747674078 16.76959927080333 27.870297163485564
v 36.59252903165866 16.57903628409853 28.57522466030767
v 36.1940105856709 16.430130545779527 29.271889854747258
v 36.532971740657985 16.176784919344026 50.82290738719404
v 36.42526554495207 16.691811900419815 51.27131639908009
v 36.99200209784136 17.977902877007587 26.98425494954778
v 36.80159111396238 17.65366617888202 27.58143126574375
v 36.419298678527305 17.392716958460895 28.402746339700727
v 36.057676454116745 17.156053147739335 29.087107598399577
v 36.606459413375426 17.353412595086915 51.73886895605862
v 36.49541658161927 17.89555177474797 52.151271907540846
v 36.94074884802859 18.54860920951086 26.666954537310893
v 36.49430691844381 18.527111857447412 27.527147351077872
v 36.09931375135119 18.49425678498309 28.213784477113187
v 36.50416761991323 18.493085640611557 52.563424187195636
v 36.9402745943773 19.663377517529533 25.66337751756001
v 36.56303957447197 19.55481831098711 26.553470679372168
v 36.15505078619822 19.386210812448866 27.451229922122486
v 36.4870031303141 19.030229401224318 52.90165948527534
v 36.377389996122496 19.580013825240826 53.260120427048825
v 36.99200209784136 20.98425494954778 23.977902877007587
v 36.94074884800031 20.666954536530813 24.54860921024386
v 36.5630395745176 20.55347067683319 25.554818310769512
v 36.231066286053235 20.39511764624722 26.39511764852131
v 36.03299546756873 20.063921601276164 27.058408997643852
v 36.58078704053612 20.40451471118097 53.67915866820864
v 36.148444328860236 20.941591002356148 54.03010860510265
v 36.9277747674078 21.870297163485564 22.76959927080333
v 36.80159111406644 21.581431269217045 23.65366618155341
v 36.49430691848012 21.52714735231437 24.527111858219993
v 36.15505078722876 21.45122991961411 25.38621081246663
v 36.03299546756873 21.058408997643852 26.063921601276164
v 36.81511099552691 21.07885486816508 53.96183750343505
v 36.412208377066705 21.603244187885245 54.31241768462261
v 36.62891538488167 22.521663411285726 9.43154947334939
v 36.80999102159141 22.682865912942514 10.395653029415202
v 36.90165948859417 22.969770594928846 11.512996880061683
v 36.99200209784136 22.98679586798166 12.047504532082437
v 36.99200209784136 22.98679586798166 19.95249546791756
v 36.90165948883452 22.96977059212313 20.4870031322679
v 36.80999102169575 22.682865914100983 21.60434697276237
v 36.59252903161382 22.57522466025307 22.579036287064152
v 36.419298678371455 22.402746339597535 23.39271695865359
v 36.099313751402114 22.21378447690657 24.494256785361404
v 36.499057393277056 22.503497295749117 54.695778766731195
v 36.137533833437615 23.090382191078895 8.98715825241719
v 36.00839914235322 23.590690600447708 9.041720624864608
v 36.39972482799006 23.418186810575424 10.592457382219827
v 36.563424187183664 23.50691435946271 11.495832380118163
v 36.69904525902455 23.56941888013636 12.411618714522728
v 36.767532938422065 23.692237303361726 13.441449793376608
v 36.79423150253037 23.802776160390593 14.476672915278307
v 36.806047283072864 23.858821372577857 15.494167417921807
v 36.80604728309909 23.85882137255618 16.50583258192591
v 36.7942315025254 23.802776160406417 17.52332708524107
v 36.76753293842608 23.692237303370668 18.558550206947732
v 36.69904525901366 23.56941888028308 19.58838128699588
v 36.5634241872704 23.506914359568725 20.504167620891437
v 36.39972482796058 23.418186811945557 21.407542620919827
v 36.19401058595678 23.271889853823158 22.430130542289934
v 36.057676454116745 23.087107598399577 23.156053147739335
v 36.51206140337388 23.11511198613118 54.93354956362405
v 36.373148007182635 23.62089039871497 55.15225427522704
v 36.50510372041194 24.492051078318774 8.572553547658435
v 36.03299546756873 24.046433004385435 10.878448886608684
v 36.15127190659047 24.104448224681498 11.504583418213599
v 36.244609117858346 24.267315207657898 12.554229389521486
v 36.30341072367892 24.395718145954692 13.565087401892685
v 36.339049436292036 24.48198286825826 14.54941679008959
v 36.3559994199026 24.525064510821654 15.518183452852247
v 36.355999419899874 24.52506451083627 16.481816546977143
v 36.339049436297394 24.481982868261337 17.450583210243657
v 36.30341072368546 24.39571814566586 18.4349125980847
v 36.244609117989704 24.267315208577216 19.445770611995346
v 36.15127190710792 24.1044482245954 20.495416573685052
v 36.03299546756873 24.046433004385435 21.121551113391313
v 36.505103719864564 24.492051078116233 55.42744645247884
v 36.49953464192167 25.500978679649947 8.27182904166416
v 36.499534642172335 25.500978679593423 55.728170958256605
v 36.39041442478235 26.76602333533278 7.947124004523581
v 36.62011242431574 26.415111923477895 8.065783884901466
v 36.620112423774444 26.415111924076488 55.93421611503156
v 36.390414424584485 26.766023335474113 56.052875995377484
v 36.45260424572647 27.547395754312237 7.796570093484869
v 36.963081815665504 27.03691818433449 8.006959261498409
v 36.963081815665504 27.03691818433449 55.99304073850159
v 36.45260424527201 27.54739575477688 56.203429906551975
v 36.50402255363418 28.496817335487854 7.649534460149955
v 36.5040225536574 28.496817335543724 56.35046553980217
v 36.502530216807166 29.498525721347082 7.526110863283822
v 36.50253021680252 29.498525721404913 56.47388913672734
v 36.50185487226458 30.49932821855989 7.4443044671777345
v 36.50185487229558 30.499328218467475 56.55569553282183
v 36.501616359084885 31.499800486815683 7.403534714691197
v 36.501616359082036 31.499800486850013 56.596465285309364
v 36.50161635908466 32.500199513182814 7.4035347146911175
v 36.50161635909141 32.50019951320769 56.596465285308284
v 36.501854872265724 33.50067178143531 7.444304467177285
v 36.501854872253524 33.50067178131673 56.555695532815164
v 36.50253021681518 34.50147427864234 7.526110863285672
v 36.50253021683539 34.50147427844083 56.473889136690396
v 36.5040225536274 35.50318266452587 7.649534460154369
v 36.50402255345568 35.503182664468596 56.35046553988253
v 36.45260424570219 36.45260424570219 7.796570093464629
v 36.963081815665504 36.963081815665504 8.006959261498409
v 36.963081815665504 36.963081815665504 55.99304073850159
v 36.452604245666066 36.452604245666066 56.203429906517165
v 36.39041442474473 37.23397666451509 7.947124004487505
v 36.620112424070754 37.584888076655886 8.065783884885619
v 36.62011242417882 37.58488807613887 55.93421611501255
v 36.390414425601655 37.23397666392595 56.05287599563449
v 36.49953464189204 38.4990213203537 8.27182904168095
v 36.49953464212444 38.49902132087548 55.728170958247674
v 36.50510372027316 39.50794892178855 8.572553547625484
v 36.50510371969011 39.50794892222462 55.42744645244448
v 36.37314800809472 40.379109601917065 8.847745724862978
v 36.51206140281009 40.88488801508499 9.066450436216101
v 36.51206140397764 40.884888017192466 54.93354956395284
v 36.37314800748139 40.37910960235133 55.152254275284996
v 36.499057393576656 41.49650270447348 9.304221233325057
v 36.49905739323124 41.49650270396752 54.69577876619237
v 36.412208376902285 42.396755812968046 9.687582315428287
v 36.81511099552691 42.92114513183492 10.038162496564945
v 36.81511099552691 42.92114513183492 53.96183750343505
v 36.41220837567379 42.39675581336062 54.312417684763474
v 36.148444328860236 43.05840899764385 9.969891394897346
v 36.58078704083386 43.59548528839066 10.320841331756055
v 36.58078704237408 43.595485289152656 53.679158667992134
v 36.148444328860236 43.05840899764385 54.03010860510265
v 36.37738999676312 44.41998617431767 10.739879572710834
v 36.48700311818114 44.9697705938724 11.098340511137451
v 36.487003138482834 44.96977059454751 52.901659483900325
v 36.37738999612519 44.41998617514546 53.26012042727291
v 36.50416762047712 45.506914359331034 11.436575812647769
v 36.50416762086398 45.50691435953661 52.563424186994446
v 36.49541657976522 46.104448225482315 11.8487280949226
v 36.606459414180335 46.64658740521608 12.261131043493542
v 36.6064594120024 46.64658740631268 51.738868955934606
v 36.49541658510847 46.104448226788 52.15127190325625
v 36.425265542581705 47.3081880983709 12.72868360003942
v 36.532971739507865 47.823215080777736 13.177092614122389
v 36.53297174186206 47.8232150803031 50.82290738759043
v 36.42526554600861 47.30818809991932 51.27131639879943
v 36.38867034430933 48.40274430012856 13.639040877281618
v 36.49929026153718 48.888946700270616 14.11905476839579
v 36.49929025648848 48.88894669844376 49.880945231395394
v 36.38867034402669 48.40274429964572 50.36095912216389
v 36.377273113253096 49.41159683820812 14.588403161803509
v 36.499290264545486 49.880945230488244 15.111053302690271
v 36.499290256490106 49.88094523452084 48.888946698776955
v 36.37727311044926 49.41159683844203 49.411596838920296
v 36.38867034499756 50.36095912254873 15.597255699540808
v 36.532971742736116 50.822907387141875 16.17678491865613
v 36.53297174249028 50.82290738732539 47.82321508351222
v 36.388670345724286 50.36095912250911 48.40274430052959
v 36.4252655425348 51.271316399665594 16.691811902094432
v 36.60645941344306 51.73886895601629 17.353412594444627
v 36.606459412498765 51.738868955746206 46.64658740626
v 36.425265540814465 51.27131639937632 47.30818809873637
v 36.49541657685156 52.15127190732697 17.895551778161664
v 36.50416761987555 52.5634241875262 18.493085640425956
v 36.487003111229996 52.90165948599942 19.030229412078917
v 36.48700313343508 52.9016594825432 44.96977058755973
v 36.50416761813149 52.56342418733922 45.50691435932603
v 36.49541659529265 52.1512719059054 46.10444822431723
v 36.3773899974951 53.260120426933696 19.5800138247051
v 36.580787040129756 53.67915866832858 20.4045147117559
v 36.81511099552691 53.96183750343505 21.07885486816508
v 36.81511099552691 53.96183750343505 42.92114513183492
v 36.58078704128596 53.679158667416594 43.59548528800663
v 36.37738999590531 53.26012042691745 44.419986175235444
v 36.148444328860236 54.03010860510265 20.941591002356148
v 36.41220837811149 54.31241768395466 21.603244187452095
v 36.49905739376569 54.695778766538666 22.503497295702775
v 36.51206140438268 54.93354956389772 23.11511198321196
v 36.512061405402335 54.93354956428175 40.884888016946945
v 36.499057393911684 54.69577876690613 41.4965027051898
v 36.41220837710472 54.312417684538865 42.39675581333914
v 36.148444328860236 54.03010860510265 43.05840899764385
v 36.373148008350384 55.152254275217445 23.620890397558085
v 36.50510371986406 55.427446452478975 24.49205107811629
v 36.49953464237373 55.72817095827607 25.50097867957385
v 36.62011242396107 55.93421611501282 26.4151119237641
v 36.963081815665504 55.99304073850159 27.03691818433449
v 36.963081815665504 55.99304073850159 36.963081815665504
v 36.62011242437295 55.934216115041046 37.584888076437494
v 36.49953464182043 55.72817095827671 38.499021320847255
v 36.50510371968961 55.42744645244461 39.50794892222471
v 36.373148008464234 55.15225427526999 40.37910960255249
v 36.390414424581934 56.052875995381115 26.766023335486327
v 36.4526042458472 56.20342990649446 27.54739575406765
v 36.504022553659304 56.350465539802386 28.496817335543835
v 36.502530216804715 56.473889136727415 29.498525721404786
v 36.501854872294636 56.55569553282145 30.499328218467404
v 36.501616359083805 56.596465285309215 31.49980048684974
v 36.50161635909003 56.596465285308376 32.50019951320769
v 36.50185487225613 56.555695532815406 33.50067178131687
v 36.50253021683694 56.47388913669027 34.50147427844075
v 36.50402255345616 56.35046553988278 35.50318266446875
v 36.452604245775646 56.2034299065364 36.452604245650974
v 36.390414425596134 56.05287599563514 37.23397666391448
v 37.91129516866079 7.972307059738592 28.809295145274575
v 37.20035857006061 7.748128515733114 29.534331130120115
v 37.831704767349024 7.72649183250461 30.848518623016354
v 37.50413111378704 7.608263432048211 31.4995953549237
v 37.504131113787125 7.608263432048281 32.500404645078405
v 37.504815411903856 7.649507132615505 33.50139431166413
v 37.50640653068239 7.732307060775966 34.503026574303625
v 37.362766269699875 7.80955806133189 35.384058019986696
v 37.233976664645475 7.947124004504348 36.39041442454914
v 37.96948297616554 8.809556327008103 27.94247225740316
v 38.16077770397712 8.442356284698834 27.716230872120256
v 37.3907204744102 8.247795089643061 28.927326422401485
v 37.90938240571961 8.020895750758957 35.85737152139209
v 37.58488807653298 8.06578388486324 36.62011242394438
v 37.49864007385933 8.229423116737783 37.498640073859406
v 37.50380680380856 8.485967210191086 38.50433621586076
v 37.39558635571371 8.725264137002327 39.38759254506614
v 37.21246101889916 8.949570399813876 40.137803282674625
v 37.959953715804886 9.5 27.924508173162828
v 37.65995069556822 9.499984355676194 28.49569590414839
v 37.23028016487723 9.507672870136489 29.20133853074485
v 37.879127685565834 9.029136250042942 39.91150333187126
v 37.63402262372989 9.219493264469461 40.64157766520459
v 37.50685332925355 9.533404586892262 41.51058027903164
v 37.43186896498417 9.853571576805194 42.262232763063516
v 37.959953715804886 10.5 27.924508173162828
v 37.659950695572284 10.50001564432406 28.495695904136205
v 37.23028016489051 10.492327129859362 29.201338530731565
v 37.57051940413605 10.119482405669238 42.74666127558351
v 37.506419987309414 10.488822062977098 43.51064585590263
v 37.47165862412094 10.851537487611328 44.16742311711713
v 37.93700763944557 11.5 27.88125598542908
v 37.61077097979408 11.500637484202716 28.500702950504895
v 37.213446322483776 11.482855911797017 29.153509264791385
v 37.604346972012756 11.190008979128875 44.682865914192114
v 37.407542618770755 11.60027517219924 45.41818681164143
v 37.12155111339132 11.967004532431265 46.04643300438543
v 37.840096513160724 12.526204064503705 27.90988708324405
v 37.51170073686774 12.503107852601424 28.51109915233846
v 37.174829551362755 12.491432838927278 29.062543891180137
v 37.788217780057984 12.059055346564346 45.91427528541778
v 37.5801338981435 12.457026464946324 46.5754893551283
v 37.50087915154842 12.860508569693348 47.121057844803346
v 37.809362714611495 13.58688447049506 27.696081380401242
v 37.38490560597477 13.474494730979895 28.495132596817403
v 37.04719173914336 13.285828801250895 29.074692643783436
v 37.6378517420095 13.303329257800314 47.62262983822642
v 37.45081404294228 13.77688317026307 48.231501424477315
v 37.96183750343505 14.815110995526904 26.92114513183492
v 37.67915866829869 14.580787039314234 27.59548528760649
v 37.26012042722314 14.377389997875584 28.419986175335225
v 37.59361243046826 14.265736240475489 48.71885383052537
v 37.43526042939798 14.741150880087782 49.25884911978303
v 37.88051759510867 15.570519405795995 26.74666127691412
v 37.51117793722303 15.506419987319752 27.51064585585437
v 37.148462512970326 15.471658625105247 28.167423122486472
v 37.5936124323199 15.28114617133425 49.734263759083845
v 37.45081404520202 15.768498574171891 50.223116828478794
v 37.9388624205323 16.795281567988884 25.86026743572723
v 37.66631880075559 16.598983207046658 26.60390983498297
v 37.32771260652198 16.380246601869498 27.393800349646934
v 37.031484918150916 16.10293260413666 28.053778345219804
v 37.63785174086751 16.377370161713916 50.696670742184615
v 37.500879156787676 16.878942153761034 51.13949143151466
v 37.96948297616554 17.911503331871263 24.921977959832418
v 37.77812211994436 17.641719198768154 25.627552196440192
v 37.42395214676713 17.497925490578222 26.50370241980613
v 37.09817231692973 17.445080318587582 27.165001444616827
v 37.58013389699558 17.424510644870647 51.542973534953944
v 37.12155111339132 17.953566995614565 52.03299546756873
v 37.96948297616554 18.921977959832418 23.911503331871263
v 37.836572092910544 18.618126632003847 24.618126632988528
v 37.510742265462255 18.508941542119185 25.509588544027746
v 37.119441145087826 18.413901507485065 26.42084826722284
v 37.788217780057984 18.08572471458222 51.94094465343565
v 37.40754261998653 18.58181318850182 52.39972482814569
v 37.9388624205323 19.86026743572723 22.795281567988884
v 37.77812212010459 19.627552194833 23.64171919660384
v 37.51074226539356 19.509588543073296 24.508941540406756
v 37.17479667243261 19.408504469603926 25.40850447320722
v 37.023622577350814 19.052966695046567 26.04795988060224
v 37.60434697161052 19.31713408697084 52.80999102150236
v 37.47165862781249 19.832576879680754 53.14846251123904
v 37.96183750343505 20.921145131834916 10.92037186170501
v 37.96183750343505 20.921145131834916 11.184889004473094
v 37.96183750343505 20.921145131834916 20.815110995526904
v 37.88051759540186 20.746661275233762 21.570519404818153
v 37.6663188008536 20.603909834758216 22.598983209071502
v 37.423952146489974 20.50370242192408 23.497925491078526
v 37.11944114562889 20.420848266909424 24.413901509504548
v 37.023622577350814 20.04795988060224 25.052966695046567
v 37.50641998784104 20.489354143567297 53.51117793736571
v 37.81478171488843 21.920129180453074 9.96237838856539
v 38.418666106755296 20.318625419185288 11.096516183053861
v 37.679158668272315 21.59548528877146 11.419212958970144
v 37.80936271460643 21.696081379733933 12.413115530351243
v 37.840096513396766 21.909887082667776 13.473795927229155
v 37.93700763944557 21.88125598542908 14.5
v 37.959953715804886 21.924508173162828 15.5
v 37.959953715804886 21.924508173162828 16.5
v 37.93700763944557 21.88125598542908 17.5
v 37.84009651343372 21.909887082688062 18.526204073025145
v 37.809362714734284 21.69608138000721 19.58688447061981
v 37.67915866826511 21.595485288332817 20.580787040837066
v 37.51117793729785 21.51064585503135 21.50641998738294
v 37.327712606057936 21.393800351288576 22.38024659789372
v 37.09817231608381 21.165001449008134 23.44508032003131
v 37.570519408725964 21.253338723666047 53.880517594240736
v 37.431868967315204 21.737767237019533 54.1464284208405
v 37.113787663253795 22.40051448516501 9.608765705840007
v 37.28522210976132 21.905771605007217 10.327477434471191
v 37.26012042733617 22.41998617451297 11.622610003194648
v 37.384905605985566 22.49513259651242 12.525505269045883
v 37.51170073684479 22.51109915242 13.496892147158952
v 37.61077097978288 22.50070295049824 14.49936251539828
v 37.65995069556511 22.495695904144966 15.499984355804068
v 37.65995069556491 22.49569590414638 16.50001564439195
v 37.61077097979877 22.50070295047555 17.50063748465077
v 37.51170073684596 22.51109915243299 18.50310785309012
v 37.38490560603063 22.495132596270402 19.474494732909797
v 37.26012042725311 22.419986173980057 20.377389995466366
v 37.14846251215309 22.167423116527203 21.471658620643648
v 37.031484918150916 22.053778345219804 22.10293260413666
v 37.506853328999256 22.489419720734478 54.46659541312048
v 37.21246101889916 23.862196717325364 8.949570399813876
v 38.06587978422665 23.91232339989938 9.148605310777437
v 37.04719173914336 23.074692643783436 12.714171198749103
v 37.17482955184883 23.06254389007263 13.508567170275631
v 37.2134463225137 23.153509264775323 14.517144089063052
v 37.230280164876156 23.201338530764993 15.507672870158933
v 37.23028016487446 23.201338530755823 16.492327129836617
v 37.21344632250684 23.153509264789417 17.482855910944767
v 37.174829551660885 23.062543889116583 18.49143282567907
v 37.04719173914336 23.074692643783436 19.285828801250894
v 37.63402262564627 23.358422335503704 54.78050673519972
v 37.21246101889916 23.862196717325364 55.05042960018612
v 37.39558635594032 24.612407455398586 8.725264136972442
v 37.879127685565834 24.088496668128734 9.029136250042942
v 37.879127685565834 24.088496668128734 54.97086374995706
v 37.39558635532663 24.612407455263785 55.27473586289276
v 37.50380680374113 25.495663784135427 8.485967210218046
v 37.50380680389405 25.49566378421642 55.51403278974547
v 37.49864007372183 26.50135992611254 8.229423116687014
v 37.49864007438417 26.501359926301614 55.770576883061246
v 37.23397666461375 27.60958557525864 7.947124004556444
v 37.58488807650759 27.379887575919174 8.065783884886676
v 37.58488807681126 27.37988757519672 55.934216115036115
v 37.233976664808644 27.60958557503102 56.05287599580879
v 37.362766269717156 28.615941980040215 7.8095580613244024
v 37.90938240571961 28.142628478607907 8.020895750758957
v 37.90938240571961 28.142628478607907 55.97910424924104
v 37.36276626962166 28.615941980556396 56.190441938703195
v 37.50640653069097 29.496973425668685 7.732307060785413
v 37.50640653076943 29.49697342526881 56.267692939183874
v 37.50481541190169 30.498605688336728 7.649507132614456
v 37.50481541189741 30.498605688364886 56.35049286739337
v 37.504131113784545 31.49959535492237 7.608263432047667
v 37.50413111378151 31.499595354854236 56.39173656795309
v 37.504131113784844 32.50040464507878 7.608263432047672
v 37.50413111378227 32.50040464507192 56.391736567954226
v 37.50481541190201 33.50139431166132 7.6495071326153
v 37.504815411834365 33.501394311517394 56.350492867379195
v 37.50640653068295 34.503026574303725 7.732307060776048
v 37.506406530746474 34.5030265740844 56.26769293923111
v 37.36276626970055 35.38405801996149 7.809558061342594
v 37.90938240571961 35.85737152139209 8.020895750758957
v 37.90938240571961 35.85737152139209 55.97910424924104
v 37.36276626960603 35.384058019395745 56.19044193870515
v 37.233976664642434 36.39041442454797 7.947124004504069
v 37.584888076535826 36.620112423953934 8.065783884862151
v 37.58488807614212 36.62011242418028 55.934216115150136
v 37.233976665368445 36.39041442358095 56.052875995423776
v 37.498640073860074 37.498640073860074 8.22942311671927
v 37.49864007385655 37.49864007385655 55.77057688332578
v 37.503806803794774 38.504336215931396 8.485967210212678
v 37.503806803048846 38.504336216499254 55.51403278992569
v 37.39558635571797 39.38759254480303 8.725264137051955
v 37.879127685565834 39.91150333187126 9.029136250042942
v 37.879127685565834 39.91150333187126 54.97086374995706
v 37.395586354764625 39.387592544728534 55.27473586300303
v 37.21246101889916 40.137803282674625 8.949570399813876
v 37.634022623949996 40.641577664810846 9.219493264477027
v 37.634022621931955 40.641577662745874 54.780506735255464
v 37.21246101889916 40.137803282674625 55.05042960018612
v 37.50685332928038 41.51058027863584 9.533404586936845
v 37.50685332849858 41.51058027775375 54.46659541314818
v 37.43186896533677 42.262232763440025 9.853571576739965
v 37.570519404850984 42.74666127586084 10.119482405537424
v 37.57051940227821 42.7466612781928 53.88051759344506
v 37.43186896310503 42.26223276062098 54.14642842227154
v 37.50641998794974 43.51064585571733 10.488822062830865
v 37.5064199904806 43.510645855836096 53.511177937248334
v 37.47165862386115 44.16742311726861 10.851537486839732
v 37.6043469727064 44.682865913638516 11.190008978617161
v 37.60434697270739 44.6828659150078 52.809991022663105
v 37.47165862343229 44.167423117349486 53.148462508939005
v 37.407542618711005 45.41818681168628 11.600275172367521
v 37.788217780057984 45.91427528541778 12.059055346564346
v 37.788217780057984 45.91427528541778 51.94094465343565
v 37.40754262080922 45.41818680947172 52.39972482731764
v 37.12155111339132 46.04643300438543 11.967004532431265
v 37.58013389775121 46.57548935535152 12.457026465051964
v 37.58013389864915 46.575489355575975 51.5429735349775
v 37.12155111339132 46.04643300438543 52.03299546756873
v 37.500879157288146 47.1210578405773 12.860508567514128
v 37.637851740260786 47.6226298387903 13.303329258450807
v 37.63785173981358 47.622629838688134 50.696670742113625
v 37.500879161686285 47.12105784642878 51.13949143341278
v 37.45081404294493 48.23150142450333 13.776883170276014
v 37.59361243046595 48.71885383048472 14.26573624113582
v 37.59361243553339 48.71885382865732 49.73426375880552
v 37.45081404061994 48.231501425660134 50.22311683332117
v 37.43526042939873 49.258849120021736 14.74115087942661
v 37.59361243063312 49.73426375936605 15.281146171014331
v 37.59361243368528 49.73426375905051 48.718853827897284
v 37.43526043973835 49.258849122436416 49.258849122436416
v 37.4508140444621 50.2231168284775 15.768498576831938
v 37.63785174086683 50.69667074227745 16.37737016181221
v 37.63785173981221 50.69667074232113 47.62262983849154
v 37.4508140416277 50.22311682940909 48.23150142610139
v 37.50087915095516 51.13949143127258 16.87894215305986
v 37.58013389782941 51.54297353483691 17.424510644547496
v 37.788217780057984 51.94094465343565 18.08572471458222
v 37.788217780057984 51.94094465343565 45.91427528541778
v 37.58013389863727 51.542973534982245 46.575489355575975
v 37.50087914801854 51.13949143065934 47.121057851444526
v 37.12155111339132 52.03299546756873 17.953566995614565
v 37.40754261896399 52.399724828010655 18.581813188443093
v 37.604346971611164 52.80999102226476 19.317134085737024
v 37.604346968600815 52.809991022071756 44.68286591343013
v 37.407542619450815 52.399724827922775 45.418186810805516
v 37.12155111339132 52.03299546756873 46.04643300438543
v 37.4716586278164 53.14846251126087 19.83257688304451
v 37.506419987441085 53.511177937335844 20.48935414354177
v 37.57051940559302 53.880517594860414 21.25333872304262
v 37.57051940322421 53.88051759523491 42.74666128058135
v 37.50641998823048 53.51117793709169 43.51064585598439
v 37.471658623056676 53.14846251125193 44.167423123942065
v 37.43186896445048 54.14642842345839 21.73776723713822
v 37.50685332970312 54.46659541314205 22.489419720014887
v 37.63402262393694 54.780506735442756 23.3584223351599
v 37.879127685565834 54.97086374995706 24.088496668128734
v 37.879127685565834 54.97086374995706 39.91150333187126
v 37.6340226224714 54.78050673610175 40.64157766534606
v 37.50685332898242 54.46659541310761 41.51058027841086
v 37.431868966448384 54.14642842179622 42.26223275988476
v 37.21246101889916 55.05042960018612 23.862196717325364
v 37.395586355595015 55.27473586322103 24.612407454448956
v 37.50380680389448 55.514032789744014 25.495663784216298
v 37.49864007394654 55.77057688317623 26.50135992631217
v 37.584888076312126 55.93421611510246 27.37988757667945
v 37.90938240571961 55.97910424924104 28.142628478607907
v 37.90938240571961 55.97910424924104 35.85737152139209
v 37.5848880763447 55.93421611507164 36.62011242399017
v 37.49864007385505 55.770576883325376 37.49864007385627
v 37.5038068030491 55.51403278992728 38.50433621649952
v 37.39558635470472 55.274735863321034 39.38759254625804
v 37.21246101889916 55.05042960018612 40.137803282674625
v 37.23397666500058 56.05287599575745 27.609585574196146
v 37.362766269805 56.190441938670844 28.615941980461145
v 37.506406530767165 56.26769293918239 29.496973425268536
v 37.50481541189511 56.350492867393456 30.498605688365107
v 37.504131113783394 56.39173656795224 31.49959535485363
v 37.504131113780346 56.39173656795383 32.50040464507162
v 37.50481541183477 56.35049286737972 33.50139431151733
v 37.50640653074549 56.26769293923167 34.5030265740816
v 37.36276626951167 56.19044193864711 35.38405801978377
v 37.233976665371856 56.05287599542145 36.39041442358733
v 38.10293260413666 7.972307059738592 28.809295145274575
v 38.1569422599496 7.887354798203458 29.566529391768185
v 38.36039135200381 7.856275066623142 30.586557054308123
v 38.48224971097303 7.8493734476253545 31.540470897342516
v 38.48224971097311 7.8493734476253865 32.459529102659054
v 38.36039135200683 7.8562750666228345 33.413442945700126
v 38.156942259879976 7.887354798218707 34.433470608255874
v 38.10293260413666 7.972307059738592 35.190704854725425
v 38.90167433244848 8.944687213709853 26.01117571894018
v 38.577689544450905 8.562246124205583 26.86859124819903
v 38.22566639087455 8.34372236357387 27.747143158210445
v 38.24215237917747 8.125765693894884 28.1990943398151
v 38.848102335247056 8.088490911292997 29.432948860568814
v 38.90421635582511 8.026124157705915 30.5
v 38.9744825983618 8.006959261498409 31.333333333333332
v 38.9744825983618 8.006959261498409 32.666666666666664
v 38.90421635582511 8.026124157705915 33.5
v 38.84810233513449 8.088490911283643 34.56705113964736
v 38.649486036428584 8.166034758868049 35.61967403858063
v 38.499021320335395 8.271829041616694 36.4995346418557
v 38.50433621590004 8.485967210204977 37.50380680387341
v 38.44516637781018 8.711163187065047 38.44516637765623
v 38.35310333692399 8.928421943028429 39.2477415492122
v 38.95082092734283 9.5 25.88226591753178
v 38.54182723224451 9.095960482503617 26.82899474298359
v 38.44143461052981 9.114124030492837 27.034570568068006
v 38.9489444103736 9.014555666756895 38.9489444103736
v 38.62073399935673 9.112839746561102 39.59767221771811
v 38.50189484849124 9.395474322663253 40.50190613080345
v 38.37350427556018 9.708736993067944 41.37326613315924
v 38.128614901322216 9.96237838856539 42.079870819546926
v 38.950820927342825 10.5 25.88226591753178
v 38.69608582319873 10.499923376234811 26.495772883535185
v 38.24857505391791 10.48251775492545 27.409378694507158
v 38.79528156798888 10.0611375794677 41.86026743572723
v 38.598983207242114 10.333681199247835 42.60390983416105
v 38.38024660060638 10.672287393476761 43.39380035049502
v 38.10293260413666 10.968515081849084 44.053778345219804
v 38.893222036232984 11.50786771233356 25.926422093482053
v 38.65061608272244 11.500169983128227 26.498633417019118
v 38.236709686030714 11.454842030030482 27.347281955553
v 38.769599270803326 11.072225232592203 43.87029716348557
v 38.57903628540094 11.407470968461565 44.57522465926688
v 38.43013054242181 11.805989414247088 45.27188985537774
v 38.851166185705345 12.556817021741443 25.825328115004858
v 38.559117942346205 12.501707340190402 26.50473571949156
v 38.208842815125834 12.449501496044606 27.2264557507925
v 38.575119626885154 12.170809741147357 45.74243635503013
v 38.37721872741247 12.589941837964883 46.42351906877136
v 38.07722991686116 12.97399447475928 47.032615826397354
v 38.992725288929876 13.952495467917561 24.98051841016258
v 38.8081726203844 13.61234109668823 25.59898122166124
v 38.42044022341662 13.50568690784983 26.514803352677323
v 38.15152169647608 13.483987931454193 27.063177744765717
v 38.74389658352783 13.089110279403956 46.885934283106856
v 38.494707720563795 13.479475109131956 47.50121192572586
v 38.23113920940501 13.918017503116923 48.09177673193532
v 38.933549563743 14.512061404388179 24.884888016175978
v 38.69577876667909 14.499057393460001 25.49650270396456
v 38.31241768446456 14.412208378462688 26.396755812585965
v 38.030108605102654 14.148444328860238 27.058408997643852
v 38.89780587607167 14.037617612668644 47.95745814255875
v 38.594826748335336 14.466711224128018 48.57033483196936
v 38.282277743706935 14.894237432306868 49.10576256769313
v 38.970863749957054 15.879127685565834 23.911503331871263
v 38.78050673547127 15.63402262430947 24.64157766494019
v 38.46659541309764 15.506853329704004 25.5105802798079
v 38.146428422849304 15.431868964207034 26.262232762489678
v 38.9489444103736 15.01994853200794 48.980051467992055
v 38.59482674834312 15.4296651676341 49.533288775184495
v 38.23113920940501 15.908223268064683 50.08198249688307
v 38.9854443332431 16.948944410373603 22.948944410373603
v 38.88716025357893 16.620733999734632 23.59767221631508
v 38.60452567729075 16.501894849016253 24.501906131251253
v 38.2912630069597 16.37350427584139 25.37326613417026
v 38.0376216114346 16.128614901322216 26.079870819546926
v 38.89780587607167 16.042541857441247 49.962382387331346
v 38.49470772136306 16.49878807376877 50.52052489077
v 38.07722991686116 16.96738417360264 51.02600552524072
v 38.970863749957054 17.911503331871263 21.879127685565834
v 38.8871602535691 17.597672217108325 22.620733999264182
v 38.650121811493804 17.49980551336831 23.49980551333372
v 38.34920651620567 17.419683481119296 24.419654299510754
v 38.082579809409175 17.244836665204595 25.193600769060566
v 38.74389658352783 17.114065716893137 50.91088972059604
v 38.377218727615144 17.576480931314034 51.41005816207084
v 38.992725288929876 18.984013130017644 11.990355825625443
v 38.992725288929876 18.984013130017644 12.047504532082437
v 38.992725288929876 18.98051841016258 19.95249546791756
v 38.93354956357861 18.88488801647752 20.512061400134492
v 38.780506735503245 18.64157766457179 21.634022621430336
v 38.60452567742623 18.501906132220068 22.501894849587703
v 38.34920651618105 18.419654299956786 23.419683481227946
v 38.08824466438278 18.284669084532904 24.28466908431949
v 38.57511962541462 18.257563647648823 51.82919025887338
v 38.430130539514096 18.728110146504495 52.19401058568873
v 38.85882236507194 19.21391691790659 11.71943402717821
v 38.80817262035947 19.598981221651087 12.387658903025416
v 38.85116618569408 19.82532811514524 13.44318297835188
v 38.8932220362405 19.926422093517473 14.492132287858533
v 38.95082092734283 19.88226591753178 15.5
v 38.950820927342825 19.88226591753178 16.5
v 38.89322203623295 19.926422093475892 17.507867712348144
v 38.8511661857157 19.825328114969327 18.556817021656443
v 38.808172620351485 19.59898122175759 19.612341096245604
v 38.6957787666875 19.4965027043089 20.499057393370258
v 38.46659541302978 19.5105802785931 21.50685332877823
v 38.29126300689513 19.373266132993432 22.37350427534281
v 38.082579809409175 19.193600769060566 23.244836665204595
v 38.579036287456375 19.424775339275005 52.59252903044196
v 38.10293260413666 19.946221654780192 53.031484918150916
v 37.69561606996176 21.571802540603663 10.051390244359801
v 38.335775769701044 20.396609059044856 11.16531937887398
v 38.42044022342779 20.514803352855438 12.494313093332423
v 38.559117942361155 20.504735719378544 13.498292659164411
v 38.65061608272463 20.49863341704047 14.499830017166472
v 38.69608582319647 20.4957728835356 15.500076623844619
v 38.696085823194935 20.49577288353802 16.499923376116765
v 38.65061608272567 20.498633417010254 17.50016998312403
v 38.55911794235174 20.504735719479843 18.501707340208757
v 38.42044022342411 20.514803352870988 19.50568690645201
v 38.312417684563506 20.396755812388523 20.412208376459148
v 38.14642842255767 20.262232763071836 21.43186896118009
v 38.0376216114346 20.079870819546922 22.128614901322216
v 38.769599270803326 20.129702836514433 52.92777476740779
v 38.38024660032258 20.606199650086086 53.327712606755874
v 38.128614901322216 21.920129180453074 9.96237838856539
v 38.2215194616622 21.220641922154954 10.352581022310641
v 38.030108605102654 21.058408997643852 11.85155567113976
v 38.15152169647847 21.06317774372472 12.516012076996565
v 38.208842815131526 21.22645575102094 13.550498503888162
v 38.236709686052926 21.347281955575934 14.545157969731244
v 38.24857505391768 21.409378694510643 15.517482245063537
v 38.24857505392071 21.409378694505232 16.482517754933728
v 38.23670968603688 21.3472819556872 17.454842030875295
v 38.20884281513485 21.2264557510202 18.449501496208452
v 38.15152169674356 21.06317774465872 19.483987920816087
v 38.030108605102654 21.058408997643852 20.148444328860236
v 38.5989832058616 21.396090165874853 53.66631880106488
v 38.128614901322216 21.920129180453074 54.0376216114346
v 38.37350427545789 22.62673386647252 9.708736993046992
v 38.79528156798888 22.139732564272766 10.0611375794677
v 38.79528156798888 22.139732564272766 53.9388624205323
v 38.37350427562428 22.626733865120823 54.29126300664657
v 38.50189484855979 23.498093869288773 9.395474322642382
v 38.501894848676606 23.49809386915092 54.604525677671525
v 38.35310333647265 24.752258451249475 8.928421943367695
v 38.620733998947316 24.40232778238022 9.112839746452474
v 38.62073400059097 24.4023277834232 54.88716025347763
v 38.35310333760697 24.75225844649303 55.071578056559744
v 38.44516637766435 25.554833622303484 8.7111631870469
v 38.9489444103736 25.051055589626394 9.014555666756895
v 38.9489444103736 25.051055589626394 54.9854443332431
v 38.44516637813093 25.55483362177807 55.28883681274502
v 38.504336215927154 26.496193196193722 8.485967210231323
v 38.50433621611428 26.496193196496694 55.51403278973098
v 38.49902132036203 27.50046535810077 8.271829041645377
v 38.49902132036491 27.500465357763915 55.72817095833826
v 38.10293260413666 28.809295145274575 7.972307059738592
v 38.64948603644736 28.38032596139974 8.166034758874176
v 38.649486036338246 28.380325961374634 55.83396524111151
v 38.10293260413666 28.809295145274575 56.02769294026141
v 38.15694225991401 29.566529391781295 7.887354798198472
v 38.84810233506913 29.432948860433875 8.088490911257017
v 38.84810233576361 29.43294886128612 55.91150908863524
v 38.15694225934964 29.5665293918908 56.1126452019299
v 38.36039135201784 30.58655705431977 7.856275066626296
v 38.90421635582511 30.5 8.026124157705915
v 38.90421635582511 30.5 55.973875842294085
v 38.36039135208205 30.58655705433958 56.14372493336608
v 38.48224971097278 31.5404708973423 7.849373447625262
v 38.9744825983618 31.333333333333332 8.006959261498409
v 38.9744825983618 31.333333333333332 55.99304073850159
v 38.48224971096707 31.540470897306434 56.150626552373964
v 38.48224971097298 32.45952910265881 7.84937344762531
v 38.9744825983618 32.666666666666664 8.006959261498409
v 38.9744825983618 32.666666666666664 55.99304073850159
v 38.48224971096707 32.459529102693566 56.150626552375506
v 38.36039135200717 33.41344294570021 7.85627506662308
v 38.90421635582511 33.5 8.026124157705915
v 38.90421635582511 33.5 55.973875842294085
v 38.36039135204599 33.41344294562921 56.14372493336122
v 38.15694225987937 34.43347060825658 7.887354798219485
v 38.84810233513595 34.56705113964881 8.088490911284532
v 38.8481023352197 34.56705113955461 55.9115090888352
v 38.15694225933109 34.43347060945039 56.1126452019568
v 38.10293260413666 35.190704854725425 7.972307059738592
v 38.649486036457574 35.61967403865864 8.166034758889072
v 38.649486036419525 35.61967403840972 55.8339652412534
v 38.10293260413666 35.190704854725425 56.02769294026141
v 38.49902132034822 36.499534641833904 8.271829041656698
v 38.49902132053024 36.49953464198953 55.728170958174445
v 38.504336215901105 37.50380680384738 8.485967210181428
v 38.50433621632328 37.50380680342887 55.51403278968157
v 38.445166377814516 38.445166377660755 8.711163187028792
v 38.9489444103736 38.9489444103736 9.014555666756895
v 38.9489444103736 38.9489444103736 54.9854443332431
v 38.44516637678978 38.44516637678978 55.28883681292207
v 38.35310333692562 39.24774154921311 8.928421943030116
v 38.6207339994349 39.597672217476884 9.112839746367978
v 38.62073400027802 39.59767221872409 54.887160253719394
v 38.35310333979252 39.247741551908234 55.07157805734898
v 38.50189484860219 40.50190613060741 9.395474322572854
v 38.50189484870627 40.50190613028631 54.60452567751019
v 38.37350427567703 41.373266133274626 9.708736993089845
v 38.79528156798888 41.86026743572723 10.0611375794677
v 38.79528156798888 41.86026743572723 53.9388624205323
v 38.37350427626859 41.37326613461748 54.291263007946824
v 38.128614901322216 42.079870819546926 9.96237838856539
v 38.598983207039325 42.60390983467099 10.333681199276027
v 38.59898320586133 42.603909835041584 53.6663188012518
v 38.128614901322216 42.079870819546926 54.0376216114346
v 38.38024660089877 43.39380035027862 10.672287393405822
v 38.769599270803326 43.87029716348557 11.072225232592203
v 38.769599270803326 43.87029716348557 52.92777476740779
v 38.380246601185966 43.39380035234225 53.327712604818515
v 38.10293260413666 44.053778345219804 10.968515081849084
v 38.57903628473007 44.575224659947324 11.407470968666763
v 38.57903628220634 44.575224661253955 52.59252903243221
v 38.10293260413666 44.053778345219804 53.031484918150916
v 38.43013054160871 45.27188985516456 11.805989415269497
v 38.57511962714037 45.74243635452729 12.1708097410518
v 38.575119624445406 45.74243635399872 51.82919025796662
v 38.43013053863345 45.2718898547671 52.19401058389868
v 38.37721872588866 46.42351906899412 12.58994183797647
v 38.74389658352783 46.885934283106856 13.089110279403956
v 38.74389658352783 46.885934283106856 50.91088972059604
v 38.37721872812293 46.423519067685675 51.41005816263904
v 38.07722991686116 47.032615826397354 12.97399447475928
v 38.49470772017204 47.50121192610216 13.479475109539191
v 38.89780587607167 47.95745814255875 14.037617612668644
v 38.89780587607167 47.95745814255875 49.962382387331346
v 38.494707721396786 47.50121192616314 50.52052489137721
v 38.07722991686116 47.032615826397354 51.02600552524072
v 38.23113920940501 48.09177673193532 13.918017503116923
v 38.59482674787339 48.570334831692115 14.466711224480047
v 38.9489444103736 48.980051467992055 15.01994853200794
v 38.9489444103736 48.980051467992055 48.980051467992055
v 38.59482674921437 48.5703348297388 49.53328877603755
v 38.23113920940501 48.09177673193532 50.08198249688307
v 38.282277743706935 49.10576256769313 14.894237432306868
v 38.59482674833787 49.533288775187124 15.429665167631477
v 38.89780587607167 49.962382387331346 16.042541857441247
v 38.89780587607167 49.962382387331346 47.95745814255875
v 38.594826748707945 49.53328877560511 48.570334832158565
v 38.282277743706935 49.10576256769313 49.10576256769313
v 38.23113920940501 50.08198249688307 15.908223268064683
v 38.49470771980238 50.520524891002516 16.49878807398648
v 38.74389658352783 50.91088972059604 17.114065716893137
v 38.74389658352783 50.91088972059604 46.885934283106856
v 38.49470772094875 50.52052489240153 47.501211926504965
v 38.23113920940501 50.08198249688307 48.09177673193532
v 38.07722991686116 51.02600552524072 16.96738417360264
v 38.37721872862237 51.410058162023745 17.576480930560024
v 38.57511963050629 51.829190257740414 18.257563644529576
v 38.57511962444718 51.8291902579662 45.74243635399834
v 38.37721872905997 51.41005816387791 46.42351907117485
v 38.07722991686116 51.02600552524072 47.032615826397354
v 38.4301305426693 52.19401058435535 18.728110146075554
v 38.57903628598019 52.592529031388274 19.42477533948826
v 38.769599270803326 52.92777476740779 20.129702836514433
v 38.769599270803326 52.92777476740779 43.87029716348557
v 38.57903628292049 52.5925290328959 44.57522466111534
v 38.43013054233344 52.194010585780944 45.27188985676884
v 38.10293260413666 53.031484918150916 19.946221654780192
v 38.38024660153856 53.32771260569685 20.606199650016467
v 38.59898320841577 53.6663188004081 21.39609016379466
v 38.79528156798888 53.9388624205323 22.139732564272766
v 38.79528156798888 53.9388624205323 41.86026743572723
v 38.598983207369734 53.66631880084061 42.60390983371223
v 38.380246599454686 53.327712605174156 43.39380035007901
v 38.10293260413666 53.031484918150916 44.053778345219804
v 38.128614901322216 54.0376216114346 21.920129180453074
v 38.37350427580893 54.291263007530745 22.626733865033906
v 38.50189484818901 54.604525677292756 23.498093870191404
v 38.62073399904863 54.887160254059125 24.40232778249054
v 38.9489444103736 54.9854443332431 25.051055589626394
v 38.9489444103736 54.9854443332431 38.9489444103736
v 38.62073399886636 54.887160253332965 39.59767221895658
v 38.5018948474103 54.60452567761052 40.50190613040484
v 38.37350427452367 54.29126300819184 41.373266134659154
v 38.128614901322216 54.0376216114346 42.079870819546926
v 38.35310333807624 55.07157805668771 24.752258450125442
v 38.44516637869757 55.28883681261212 25.554833621692712
v 38.50433621612166 55.514032789731246 26.49619319649682
v 38.499021320113265 55.728170958446775 27.500465358338133
v 38.649486036336654 55.83396524105019 28.38032596146934
v 38.8481023345413 55.91150908890493 29.43294886056229
v 38.90421635582511 55.973875842294085 30.5
v 38.9744825983618 55.99304073850159 31.333333333333332
v 38.9744825983618 55.99304073850159 32.666666666666664
v 38.90421635582511 55.973875842294085 33.5
v 38.848102335642594 55.911509088685804 34.56705114063677
v 38.649486036377525 55.83396524117138 35.61967403929708
v 38.49902132053014 55.7281709581743 36.499534641989435
v 38.50433621632175 55.51403278968315 37.50380680342913
v 38.445166376783654 55.2888368131491 38.44516637810003
v 38.35310333977386 55.07157805735955 39.247741551907325
v 38.10293260413666 56.02769294026141 28.809295145274575
v 38.15694226024144 56.112645201912464 29.56652939117427
v 38.36039135203669 56.14372493336194 30.586557054357314
v 38.482249710959316 56.15062655237763 31.54047089730725
v 38.48224971096375 56.150626552376714 32.45952910269207
v 38.3603913520452 56.14372493336028 33.41344294562893
v 38.15694225933788 56.11264520195778 34.433470609454005
v 38.10293260413666 56.02769294026141 35.190704854725425
v 39.0 8.0 32.0
v 39.0 8.0 32.0
v 38.780870535170266 8.637084281307732 26.526577696610534
v 39.05222873917579 8.639100874930747 26.647996567440572
v 39.507948921770314 8.572553547645384 27.49489627973435
v 39.502040539594795 8.3998346019925 28.498722973657664
v 39.498667378162615 8.27174548133267 29.500176291730497
v 39.496950885612726 8.187000883501815 30.500434326626745
v 39.49581362974524 8.144653562222707 31.50068023704525
v 39.49581362974786 8.144653562223365 32.49931976295015
v 39.49695088560982 8.18700088350281 33.49956567339692
v 39.49866737813949 8.271745481328903 34.49982370834227
v 39.50204053967771 8.399834602008074 35.50127702622262
v 39.507948921764395 8.572553547620473 36.505103720251185
v 39.38759254467563 8.725264137008352 37.39558635559729
v 39.247741549092936 8.928421943306711 38.35310333745472
v 39.827351664787365 9.767424458241827 23.66020160788054
v 39.565108082013424 9.394367712301264 24.436617327830046
v 39.50300270368281 9.373577847757522 25.069575374339937
v 39.851819106031286 9.029136250042942 26.120872314434166
v 39.91150333187126 9.029136250042942 37.879127685565834
v 39.59767221738419 9.11283974631051 38.62073399911676
v 39.499805513041345 9.349878188412754 39.49980551304106
v 39.41968348118853 9.650793483830308 40.41965430020894
v 39.244836665204595 9.917420190590825 41.193600769060566
v 39.99304073850159 10.933269501716474 22.97448259836181
v 39.88152380731486 10.213645706040483 23.457559497547322
v 39.52965474588595 10.194066471892812 24.485307356423853
v 39.253857375471995 10.344828681682003 25.187174371225904
v 39.91150333187126 10.030517023834456 40.92197795983242
v 39.641719197622805 10.22187788022618 41.62755219546219
v 39.49792549150116 10.576047853016222 42.503702420093816
v 39.445080315241064 10.901827681828454 43.16500145173267
v 39.973875842294085 11.5 22.904216355825117
v 39.81299911649683 11.499565673327224 23.496950885546894
v 39.470979388634284 11.501440461547348 24.50692791256737
v 39.189706525322904 11.454504995781022 25.241705891293616
v 39.97790287700759 11.007997902158639 42.984254949547775
v 39.653666179506914 11.19840888661597 43.58143126785879
v 39.39271695777277 11.580701321727043 44.402746341464116
v 39.156053147739335 11.942323545883257 45.08710759839958
v 39.91150908873231 12.567051139656705 22.848102335321567
v 39.7282545186815 12.499823708482282 23.498667378295014
v 39.38402953679871 12.503489350299066 24.510712105916152
v 39.160189407868835 12.460332708455498 25.098627818066387
v 39.822719814406 12.067520152735867 44.894061344945015
v 39.61290309599353 12.444232257465183 45.6044987488968
v 39.460934825331954 12.833405340333217 46.22151212359577
v 39.97910424924104 13.857371521392093 21.909382405719615
v 39.83396524114259 13.619674038745819 22.649486036647758
v 39.60016539798925 13.501277026312179 23.502040539773493
v 39.274409122049455 13.465039460366592 24.471629868718022
v 39.0432416356558 13.285828801250895 25.105809022456686
v 39.63005508652599 13.235432323268823 46.66413687739644
v 39.36700877331451 13.699185825044244 47.36873328237212
v 39.99304073850159 14.963081815665507 20.963081815665507
v 39.93421611509953 14.62011242422144 21.584888076355615
v 39.72817095835967 14.499534642368221 22.499021320325593
v 39.427446452355554 14.505103719844238 23.507948922027257
v 39.15225427518081 14.373148008338925 24.379109602331862
v 39.54078666313899 14.158559663642825 47.8140993423618
v 39.32496937300868 14.612499149402918 48.41671092569088
v 39.97910424924104 15.909382405719615 19.857371521392093
v 39.934216115091054 15.58488807586052 20.620112423722198
v 39.77057688327277 15.498640073576913 21.498640073774997
v 39.514032789775335 15.503806803851008 22.504336215772458
v 39.27473586307016 15.395586355083587 23.38759254514647
v 39.05042960018612 15.212461018899166 24.137803282674632
v 39.51292783450046 15.135659027179987 48.86434097090509
v 39.324969374543585 15.583289073338992 49.38750084930847
v 39.97212705122385 16.941745000819132 13.953694736935716
v 39.973875842294085 16.93717069938571 14.5
v 39.9947805538762 16.98086194877136 15.5
v 39.9947805538762 16.98086194877136 16.5
v 39.973875842294085 16.904216355825117 17.5
v 39.91150908872783 16.84810233546346 18.567051139810296
v 39.833965241131786 16.64948603655297 19.619674038425096
v 39.72817095835936 16.49902132007989 20.499534641733515
v 39.51403278977735 16.504336216108648 21.503806803527713
v 39.288836812978076 16.445166378441908 22.445166377557545
v 39.07157805674535 16.353103338257803 23.247741552442346
v 39.54078665754851 16.185900658214415 49.84144033659336
v 39.36700877714604 16.631266716642195 50.30081417394823
v 39.950941399230345 17.953566995614565 12.96533909507626
v 40.048885096558394 16.90378497675557 13.97553257717782
v 39.812999116497735 17.496950885582216 14.500434326603122
v 39.85518583837334 17.496258154386755 15.500188461561818
v 39.85518583837325 17.49625815438866 16.499811538437836
v 39.81299911649567 17.4969508855892 17.499565673457635
v 39.72825451866368 17.49866737800856 18.499823707889853
v 39.60016539798679 17.502040540037985 19.50127702640359
v 39.42744645235897 17.507948921762218 20.50510371996832
v 39.2747358630748 17.38759254503492 21.395586355451474
v 39.071578056470386 17.247741548627136 22.353103333420442
v 39.63005508475367 17.335863124504115 50.764567676137
v 39.46093482124041 17.778487880805834 51.16659466092335
v 36.98831703422578 22.75880763190153 8.805060834430453
v 39.42125452456067 18.156188684409546 12.60697377363316
v 39.419888638388045 18.404784960971288 13.037701917733372
v 39.470979388635385 18.506927912594296 14.49855953876568
v 39.514235142757535 18.50519774656652 15.499619142375593
v 39.514235142759254 18.505197746567287 16.500380857624275
v 39.47097938863182 18.5069279125789 17.501440461151844
v 39.38402953678544 18.510712105961552 18.50348935066995
v 39.27440912203632 18.471629869189393 19.465039461798412
v 39.152254275136535 18.379109602088597 20.373148009779413
v 39.05042960018612 18.137803282674632 21.212461018899166
v 39.61290309443575 18.39550124977002 51.555767742049966
v 39.156053147739335 18.91289240160042 52.057676454116745
v 39.18965583812637 19.2573170194945 11.791737264851633
v 39.84715729394117 17.758456701094588 13.213929086843086
v 39.21030587567293 18.92886135530347 13.368467241276704
v 39.18970652532935 19.241705891284123 14.545495004230716
v 39.20035334376651 19.319262779152634 15.518624235888955
v 39.20035334376374 19.319262779153814 16.48137576411436
v 39.18970652532788 19.241705891285847 17.45450499577117
v 39.160189407852975 19.098627818127234 18.460332708431064
v 39.0432416356558 19.10580902245669 19.285828801250894
v 39.822719814406 19.105938655054985 51.93247984726413
v 39.3927169569872 19.5972536604763 52.419298680204136
v 39.44508031558442 20.83499855003532 10.90182768391342
v 39.982418574743434 20.7296988174534 11.176471362362744
v 39.653666180482624 20.41856873315571 52.80159111344129
v 39.445080312732806 20.834998558138206 53.09817231529455
v 39.497925492017984 21.496297579801766 10.576047853501985
v 39.97790287700759 21.015745050452217 11.007997902158639
v 39.97790287700759 21.015745050452217 52.99200209784136
v 39.49792549173581 21.496297577669157 53.42395214658008
v 39.244836665204595 22.806399230939434 9.917420190590825
v 39.641719197536574 22.37244780500934 10.22187788006333
v 39.64171919722219 22.372447806644768 53.778122119363246
v 39.244836665204595 22.806399230939434 54.082579809409175
v 39.419683481438376 23.58034570000391 9.650793483829563
v 39.91150333187126 23.078022040167582 10.030517023834456
v 39.91150333187126 23.078022040167582 53.96948297616554
v 39.419683479602334 23.58034569954731 54.34920651650429
v 39.49980551299128 24.500194486957874 9.349878188546187
v 39.49980551380547 24.500194486434612 54.650121811686745
v 39.247741549389325 25.646896663425903 8.928421943360247
v 39.59767221742703 25.379266000658788 9.112839746483411
v 39.597672217069906 25.379266000537015 54.88716025334895
v 39.247741548206875 25.646896662651425 55.07157805558911
v 39.387592544677126 26.60441364416145 8.72526413698004
v 39.91150333187126 26.120872314434166 9.029136250042942
v 39.91150333187126 26.120872314434166 54.97086374995706
v 39.38759254464831 26.60441364603665 55.27473586287363
v 39.5079489217871 27.49489627975406 8.57255354765055
v 39.507948921873485 27.494896279552215 55.427446452226484
v 39.5020405396235 28.49872297367815 8.399834601998322
v 39.50204053968311 28.498722973605858 55.60016539796313
v 39.49866737816209 29.500176291730106 8.271745481332614
v 39.49866737798634 29.50017629179457 55.728254518648555
v 39.496950885612605 30.500434326626824 8.187000883501808
v 39.49695088557272 30.500434326596515 55.812999116497934
v 39.0 32.0 8.0
v 39.49581362974459 31.500680237042317 8.1446535622226
v 39.49581362975624 31.50068023706981 55.855346437776525
v 39.0 32.0 56.0
v 39.0 32.0 8.0
v 39.49581362974614 32.49931976295705 8.144653562223139
v 39.495813629761884 32.499319762925964 55.855346437773704
v 39.0 32.0 56.0
v 39.496950885609806 33.499565673396894 8.18700088350262
v 39.49695088564907 33.499565673347966 55.81299911649704
v 39.49866737814006 34.49982370834239 8.271745481328745
v 39.49866737830862 34.499823708183506 55.72825451862349
v 39.50204053967777 35.50127702622295 8.399834602007699
v 39.50204053979786 35.50127702631134 55.60016539796287
v 39.50794892176504 36.50510372025144 8.572553547620384
v 39.50794892183547 36.505103719173356 55.42744645209654
v 39.387592544674625 37.39558635570243 8.72526413699045
v 39.91150333187126 37.879127685565834 9.029136250042942
v 39.91150333187126 37.879127685565834 54.97086374995706
v 39.38759254494245 37.395586355591576 55.274735862842824
v 39.24774154909977 38.35310333745857 8.92842194331062
v 39.59767221738324 38.62073399911524 9.112839746310666
v 39.59767221878116 38.62073399915019 54.887160253663126
v 39.24774154838305 38.35310333999672 55.07157805746238
v 39.49980551304123 39.49980551304123 9.349878188412793
v 39.49980551368331 39.49980551369665 54.65012181174431
v 39.419683480984546 40.41965429994967 9.650793483788885
v 39.91150333187126 40.92197795983242 10.030517023834456
v 39.91150333187126 40.92197795983242 53.96948297616554
v 39.41968347872652 40.41965429867008 54.34920651628964
v 39.244836665204595 41.193600769060566 9.917420190590825
v 39.641719197802196 41.6275521939854 10.221877880298093
v 39.641719198232266 41.627552195549114 53.77812212083842
v 39.244836665204595 41.193600769060566 54.082579809409175
v 39.49792549108857 42.50370242089313 10.576047853508964
v 39.97790287700759 42.984254949547775 11.007997902158639
v 39.97790287700759 42.984254949547775 52.99200209784136
v 39.49792548842449 42.50370242018064 53.42395214807291
v 39.44508031524016 43.16500145173168 10.901827681828204
v 39.65366617927114 43.58143126791087 11.198408886688236
v 39.65366617694379 43.581431268801964 52.80159111421737
v 39.44508031856729 43.165001459905234 53.098172321917026
v 39.39271695837364 44.40274634097191 11.580701321491949
v 39.822719814406 44.894061344945015 12.067520152735867
v 39.822719814406 44.894061344945015 51.93247984726413
v 39.3927169602796 44.40274634073783 52.41929867827186
v 39.156053147739335 45.08710759839958 11.942323545883257
v 39.61290309598805 45.6044987490939 12.444232257291581
v 39.61290309786453 45.60449874962169 51.55576774064991
v 39.156053147739335 45.08710759839958 52.057676454116745
v 39.46093482399862 46.22151212545797 12.83340533936404
v 39.630055087147674 46.664136875388024 13.235432323470235
v 39.63005508158636 46.66413687902841 50.76456767647423
v 39.46093483536525 46.221512124896854 51.16659465838906
v 39.3670087735674 47.36873328237327 13.699185825382061
v 39.54078666241043 47.81409934251955 14.15855966472221
v 39.540786659295634 47.814099339976124 49.84144033136915
v 39.367008768973164 47.36873328300508 50.30081417867238
v 39.32496937134913 48.41671092620566 14.612499151507306
v 39.51292783349645 48.86434097261766 15.135659024278407
v 39.51292782053553 48.864340968036636 48.86434096799959
v 39.32496937065947 48.41671092826166 49.38750085189515
v 39.324969373275955 49.38750085002724 15.583289074261373
v 39.540786657742 49.84144033649335 16.185900658309908
v 39.54078665979093 49.84144033121296 47.814099345227206
v 39.324969370198566 49.387500852378494 48.41671092635444
v 39.36700877623893 50.30081417421509 16.63126671824833
v 39.63005508648031 50.76456767582548 17.335863123322543
v 39.630055084965136 50.764567674953625 46.66413687638991
v 39.36700877290188 50.300814175802365 47.368733278853924
v 39.46093482797693 51.166594658630075 17.778487874420218
v 39.61290309227254 51.55576774320562 18.395501251290014
v 39.822719814406 51.93247984726413 19.105938655054985
v 39.822719814406 51.93247984726413 44.894061344945015
v 39.61290309786453 51.55576774171952 45.60449874904296
v 39.46093481860486 51.16659466161754 46.221512124496414
v 39.156053147739335 52.057676454116745 18.91289240160042
v 39.39271695663165 52.41929868006146 19.597253660497966
v 39.65366618049264 52.8015911135926 20.418568731973913
v 39.97790287700759 52.99200209784136 21.015745050452217
v 39.97790287700759 52.99200209784136 42.984254949547775
v 39.6536661782137 52.8015911150947 43.581431267547316
v 39.392716957970045 52.41929867660669 44.40274634078671
v 39.156053147739335 52.057676454116745 45.08710759839958
v 39.445080312726915 53.09817231529455 20.834998558138206
v 39.49792549116552 53.42395214679053 21.496297578317407
v 39.64171919675001 53.77812212108804 22.372447804641983
v 39.91150333187126 53.96948297616554 23.078022040167582
v 39.91150333187126 53.96948297616554 40.92197795983242
v 39.64171919679331 53.77812212132784 41.62755219324251
v 39.49792549098367 53.42395214633623 42.50370242182908
v 39.445080318562304 53.098172321894694 43.16500145995333
v 39.244836665204595 54.082579809409175 22.806399230939434
v 39.419683479570864 54.34920651668057 23.58034570222327
v 39.49980551380197 54.65012181168762 24.50019448643895
v 39.59767221804935 54.88716025362439 25.379265999441156
v 39.91150333187126 54.97086374995706 26.120872314434166
v 39.91150333187126 54.97086374995706 37.879127685565834
v 39.59767221879358 54.88716025366218 38.620733999166994
v 39.49980551173471 54.6501218116832 39.4998055114324
v 39.41968348032582 54.34920651612054 40.41965429833335
v 39.244836665204595 54.082579809409175 41.193600769060566
v 39.24774155134572 55.071578056624894 25.64689666152389
v 39.38759254447356 55.27473586296034 26.604413644928954
v 39.50794892161344 55.42744645248223 27.494896279884152
v 39.502040540041186 55.600165397863286 28.49872297343919
v 39.49866737799175 55.728254518647894 29.500176291797064
v 39.49695088558536 55.812999116497394 30.50043432659448
v 39.49581362975771 55.85534643777649 31.500680237069293
v 39.495813629760974 55.855346437773946 32.499319762925445
v 39.49695088552279 55.812999116488065 33.499565673389064
v 39.49866737835203 55.72825451868625 34.49982370855937
v 39.50204053979503 55.60016539796409 35.50127702630614
v 39.507948921824614 55.42744645210027 36.50510371916315
v 39.38759254488658 55.274735862760735 37.39558635493394
v 39.247741548388056 55.07157805745518 38.35310333999583
v 39.0 56.0 32.0
v 39.0 56.0 32.0
v 40.137803282674625 8.949570399813876 26.78753898110083
v 40.37910960163267 8.847745724773537 27.62685199166676
v 40.47162986900975 8.72559087799252 28.534960539003485
v 40.51071210597588 8.615970463208814 29.496510649766254
v 40.5069279125622 8.529020611360323 30.4985595386673
v 40.50519774655397 8.48576485723965 31.499619142389175
v 40.505197746554224 8.48576485723956 32.50038085761254
v 40.50692791257743 8.529020611366 33.50144046131154
v 40.510712105954084 8.615970463206981 34.50348935016396
v 40.471629869013725 8.72559087799427 35.46503946099944
v 40.37910960197379 8.847745724898555 36.37314800832423
v 40.137803282674625 8.949570399813876 37.21246101889916
v 40.28466908747994 9.911755336717295 23.715330917293507
v 40.41965430036571 9.650793483858443 24.580316519002526
v 40.5019061303979 9.395474322545306 25.498105151230956
v 40.64157766501649 9.21949326454557 26.365977376265743
v 40.88488801539418 9.066450436565491 27.487938597810174
v 40.98051841016258 9.007274711070119 28.047504532082435
v 40.98051841016258 9.007274711070119 35.95249546791756
v 40.8848880151022 9.066450436712076 36.51206140314066
v 40.64157766473795 9.219493264559164 37.63402262308386
v 40.50190613072575 9.39547432270884 38.50189484881943
v 40.41965429994601 9.650793483871281 39.41968348057101
v 40.28466908368195 9.911755337135165 40.28466908368195
v 40.93352686980242 10.976377422649183 21.952040119397758
v 40.194357218677865 10.270003581110284 23.14761791179064
v 40.251404338470564 10.107464333184806 23.3607011324432
v 40.92197795983242 10.030517023834456 24.088496668128734
v 40.92197795983242 10.030517023834456 39.91150333187126
v 40.6181266314492 10.163427907332022 40.6181266314492
v 40.508941540836396 10.489257734387328 41.50958854321571
v 40.413901510165616 10.88055885393128 42.420848267828156
v 41.0 12.0 20.0
v 40.622329943345186 11.595384868487152 20.39110603441436
v 40.69667786677871 11.682157312161422 20.748553089325355
v 40.28815107168495 11.196328966312798 22.107768119584883
v 40.54860920807114 11.059251152898826 42.66695453573932
v 40.51090461578966 11.491567387765214 43.51300014759912
v 40.494256788121284 11.900686250392914 44.21378448106514
v 40.758505115824306 12.700586418597739 18.7387755904655
v 40.72858694598427 12.413278278498376 19.120835841442986
v 40.57341761146929 11.95658397740306 20.581181163364853
v 40.369332326711614 12.195094154036507 21.208805607641544
v 40.112645201797854 12.433470608438059 22.15694225977806
v 40.66142888977047 12.19195526720829 44.57229798798516
v 40.35793209183132 12.612093748611876 45.404760659201315
v 40.07883776795185 12.96533909507626 46.04643300438543
v 40.686344329140915 13.854505565382404 17.187162798282674
v 40.75205083679555 13.020715083294794 18.71515868332444
v 40.607769456066734 13.186671115319609 19.186671115391537
v 40.3504655398525 13.503182664569175 20.50402255360003
v 40.190441938671604 13.384058019918587 21.362766269722904
v 40.0276929402614 13.190704854725427 22.10293260413666
v 40.745504434618525 13.115987630037552 45.84040537673495
v 40.496726576949975 13.480754753933386 46.50141997058641
v 40.23576604468048 13.890816222426189 47.130010278750945
v 40.585822174957585 14.61012806009242 16.219078141989893
v 40.68480367508218 14.000777690689834 17.006025213377097
v 40.47388913671647 14.502530216839492 18.501474278792003
v 40.3504655398528 14.50402255349301 19.50318266446656
v 40.203429906526196 14.452604245380142 20.45260424552218
v 40.05287599545989 14.39041442508898 21.23397666524206
v 40.902432711347146 14.047041744530251 46.94308475070889
v 40.65011271664042 14.472563040034409 47.602985893534196
v 40.46207966336965 14.872561823168887 48.13255051070333
v 40.44787276254477 15.349966712753991 15.349966712755254
v 40.55811068104528 15.25497941709526 16.029104339652967
v 40.35049286738525 15.504815411898608 17.501394311642656
v 40.26769293921787 15.506406530655052 18.503026574447034
v 40.190441938675676 15.362766269779666 19.38405801961431
v 40.05287599549797 15.233976665004192 20.390414424868453
v 40.98051841016258 15.009970070804032 47.989377878582275
v 40.70518301858134 15.420495114536063 48.579504885213524
v 40.4620796578512 15.86744949353411 49.12743818187242
v 39.18664781262536 19.28613640974889 11.52684820653818
v 40.429888210403085 16.237613286645605 14.696391125735232
v 40.42570911079842 15.994325459526888 15.246899058503043
v 40.220350196904654 16.256710944720275 16.234872985793753
v 40.14372493337395 16.360391352022482 17.413442945716515
v 40.112645201804504 16.156942259752537 18.433470608445703
v 40.0276929402614 16.10293260413666 19.190704854725425
v 40.98051841016258 16.01062212141772 48.99002992919597
v 40.65011271542145 16.39701410531838 49.52743696110179
v 40.23576604468048 16.86998972124906 50.10918377757381
v 40.07883776795185 17.953566995614565 12.96533909507626
v 40.07228809537587 17.632933114766754 13.234315099978922
v 40.81484756063538 17.05691524929111 14.047041744530251
v 40.902432711347146 17.05691524929111 49.95295825546975
v 40.496726578096066 17.49858003063843 50.51924524732072
v 40.07883776795185 17.953566995614565 51.03466090492374
v 40.357932092449 18.595239341623653 12.61209374893782
v 40.745504434618525 18.159594623265043 13.115987630037552
v 40.745504434618525 18.159594623265043 50.88401236996245
v 40.3579320915606 18.595239341212544 51.38790625152207
v 40.494256797678595 19.786215524808494 11.900686248599698
v 40.661428889846434 19.42770201174186 12.191955267385433
v 40.661428888831175 19.427702011131917 51.808044733635896
v 40.49425678189669 19.78621552611513 52.099313755096794
v 40.51090461554387 20.486999852304706 11.491567387953948
v 40.51090461615144 20.48699985219553 52.508432611997186
v 40.4139015093153 21.579151731597104 10.880558854406829
v 40.5486092090211 21.333045463298685 11.059251152639778
v 40.54860920558036 21.33304546603128 52.94074884713426
v 40.41390150835699 21.579151734725308 53.11944114537568
v 40.508941540625706 22.490411456911918 10.489257734487241
v 40.508941541944736 22.490411457890367 53.51074226437603
v 40.28466908242517 23.71533091545135 9.911755335937752
v 40.618126630177386 23.381873367624895 10.163427906740571
v 40.61812663322938 23.381873364355954 53.836572092600726
v 40.28466908188971 23.715330918866393 54.088244665844186
v 40.41965429982751 24.580316518869125 9.650793483760939
v 40.92197795983242 24.088496668128734 10.030517023834456
v 40.92197795983242 24.088496668128734 53.96948297616554
v 40.41965430138592 24.580316517874774 54.34920651590985
v 40.50190613039823 25.498105151231105 9.395474322545386
v 40.50190613161564 25.49810515100613 54.60452567716299
v 40.137803282674625 26.78753898110083 8.949570399813876
v 40.64157766501201 26.365977376271363 9.219493264549655
v 40.64157766463544 26.365977376515414 54.78050673535353
v 40.137803282674625 26.78753898110083 55.05042960018612
v 40.37910960188996 27.626851991852217 8.847745724830348
v 40.884888015385734 27.487938597665806 9.066450436524091
v 40.88488801652137 27.48793859574762 54.933549563430155
v 40.37910960202994 27.62685199318382 55.1522542751143
v 40.47162986910112 28.534960539109 8.725590878014083
v 40.98051841016258 28.047504532082435 9.007274711070119
v 40.98051841016258 28.047504532082435 54.992725288929876
v 40.47162986881874 28.534960539006224 55.274409122093395
v 40.510712105934616 29.496510649724094 8.61597046319918
v 40.51071210595036 29.49651064961857 55.384029536887596
v 40.50692791256718 30.498559538673295 8.52902061136179
v 40.50692791257828 30.49855953896734 55.4709793886449
v 40.50519774655343 31.499619142388692 8.485764857239593
v 40.50519774655298 31.49961914239162 55.514235142761024
v 40.505197746554025 32.50038085761221 8.485764857239891
v 40.50519774656257 32.500380857604185 55.51423514275863
v 40.5069279125769 33.501440461338326 8.529020611364057
v 40.50692791262866 33.50144046159368 55.470979388612285
v 40.5107121059574 34.50348935021935 8.615970463213635
v 40.51071210582874 34.503489350964294 55.38402953687702
v 40.47162986903024 35.4650394608382 8.725590878019519
v 40.98051841016258 35.95249546791756 9.007274711070119
v 40.98051841016258 35.95249546791756 54.992725288929876
v 40.47162986918408 35.46503946056805 55.274409121829095
v 40.37910960196196 36.37314800813516 8.847745724872816
v 40.88488801499616 36.512061402730765 9.066450436196403
v 40.88488801688369 36.51206140370189 54.93354956353797
v 40.37910960221181 36.37314800735572 55.15225427509443
v 40.137803282674625 37.21246101889916 8.949570399813876
v 40.64157766473302 37.634022623860666 9.21949326457439
v 40.641577663431306 37.634022622523574 54.780506735293095
v 40.137803282674625 37.21246101889916 55.05042960018612
v 40.5019061307037 38.501894848693674 9.39547432259434
v 40.50190613039256 38.501894848816576 54.604525677632644
v 40.41965429996647 39.41968348100093 9.650793483792896
v 40.92197795983242 39.91150333187126 10.030517023834456
v 40.92197795983242 39.91150333187126 53.96948297616554
v 40.4196542979381 39.419683479095816 54.349206516413325
v 40.284669083686914 40.284669083686914 9.911755337135638
v 40.61812663144038 40.61812663144038 10.163427907329817
v 40.61812662962539 40.6181266307374 53.83657209350727
v 40.2846690798405 40.2846690798405 54.0882446620574
v 40.50894154087971 41.5095885433523 10.48925773439159
v 40.508941539960304 41.509588542140584 53.51074226606309
v 40.41390151004869 42.42084826925249 10.88055885418405
v 40.548609208114506 42.66695453662764 11.059251152589194
v 40.54860920338623 42.66695453256257 52.94074884581425
v 40.41390150877824 42.42084826783208 53.11944114406403
v 40.51090461578909 43.513000147598504 11.491567387765052
v 40.510904617496344 43.5130001444708 52.50843261151777
v 40.494256788121966 44.21378448106384 11.900686250392564
v 40.66142889056297 44.57229798691548 12.191955266724646
v 40.66142889242458 44.57229798474969 51.80804473355947
v 40.49425677233724 44.21378447975721 52.09931375330956
v 40.357932090988555 45.4047606591159 12.612093749066872
v 40.745504434618525 45.84040537673495 13.115987630037552
v 40.745504434618525 45.84040537673495 50.88401236996245
v 40.35793209064683 45.40476065905236 51.3879062522062
v 40.07883776795185 46.04643300438543 12.96533909507626
v 40.496726578123805 46.50141996799751 13.480754753867732
v 40.902432711347146 46.94308475070889 14.047041744530251
v 40.902432711347146 46.94308475070889 49.95295825546975
v 40.496726576498254 46.50141996969489 50.51924524479659
v 40.07883776795185 46.04643300438543 51.03466090492374
v 40.23576604468048 47.130010278750945 13.890816222426189
v 40.65011271500828 47.602985895817994 14.472563040474547
v 40.98051841016258 47.989377878582275 15.009970070804032
v 40.98051841016258 47.989377878582275 48.99002992919597
v 40.650112713693986 47.6029858966122 49.527436959753466
v 40.23576604468048 47.130010278750945 50.10918377757381
v 40.46207966336965 48.13255051070333 14.872561823168887
v 40.70518301869589 48.57950488457811 15.420495115850358
v 40.98051841016258 48.99002992919597 16.01062212141772
v 40.98051841016258 48.99002992919597 47.989377878582275
v 40.70518301882379 48.57950488545022 48.57950488527562
v 40.462079667259225 48.13255051637952 49.127438170828036
v 40.4620796578512 49.12743818187242 15.86744949353411
v 40.650112715176796 49.52743696065671 16.3970141049815
v 40.902432711347146 49.95295825546975 17.05691524929111
v 40.902432711347146 49.95295825546975 46.94308475070889
v 40.65011271906243 49.527436958590386 47.60298589438799
v 40.462079667271276 49.127438170755724 48.13255051645182
v 40.23576604468048 50.10918377757381 16.86998972124906
v 40.496726577231776 50.51924524714779 17.49858003050971
v 40.745504434618525 50.88401236996245 18.159594623265043
v 40.745504434618525 50.88401236996245 45.84040537673495
v 40.49672657650517 50.5192452464225 46.501419970073
v 40.23576604468048 50.10918377757381 47.130010278750945
v 40.07883776795185 51.03466090492374 17.953566995614565
v 40.35793209111332 51.387906251791364 18.595239340982367
v 40.66142888902312 51.8080447322649 19.427702010849384
v 40.66142888891769 51.80804473494201 44.57229798898688
v 40.357932090646386 51.38790625221128 45.40476065905186
v 40.07883776795185 51.03466090492374 46.04643300438543
v 40.49425678189976 52.09931375509833 19.78621552611571
v 40.510904616146554 52.50843261199795 20.48699985218488
v 40.54860920801085 52.94074884769732 21.333045459626078
v 40.54860920515333 52.94074884737786 42.66695454211093
v 40.51090461749327 52.50843261151486 43.51300014447871
v 40.49425677234218 52.099313753311094 44.21378447978855
v 40.41390150882758 53.11944114584018 21.57915173597004
v 40.508941540914925 53.51074226521283 22.490411458488566
v 40.618126632641484 53.83657209276702 23.381873365272494
v 40.92197795983242 53.96948297616554 24.088496668128734
v 40.92197795983242 53.96948297616554 39.91150333187126
v 40.61812663290072 53.83657209309071 40.618126632916606
v 40.50894153997298 53.51074226501847 41.50958854213321
v 40.41390151134003 53.119441146787175 42.42084826998494
v 40.28466908188875 54.088244665849 23.71533091887802
v 40.41965429940975 54.349206517205545 24.580316518930925
v 40.501906131613076 54.60452567716141 25.49810515100591
v 40.64157766430481 54.7805067356105 26.365977377642018
v 40.88488801701851 54.93354956265499 27.487938600042828
v 40.98051841016258 54.992725288929876 28.047504532082435
v 40.98051841016258 54.992725288929876 35.95249546791756
v 40.88488801690015 54.93354956411221 36.5120614053117
v 40.64157766519073 54.78050673612183 37.63402262775161
v 40.50190613104519 54.60452567672979 38.501894849962106
v 40.41965430040388 54.34920651615404 39.419683482507416
v 40.284669086065946 54.08824466468545 40.28466908514522
v 40.137803282674625 55.05042960018612 26.78753898110083
v 40.379109602005414 55.152254274987726 27.62685198966027
v 40.47162986899642 55.27440912188575 28.534960538413223
v 40.51071210597638 55.384029536834106 29.496510649594796
v 40.50692791257481 55.47097938864866 30.498559538720414
v 40.5051977465656 55.51423514275882 31.499619142391897
v 40.50519774656768 55.514235142758636 32.500380857604476
v 40.50692791253672 55.4709793886358 33.501440461048254
v 40.51071210582108 55.38402953683353 34.50348935027728
v 40.471629869566655 55.274409121845174 35.46503946240139
v 40.37910960228339 55.15225427463964 36.373148006008186
v 40.137803282674625 55.05042960018612 37.21246101889916
v 41.10580902245668 8.956758364344198 28.714171198749103
v 41.098627819112636 8.839810592235375 29.53966729155971
v 41.241705891377265 8.810293474685821 30.545495004524156
v 41.319262779167445 8.79964665623578 31.518624235926737
v 41.31926277916066 8.799646656232884 32.48137576407475
v 41.24170589136745 8.810293474681712 33.45450499555665
v 41.098627818940514 8.83981059219097 34.46033270818217
v 41.10580902245668 8.956758364344198 35.285828801250894
v 41.193600769060566 9.917420190590825 24.7551633347954
v 41.37326613356312 9.708736993079254 25.626495724403245
v 41.510580279029455 9.53340458702264 26.493146670875223
v 41.496502704561216 9.304221233360504 27.50094260650418
v 41.598981221466595 9.19182737967556 28.38765890394902
v 41.82532811472168 9.148833814268896 29.443182979490842
v 41.9264220935153 9.106777963764333 30.492132287504212
v 41.88226591753178 9.049179072657173 31.5
v 41.88226591753178 9.049179072657173 32.5
v 41.926422093512926 9.106777963760202 33.50786771239527
v 41.825328114774365 9.148833814255237 34.556817020439404
v 41.5989812213696 9.191827379654558 35.612341096175285
v 41.49650270446241 9.304221233339593 36.499057393665474
v 41.51058027882093 9.533404587162902 37.506853329307745
v 41.37326613359546 9.70873699298701 38.37350427514459
v 41.193600769060566 9.917420190590825 39.244836665204595
v 41.052966695046564 10.976377422649183 21.952040119397758
v 41.408504469622876 10.825203326987447 22.59149553030085
v 41.509588542750286 10.48925773444405 23.491058459039476
v 41.627552194370665 10.221877879880584 24.358280801844245
v 41.86026743572723 10.0611375794677 25.204718432011113
v 41.86026743572723 10.0611375794677 38.79528156798888
v 41.627552194991075 10.221877879934885 39.64171919775259
v 41.50958854307714 10.489257734351948 40.50894154070357
v 41.40850446998697 10.825203326385722 41.408504470735004
v 41.052966695046564 10.976377422649183 42.047959880602235
v 41.0 12.0 20.0
v 41.385175777410986 11.84627087160191 20.5454466502189
v 41.55481831085127 11.436960425581749 21.446529322466965
v 41.663377518505655 11.059725405683443 22.336622482440767
v 41.66337751715608 11.059725406167793 41.66337752052962
v 41.55481831022027 11.436960426077597 42.55347067802532
v 41.38517577745281 11.846270871849029 43.4545533498294
v 41.0 12.0 44.0
v 41.24610706119517 12.879150320936844 18.82626128993171
v 41.42687093817523 12.45548033804359 19.562931239911407
v 41.53741859173575 12.063203188157908 20.297725290465117
v 41.537418594556485 12.063203189516862 43.7022747100234
v 41.426870939261484 12.455480338233224 44.43706875986205
v 41.24610706119517 12.879150320936844 45.173738710068285
v 41.76068024504808 14.031137204363146 17.639172996894615
v 41.78165823829127 13.322583094111081 18.580618058749685
v 41.91277372786183 13.04446205673842 19.066130068062684
v 41.91277372786183 13.04446205673842 44.93386993193731
v 41.66509443513633 13.389296583150674 45.62624927962322
v 41.40579058862774 13.785062415535137 46.32178812505026
v 41.53168833023436 14.85854099251495 16.489449067579997
v 41.96494534732458 14.329706241359059 17.383365188058757
v 41.60989356790147 14.200030283921937 46.70305681083702
v 41.3168275612771 14.651651692051939 47.418233073139824
v 41.28933853966505 15.57966556577923 15.57966556577923
v 41.5742793291431 15.166072331188131 16.181458909933173
v 41.53657114740403 15.15032668497309 47.825823587194414
v 41.289338539284856 15.579665566994567 48.42033443367343
v 41.316827559371255 16.58176692591214 14.651651693698783
v 41.53657115051184 16.174176412018006 15.150326685458609
v 41.53657114492115 16.174176410764783 48.849673315974016
v 41.31682756153799 16.58176692771505 49.3483483054169
v 41.40579058858086 17.678211874526518 13.785062415220079
v 41.60989356849833 17.29694318787752 14.20003028481284
v 41.609893567358974 17.296943189710714 49.79996971369244
v 41.40579058855657 17.678211876172075 50.214937585945286
v 41.24610706119517 18.82626128993171 12.879150320936844
v 41.66509443590313 18.373750720875186 13.389296582870854
v 41.6650944352862 18.37375072206925 50.61070341723928
v 41.24610706119517 18.82626128993171 51.120849679063156
v 41.0 20.0 12.0
v 41.426870939496986 19.56293124007426 12.455480338258363
v 41.91277372786183 19.066130068062684 13.04446205673842
v 41.91277372786183 19.066130068062684 50.955537943261575
v 41.42687093941144 19.562931240267773 51.54451966099572
v 41.0 20.0 52.0
v 41.385175776496226 20.545446649842617 11.846270871487437
v 41.537418591735104 20.297725290464918 12.06320318815779
v 41.53741859775307 20.297725287922358 51.9367968119231
v 41.385175778630796 20.545446653886824 52.153729127144345
v 41.052966695046564 21.952040119397758 10.976377422649183
v 41.554818311301986 21.44652932281413 11.436960425756995
v 41.55481831017664 21.446529322501696 52.56303957484093
v 41.052966695046564 21.952040119397758 53.023622577350814
v 41.40850446987153 22.591495530510095 10.825203327109968
v 41.6633775187485 22.336622482618733 11.05972540579299
v 41.66337751622739 22.336622479124703 52.94027459648716
v 41.408504467877606 22.591495531076855 53.17479667361512
v 41.50958854275041 23.491058459039476 10.489257734444113
v 41.50958854345453 23.491058458229123 53.5107422647527
v 41.193600769060566 24.7551633347954 9.917420190590825
v 41.62755219486457 24.358280802137145 10.221877880003069
v 41.62755219455871 24.358280801989835 53.77812212059701
v 41.193600769060566 24.7551633347954 54.082579809409175
v 41.373266133406595 25.62649572431251 9.708736993037508
v 41.86026743572723 25.204718432011113 10.0611375794677
v 41.86026743572723 25.204718432011113 53.9388624205323
v 41.37326613459566 25.6264957229833 54.29126300731914
v 41.51058027911654 26.49314667093564 9.533404587044613
v 41.51058027857207 26.493146671465404 54.46659541303796
v 41.49650270436488 27.500942606348826 9.304221233301282
v 41.49650270425853 27.500942606775688 54.69577876670664
v 41.10580902245668 28.714171198749103 8.956758364344198
v 41.598981221236684 28.3876589036475 9.19182737959703
v 41.59898122143216 28.387658903875938 54.8081726205752
v 41.10580902245668 28.714171198749103 55.0432416356558
v 41.098627818738244 29.539667291198302 8.839810592130812
v 41.82532811471785 29.44318297949047 9.14883381426814
v 41.825328115355234 29.44318297623678 54.85116618562949
v 41.098627818381004 29.539667294765994 55.16018940776444
v 41.24170589136085 30.545495004519978 8.810293474673488
v 41.92642209352244 30.492132287537267 9.106777963764667
v 41.92642209355949 30.492132288356174 54.893222036133416
v 41.241705891348715 30.54549500476049 55.18970652532655
v 41.31926277916863 31.518624235927298 8.799646656235964
v 41.88226591753178 31.5 9.049179072657173
v 41.88226591753178 31.5 54.950820927342825
v 41.3192627791541 31.518624235836814 55.20035334377441
v 41.319262779160944 32.48137576407565 8.799646656233335
v 41.88226591753178 32.5 9.049179072657173
v 41.88226591753178 32.5 54.950820927342825
v 41.31926277913823 32.48137576416517 55.20035334377441
v 41.241705891344644 33.45450499557872 8.810293474653738
v 41.92642209353186 33.50786771235119 9.106777963764667
v 41.92642209382432 33.507867711179685 54.89322203601772
v 41.241705891327726 33.454504995486104 55.18970652540525
v 41.09862781896397 34.460332707902 8.839810592220845
v 41.82532811477048 34.55681702043704 9.148833814255285
v 41.82532811567493 34.55681702323138 54.851166185426024
v 41.098627819421694 34.46033270835042 55.160189407955734
v 41.10580902245668 35.285828801250894 8.956758364344198
v 41.59898122134998 35.612341095930425 9.191827379662024
v 41.59898122145632 35.61234109568277 54.80817262045733
v 41.10580902245668 35.285828801250894 55.0432416356558
v 41.49650270446254 36.499057393533164 9.304221233312198
v 41.49650270404167 36.49905739329646 54.69577876629011
v 41.510580278817606 37.50685332944462 9.53340458697859
v 41.5105802778986 37.50685332862945 54.466595413338226
v 41.3732661335973 38.37350427551207 9.708736993091659
v 41.86026743572723 38.79528156798888 10.0611375794677
v 41.86026743572723 38.79528156798888 53.9388624205323
v 41.37326613498721 38.37350427675204 54.29126300759468
v 41.193600769060566 39.244836665204595 9.917420190590825
v 41.6275521949641 39.64171919865555 10.221877880460035
v 41.62755219386101 39.64171919430049 53.77812212100324
v 41.193600769060566 39.244836665204595 54.082579809409175
v 41.50958854313094 40.5089415406676 10.489257734334661
v 41.50958854248443 40.5089415404137 53.510742265553866
v 41.40850446950265 41.40850447062423 10.825203326739182
v 41.66337751798561 41.66337751798561 11.059725405712642
v 41.66337751862565 41.66337751862565 52.940274593517785
v 41.408504467937554 41.408504473883795 53.174796670921346
v 41.052966695046564 42.047959880602235 10.976377422649183
v 41.554818310578995 42.553470677467644 11.436960425242363
v 41.554818310072086 42.55347068081843 52.56303957593097
v 41.052966695046564 42.047959880602235 53.023622577350814
v 41.38517577753409 43.45455335105232 11.846270871045895
v 41.53741859455608 43.70227471002297 12.063203189516742
v 41.537418597165 43.702274714098145 51.93679680686818
v 41.38517577772802 43.45455334639662 52.15372912706489
v 41.0 44.0 12.0
v 41.42687093965123 44.43706876016843 12.455480337135384
v 41.91277372786183 44.93386993193731 13.04446205673842
v 41.91277372786183 44.93386993193731 50.955537943261575
v 41.426870937992454 44.43706876143445 51.54451966186798
v 41.0 44.0 52.0
v 41.24610706119517 45.173738710068285 12.879150320936844
v 41.66509443431139 45.62624928111525 13.389296583462304
v 41.66509443337327 45.626249280840966 50.61070341828702
v 41.24610706119517 45.173738710068285 51.120849679063156
v 41.40579058822306 46.321788125458745 13.785062415655077
v 41.60989356816596 46.70305681047739 14.200030283987315
v 41.60989356859412 46.70305680850244 49.79996971692879
v 41.4057905807146 46.321788126052894 50.21493758428433
v 41.31682756047195 47.41823307327962 14.651651692906007
v 41.5365711472926 47.825823585351586 15.15032668562777
v 41.53657115430321 47.82582358335274 48.849673315928435
v 41.31682756074367 47.41823307303483 49.34834830820536
v 41.28933853921644 48.420334434543626 15.579665566902644
v 41.53657114546924 48.84967331321523 16.174176411254578
v 41.53657115464603 48.8496733163289 47.82582358367807
v 41.289338540859674 48.420334433758626 48.42033443399614
v 41.31682756154044 49.348348305412 16.58176692771505
v 41.609893567292936 49.79996971549578 17.29694318991161
v 41.60989356765557 49.79996971753758 46.70305680901636
v 41.31682756338845 49.34834830887216 47.418233073663686
v 41.4057905853285 50.21493758671313 17.678211878968398
v 41.66509443541947 50.61070341727465 18.37375072043074
v 41.91277372786183 50.955537943261575 19.066130068062684
v 41.91277372786183 50.955537943261575 44.93386993193731
v 41.66509443188409 50.61070341786522 45.62624927853809
v 41.40579058965281 50.21493758542818 46.32178811967484
v 41.24610706119517 51.120849679063156 18.82626128993171
v 41.42687093866929 51.54451966127633 19.562931240863342
v 41.53741859774652 51.936796811938784 20.29772528793267
v 41.53741859715277 51.93679680687881 43.70227471407836
v 41.42687093624062 51.544519664078166 44.437068760987934
v 41.24610706119517 51.120849679063156 45.173738710068285
v 41.0 52.0 20.0
v 41.385175778624046 52.1537291267653 20.5454466531665
v 41.55481830979559 52.563039575129004 21.446529321902663
v 41.663377516698695 52.94027459468729 22.336622480799235
v 41.663377511443336 52.940274596131395 41.66337752259071
v 41.55481831098787 52.563039573805916 42.553470675125126
v 41.385175778338976 52.15372912874473 43.45455335344597
v 41.0 52.0 44.0
v 41.052966695046564 53.023622577350814 21.952040119397758
v 41.408504471161656 53.17479667045589 22.591495530770686
v 41.5095885434612 53.51074226474752 23.491058458221463
v 41.62755219396352 53.77812212041073 24.358280803493543
v 41.86026743572723 53.9388624205323 25.204718432011113
v 41.86026743572723 53.9388624205323 38.79528156798888
v 41.62755219596651 53.77812211858686 39.64171919737765
v 41.509588542164444 53.510742265058745 40.50894154000346
v 41.40850446895685 53.17479667403425 41.40850446664907
v 41.052966695046564 53.023622577350814 42.047959880602235
v 41.193600769060566 54.082579809409175 24.7551633347954
v 41.3732661328955 54.29126300705334 25.626495723813182
v 41.510580278576995 54.46659541303467 26.493146671461027
v 41.496502704331 54.69577876652763 27.500942606483015
v 41.59898122182491 54.808172620440494 28.387658902896057
v 41.82532811534972 54.851166185628784 29.44318297623938
v 41.92642209355351 54.893222036130325 30.4921322883551
v 41.88226591753178 54.950820927342825 31.5
v 41.88226591753178 54.950820927342825 32.5
v 41.92642209381119 54.893222036022365 33.50786771117883
v 41.82532811571419 54.8511661854135 34.55681702323687
v 41.59898122129346 54.80817262010697 35.61234109711452
v 41.49650270447679 54.695778766499835 36.499057392895565
v 41.51058028000533 54.466595412662606 37.50685333079008
v 41.373266136072765 54.291263006223616 38.373504278170465
v 41.193600769060566 54.082579809409175 39.244836665204595
v 41.10580902245668 55.0432416356558 28.714171198749103
v 41.098627819151694 55.16018940743396 29.539667292477958
v 41.24170589122721 55.189706525412696 30.545495004929734
v 41.31926277914677 55.20035334377276 31.518624235837922
v 41.319262779144005 55.2003533437754 32.481375764164795
v 41.24170589131666 55.18970652541513 33.454504995114014
v 41.09862781950872 55.160189407981505 34.460332710289315
v 41.10580902245668 55.0432416356558 35.285828801250894
v 42.079870819546926 9.96237838856539 25.87138509867778
v 42.26223276351638 9.853571577550271 26.568131035771344
v 42.39675581266772 9.687582315363066 27.58779162287937
v 42.514803352927835 9.579559776543835 28.49431309266332
v 42.50473571937688 9.440882057647414 29.49829265950237
v 42.498633417035016 9.349383917278539 30.499830017024713
v 42.49577288353331 9.303914176803614 31.500076623866413
v 42.49577288353501 9.303914176804886 32.4999233761187
v 42.498633417030206 9.34938391727773 33.500169983024634
v 42.50473571936425 9.440882057665988 34.50170734053747
v 42.51480335295131 9.579559776542542 35.50568690699501
v 42.396755812903955 9.687582315508974 36.41220837657045
v 42.26223276302884 9.853571577264859 37.431868964677776
v 42.079870819546926 9.96237838856539 38.128614901322216
v 42.047959880602235 10.976377422649183 22.94703330495343
v 42.4208482680632 10.880558854619471 23.586098489659094
v 42.503702420019145 10.576047853184475 24.502074508570086
v 42.60390983471146 10.333681199171195 25.40101679294581
v 42.7466612750971 10.119482404773883 26.4294805948995
v 42.92114513183492 10.038162496564945 27.184889004473092
v 42.92114513183492 10.038162496564945 36.81511099552691
v 42.74666127564552 10.119482404537933 37.5705194065438
v 42.60390983461475 10.333681198977153 38.59898320769807
v 42.50370242051465 10.576047853020382 39.49792549125469
v 42.42084826765542 10.880558854817073 40.41390151115269
v 42.047959880602235 10.976377422649183 41.052966695046564
v 42.063921601276164 11.967004532431265 20.941591002356148
v 42.39511764680349 11.768933713608073 21.60488235280813
v 42.553470677482494 11.436960425487387 22.445181689464672
v 42.666954536504356 11.05925115235257 23.45139079149801
v 42.984254949547775 11.007997902158639 24.02209712299241
v 42.984254949547775 11.007997902158639 39.97790287700759
v 42.666954536915426 11.059251152837183 40.54860920921375
v 42.5534706775496 11.4369604253934 41.5548183108538
v 42.39511764683181 11.76893371432658 42.39511764800448
v 42.063921601276164 11.967004532431265 43.05840899764385
v 42.43036646542566 12.88521248166438 19.704938023130495
v 42.55981109903672 12.495935089375193 20.441350509054136
v 42.68800301337495 12.081278813352961 21.31199697988893
v 42.6880030177355 12.081278812309463 42.68800301306024
v 42.55981109900722 12.495935088988498 43.55864949179613
v 42.430366465022594 12.885212482811848 44.295061979562114
v 42.079870819546926 13.954384432126183 17.94198111128106
v 42.34853358707709 13.5868209909656 18.609128873765712
v 42.648051603275256 13.197946062116506 19.40780858655669
v 42.984254949547775 13.008877407970553 20.014364126304457
v 42.984254949547775 13.008877407970553 43.98563587369554
v 42.648051604107906 13.197946061680303 44.592191412132486
v 42.34853358799969 13.586820990681364 45.390871124351584
v 42.079870819546926 13.954384432126183 46.058018888718934
v 42.17530190383537 14.894237432306868 16.880777477281516
v 42.45673336436282 14.487884264057579 17.530016466584975
v 42.69761577348206 14.123139129306617 18.176662287640223
v 42.697615765111024 14.123139121435939 45.82333771512086
v 42.45673336436663 14.48788426636392 46.46998353235322
v 42.17530190383537 14.894237432306868 47.11922252271848
v 42.20701088300862 15.867639159124273 15.867639159124273
v 42.541187989151204 15.476206792679168 16.46875602020683
v 42.84196857050203 15.100075819855675 17.114065716893137
v 42.84196857050203 15.100075819855675 46.885934283106856
v 42.54118798950041 15.476206793075225 47.531243980697234
v 42.20701088300862 15.867639159124273 48.13236084087573
v 42.17530190383537 16.880777477281516 14.894237432306868
v 42.541187988515574 16.46875601979999 15.476206792471869
v 42.873677549675286 16.085225229516606 16.085225229516606
v 42.873677549675286 16.085225229516606 47.91477477048339
v 42.54118799173832 16.4687560179737 48.52379320570679
v 42.17530190383537 16.880777477281516 49.10576256769313
v 42.079870819546926 17.94198111128106 13.954384432126183
v 42.45673336361653 17.530016466378395 14.48788426382275
v 42.84196857050203 17.114065716893137 15.100075819855675
v 42.84196857050203 17.114065716893137 48.899924180144325
v 42.456733364143105 17.53001646892047 49.512115737903336
v 42.079870819546926 17.94198111128106 50.04561556787381
v 42.34853358687023 18.609128873790326 13.58682099098685
v 42.69761576889889 18.176662285890835 14.123139128139917
v 42.697615770621404 18.176662276819528 49.87686086498425
v 42.34853358763062 18.609128873513065 50.413179009720146
v 42.43036646742274 19.704938024152607 12.885212482195648
v 42.6480516039324 19.407808586826853 13.197946062219849
v 42.64805160226999 19.40780858752036 50.8020539387452
v 42.430366464545315 19.704938020746322 51.11478751852082
v 42.063921601276164 20.941591002356148 11.967004532431265
v 42.559811098215654 20.441350508697276 12.495935089113814
v 42.984254949547775 20.014364126304457 13.008877407970553
v 42.984254949547775 20.014364126304457 50.99112259202944
v 42.5598111000218 20.441350508344435 51.50406490916722
v 42.063921601276164 20.941591002356148 52.03299546756873
v 42.395117648003364 21.60488235345968 11.768933713923825
v 42.68800301731035 21.311996981901853 12.081278814504781
v 42.688003018923595 21.311996970379703 51.91872119085368
v 42.395117647281936 21.604882356848208 52.23106628587985
v 42.047959880602235 22.94703330495343 10.976377422649183
v 42.55347067699911 22.44518168920122 11.436960425356355
v 42.55347067877492 22.445181687159927 52.56303957445166
v 42.047959880602235 22.94703330495343 53.023622577350814
v 42.420848268063935 23.586098489659477 10.880558854619624
v 42.66695453650173 23.45139079149659 11.059251152351818
v 42.66695453764951 23.45139079123374 52.94074884675887
v 42.420848270141114 23.586098486556377 53.11944114509961
v 42.50370242084432 24.50207450918785 10.576047853458586
v 42.984254949547775 24.02209712299241 11.007997902158639
v 42.984254949547775 24.02209712299241 52.99200209784136
v 42.50370242007217 24.50207451137976 53.42395214746786
v 42.079870819546926 25.87138509867778 9.96237838856539
v 42.6039098345121 25.401016792816044 10.333681199144854
v 42.6039098349424 25.401016794027207 53.666318800636915
v 42.079870819546926 25.87138509867778 54.0376216114346
v 42.262232762909754 26.568131035621366 9.853571577333115
v 42.74666127507509 26.4294805946837 10.119482404613674
v 42.746661275800825 26.429480592704103 53.88051759461382
v 42.2622327623721 26.56813103193693 54.14642842405462
v 42.39675581288787 27.58779162299483 9.687582315459272
v 42.92114513183492 27.184889004473092 10.038162496564945
v 42.92114513183492 27.184889004473092 53.96183750343505
v 42.396755812810966 27.587791622629837 54.31241768460052
v 42.51480335303026 28.494313092939958 9.579559776595453
v 42.514803352615985 28.49431309280706 54.420440223792305
v 42.504735719377216 29.498292659502425 9.44088205764758
v 42.50473571930111 29.49829265926679 54.55911794235711
v 42.4986334170355 30.49983001702437 9.349383917278503
v 42.49863341700379 30.499830017133537 54.650616082744165
v 42.495772883533625 31.50007662388964 9.303914176804065
v 42.49577288353268 31.50007662393685 54.696085823197734
v 42.495772883533995 32.499923376141446 9.30391417680439
v 42.495772883534165 32.499923376202354 54.696085823199645
v 42.498633417034384 33.500169982962845 9.349383917280726
v 42.4986334170112 33.50016998276194 54.650616082706705
v 42.50473571935355 34.50170734053141 9.440882057638374
v 42.50473571947047 34.5017073408477 54.55911794227559
v 42.514803352925 35.50568690725741 9.57955977652787
v 42.51480335315662 35.50568690749747 54.420440223340435
v 42.396755812915806 36.412208377709 9.687582315459514
v 42.92114513183492 36.81511099552691 10.038162496564945
v 42.92114513183492 36.81511099552691 53.96183750343505
v 42.39675581377763 36.41220837601251 54.31241768464828
v 42.26223276298659 37.43186896493516 9.853571576634247
v 42.746661275651924 37.570519404667365 10.119482405487968
v 42.746661277274676 37.57051940147125 53.880517592287795
v 42.262232761030816 37.43186896346802 54.14642842279662
v 42.079870819546926 38.128614901322216 9.96237838856539
v 42.60390983461247 38.59898320698322 10.333681199261834
v 42.603909835053436 38.598983205377515 53.66631880064308
v 42.079870819546926 38.128614901322216 54.0376216114346
v 42.503702420447944 39.497925490566686 10.576047853938855
v 42.984254949547775 39.97790287700759 11.007997902158639
v 42.984254949547775 39.97790287700759 52.99200209784136
v 42.503702419849475 39.497925488116756 53.423952147651825
v 42.420848268163894 40.4139015090116 10.880558853904837
v 42.66695453693782 40.54860920840928 11.05925115266959
v 42.66695453279004 40.548609203602396 52.94074884609649
v 42.4208482675917 40.41390150854924 53.11944114376303
v 42.047959880602235 41.052966695046564 10.976377422649183
v 42.55347067761267 41.55481831097158 11.436960425349083
v 42.553470680195744 41.55481830863086 52.563039574986576
v 42.047959880602235 41.052966695046564 53.023622577350814
v 42.39511764707785 42.39511764707785 11.768933713143134
v 42.68800301774622 42.68800301774622 12.081278814201951
v 42.68800301689727 42.68800301689727 51.91872118720487
v 42.395117647028854 42.39511764671248 52.23106628499874
v 42.063921601276164 43.05840899764385 11.967004532431265
v 42.55981109885359 43.558649492529106 12.495935088720614
v 42.984254949547775 43.98563587369554 13.008877407970553
v 42.984254949547775 43.98563587369554 50.99112259202944
v 42.55981109857166 43.558649495044826 51.504064912557574
v 42.063921601276164 43.05840899764385 52.03299546756873
v 42.43036646520218 44.29506197884283 12.8852124813295
v 42.648051602912496 44.59219141291266 13.197946062679828
v 42.64805159738156 44.592191416363804 50.80205393730551
v 42.43036646073207 44.295061980050086 51.11478752285783
v 42.348533588484784 45.390871123723386 13.586820990308352
v 42.69761576511074 45.82333771512334 14.123139121429787
v 42.69761576724673 45.82333769766002 49.87686086548204
v 42.34853359260601 45.390871122711765 50.41317900763904
v 42.079870819546926 46.058018888718934 13.954384432126183
v 42.45673336504028 46.46998353156974 14.487884265770669
v 42.84196857050203 46.885934283106856 15.100075819855675
v 42.84196857050203 46.885934283106856 48.899924180144325
v 42.45673336675792 46.46998353112425 49.51211573536155
v 42.079870819546926 46.058018888718934 50.04561556787381
v 42.17530190383537 47.11922252271848 14.894237432306868
v 42.54118799061767 47.5312439800894 15.47620679255242
v 42.873677549675286 47.91477477048339 16.085225229516606
v 42.873677549675286 47.91477477048339 47.91477477048339
v 42.54118798755107 47.5312439829301 48.52379320450002
v 42.17530190383537 47.11922252271848 49.10576256769313
v 42.20701088300862 48.13236084087573 15.867639159124273
v 42.54118798768052 48.52379320791291 16.46875602127107
v 42.84196857050203 48.899924180144325 17.114065716893137
v 42.84196857050203 48.899924180144325 46.885934283106856
v 42.54118799125146 48.523793209910124 47.531243986558216
v 42.20701088300862 48.13236084087573 48.13236084087573
v 42.17530190383537 49.10576256769313 16.880777477281516
v 42.456733366421844 49.512115734400666 17.5300164673067
v 42.697615772072865 49.87686087912013 18.176662277171648
v 42.69761576722655 49.87686086548271 45.82333769766064
v 42.45673336675295 49.51211573604585 46.469983533735196
v 42.17530190383537 49.10576256769313 47.11922252271848
v 42.079870819546926 50.04561556787381 17.94198111128106
v 42.34853358735639 50.413179008419824 18.609128875729567
v 42.64805160493001 50.8020539384343 19.40780858214441
v 42.984254949547775 50.99112259202944 20.014364126304457
v 42.984254949547775 50.99112259202944 43.98563587369554
v 42.64805160427877 50.80205393937512 44.592191417569985
v 42.34853359055744 50.4131790079073 45.390871123342635
v 42.079870819546926 50.04561556787381 46.058018888718934
v 42.43036646756264 51.11478751682383 19.704938024496478
v 42.55981109869032 51.50406491152715 20.441350509290494
v 42.68800302565069 51.9187211795617 21.311996979862403
v 42.68800301677538 51.91872119274478 42.68800300329333
v 42.55981109972399 51.50406491101505 43.55864949344104
v 42.43036645973184 51.1147875194967 44.29506198139475
v 42.063921601276164 52.03299546756873 20.941591002356148
v 42.39511764725714 52.231066285251345 21.60488235341775
v 42.553470676788336 52.5630395741567 22.445181688717266
v 42.666954537639164 52.940748846750495 23.45139079122715
v 42.984254949547775 52.99200209784136 24.02209712299241
v 42.984254949547775 52.99200209784136 39.97790287700759
v 42.66695453937876 52.940748845991756 40.548609209884226
v 42.553470679975085 52.56303957544827 41.55481831536285
v 42.39511764837683 52.231066286827556 42.39511765160081
v 42.063921601276164 52.03299546756873 43.05840899764385
v 42.047959880602235 53.023622577350814 22.94703330495343
v 42.420848270138336 53.11944114510291 23.58609848654766
v 42.503702420525265 53.4239521471959 24.50207450781661
v 42.60390983380749 53.66631880064244 25.401016795104766
v 42.74666127722979 53.880517593956995 26.42948059120074
v 42.92114513183492 53.96183750343505 27.184889004473092
v 42.92114513183492 53.96183750343505 36.81511099552691
v 42.74666127553876 53.88051759502761 37.570519404180374
v 42.60390983336737 53.66631880118499 38.598983203314695
v 42.50370242001843 53.42395214661895 39.497925489739835
v 42.42084827035728 53.11944114655648 40.41390151278313
v 42.047959880602235 53.023622577350814 41.052966695046564
v 42.079870819546926 54.0376216114346 25.87138509867778
v 42.26223276449564 54.14642842188665 26.568131035290296
v 42.396755813117764 54.31241768476159 27.58779162383751
v 42.51480335281266 54.420440223465654 28.494313093672066
v 42.50473571929931 54.55911794235675 29.498292659266596
v 42.498633417001976 54.65061608274234 30.499830017133487
v 42.49577288353207 54.69608582319879 31.500076623937634
v 42.49577288353837 54.696085823200924 32.49992337620288
v 42.498633417037055 54.65061608276343 33.50016998312902
v 42.50473571934622 54.55911794222474 34.50170734073105
v 42.51480335313596 54.420440223265516 35.50568690789429
v 42.396755811472175 54.312417685333564 36.412208375808454
v 42.262232765208566 54.14642842281878 37.43186896242966
v 42.079870819546926 54.0376216114346 38.128614901322216
v 43.05840899764385 9.969891394897346 27.851555671139756
v 43.06317774401439 9.84847830331196 28.516012075697528
v 43.2264557509008 9.791157184881117 29.550498505086626
v 43.34728195562014 9.763290313964887 30.545157969662206
v 43.40937869450866 9.751424946084454 31.51748224489487
v 43.40937869451052 9.751424946085272 32.4825177550791
v 43.34728195560629 9.763290313961303 33.45484203034382
v 43.22645575090437 9.79115718486863 34.449501495035214
v 43.06317774426476 9.848478303448768 35.483987926091906
v 43.05840899764385 9.969891394897346 36.148444328860236
v 43.16500145049954 10.901827684381779 24.554919686442503
v 43.39380035048406 10.67228739340649 25.619753399097835
v 43.51064585597205 10.48882206277413 26.49358001236828
v 43.59548528882035 10.320841331876865 27.419212959634823
v 43.69608138009809 10.190637285403644 28.413115529841175
v 43.909887082278566 10.15990348648971 29.473795931705894
v 43.881255985429085 10.062992360554434 30.5
v 43.92450817316283 10.040046284195114 31.5
v 43.92450817316283 10.040046284195114 32.5
v 43.88125598542908 10.062992360554434 33.5
v 43.90988708254549 10.159903486638942 34.526204066444194
v 43.69608138005067 10.190637285294315 35.58688447008862
v 43.595485288453375 10.320841331662182 36.580787040514394
v 43.51064585597659 10.48882206285127 37.50641998733866
v 43.39380035086501 10.672287393673649 38.38024660119083
v 43.16500144933823 10.901827683789985 39.44508031397674
v 43.05840899764385 11.967004532431265 21.936078398723836
v 43.454553350313695 11.846270871775486 22.614824222937234
v 43.51300014764037 11.491567388079845 23.489095384396688
v 43.581431266570505 11.198408885848664 24.346333819648866
v 43.87029716348557 11.072225232592203 25.230400729196667
v 43.87029716348557 11.072225232592203 38.769599270803326
v 43.58143126711949 11.198408885350354 39.65366618022726
v 43.513000147579675 11.49156738792819 40.51090461536318
v 43.4545533496869 11.846270871790248 41.385175778875755
v 43.05840899764385 11.967004532431265 42.063921601276164
v 43.407827337263754 12.890568344240217 20.59217266141371
v 43.55864949042493 12.495935089169434 21.440188900798265
v 43.702274708237994 12.063203188405042 22.462581405465333
v 43.702274708897214 12.063203189663133 41.5374185950026
v 43.558649490606015 12.495935090187897 42.55981109764614
v 43.40782733792493 12.890568344291932 43.40782733764585
v 43.16018524981179 13.899876243007087 18.863330053606692
v 43.37260908121275 13.48325424456422 19.619829666645344
v 43.59936041355588 13.121372008484093 20.40063958712539
v 43.98563587369554 13.008877407970553 21.015745050452217
v 43.98563587369554 13.008877407970553 42.984254949547775
v 43.5993604131345 13.121372008371411 43.59936041246814
v 43.372609080522125 13.483254245548519 44.380170334223436
v 43.16018524981179 13.899876243007087 45.1366699463933
v 43.34575364843322 14.842447320085705 17.784397508850354
v 43.58562134837277 14.48374414514357 18.422037061288936
v 43.82685191647846 14.113229476221315 19.159167604513733
v 43.82685191647846 14.113229476221315 44.84083239548626
v 43.58562134721264 14.483744143848211 45.57796294077731
v 43.34575365569953 14.84244732146932 46.21560248883561
v 43.45156353627567 15.80335610397287 16.771004323572974
v 43.70212920359189 15.440992559324094 17.3579747895837
v 43.94247225740316 15.039930543240882 18.048924867974016
v 43.94247225740316 15.039930543240882 45.951075132025984
v 43.70212920264095 15.440992558380625 46.64202521298089
v 43.451563538264885 15.803356104988572 47.228995678025775
v 43.451563536275 16.771004323572576 15.803356103972744
v 43.74015256924094 16.38328486577009 16.383284865768033
v 43.74015256906677 16.38328486628838 47.616715133757474
v 43.451563535643146 16.771004327173408 48.19664389564628
v 43.34575364843318 17.784397508850354 14.84244732008557
v 43.70212920359183 17.3579747895837 15.440992559324007
v 43.70212920353347 17.357974791539434 48.559007439850284
v 43.34575365056578 17.78439750589073 49.15755268293565
v 43.16018524981179 18.863330053606692 13.899876243007087
v 43.585621347201446 18.422037060792636 14.483744144755063
v 43.94247225740316 18.048924867974016 15.039930543240882
v 43.94247225740316 18.048924867974016 48.960069456759115
v 43.58562134632246 18.422037058506245 49.516255857022244
v 43.16018524981179 18.863330053606692 50.10012375699291
v 43.37260908249624 19.61982966721835 13.48325424497878
v 43.82685191647846 19.159167604513733 14.113229476221315
v 43.82685191647846 19.159167604513733 49.88677052377868
v 43.37260908330913 19.61982966648392 50.51674575479649
v 43.407827339091284 20.592172662340463 12.890568344791047
v 43.599360413348734 20.400639587018567 13.121372008426198
v 43.599360414220655 20.400639587208698 50.878627991340466
v 43.407827336696165 20.592172667501533 51.10943165639228
v 43.05840899764385 21.936078398723836 11.967004532431265
v 43.558649490278476 21.44018890060642 12.495935089085592
v 43.98563587369554 21.015745050452217 13.008877407970553
v 43.98563587369554 21.015745050452217 50.99112259202944
v 43.558649492189495 21.440188896585642 51.504064910415345
v 43.05840899764385 21.936078398723836 52.03299546756873
v 43.45455335018014 22.614824222919406 11.846270871661812
v 43.70227470823794 22.462581405465222 12.063203188404982
v 43.70227470968333 22.462581400038502 51.93679680997961
v 43.454553351862494 22.61482422092406 52.153729128300775
v 43.513000147640874 23.489095384396904 11.49156738808012
v 43.513000146971144 23.48909538326929 52.50843261174784
v 43.16500144934484 24.554919685900543 10.901827683875991
v 43.58143126686401 24.346333819935715 11.19840888600566
v 43.58143126864308 24.34633381986606 52.801591113429446
v 43.165001448978266 24.55491969377966 53.09817231875775
v 43.393800350497315 25.619753399252616 10.672287393474772
v 43.87029716348557 25.230400729196667 11.072225232592203
v 43.87029716348557 25.230400729196667 52.92777476740779
v 43.39380035036218 25.61975340035557 53.32771260642703
v 43.510645855968185 26.493580012151668 10.488822062795343
v 43.51064585616953 26.49358001150997 53.5111779370793
v 43.05840899764385 27.851555671139756 9.969891394897346
v 43.595485288419184 27.419212958965847 10.320841331683194
v 43.59548528877825 27.419212959227835 53.67915866764386
v 43.05840899764385 27.851555671139756 54.03010860510265
v 43.063177744313435 28.516012075370462 9.848478303677993
v 43.696081380230424 28.41311552992881 10.190637285507608
v 43.696081380033405 28.413115529790634 53.80936271478479
v 43.06317774431745 28.516012075238983 54.15152169564354
v 43.226455750936736 29.55049850531065 9.791157184855926
v 43.90988708231256 29.473795931641963 10.159903486558918
v 43.90988708197953 29.473795933636698 53.84009651342952
v 43.22645575077122 29.550498506190312 54.20884281535836
v 43.34728195560453 30.545157969555166 9.76329031395344
v 43.881255985429085 30.5 10.062992360554434
v 43.881255985429085 30.5 53.93700763944557
v 43.34728195563187 30.54515796996067 54.23670968603744
v 43.40937869450614 31.517482244893912 9.751424946082361
v 43.92450817316283 31.5 10.040046284195114
v 43.92450817316283 31.5 53.959953715804886
v 43.409378694500205 31.517482244754365 54.24857505391541
v 43.40937869450911 32.4825177550776 9.751424946084589
v 43.92450817316283 32.5 10.040046284195114
v 43.92450817316283 32.5 53.959953715804886
v 43.40937869452396 32.48251775505932 54.24857505390353
v 43.34728195560142 33.454842030422334 9.763290313952329
v 43.88125598542908 33.5 10.062992360554434
v 43.88125598542908 33.5 53.93700763944557
v 43.34728195562693 33.45484203013575 54.23670968601668
v 43.22645575092522 34.449501494815216 9.791157184853963
v 43.90988708246177 34.52620406758663 10.159903486409004
v 43.90988708258606 34.52620405814977 53.840096512945614
v 43.22645575072424 34.4495014944465 54.208842815329284
v 43.06317774435375 35.48398792460302 9.848478303544919
v 43.69608138011148 35.58688446985697 10.190637285593196
v 43.69608138024079 35.58688446860894 53.80936271498894
v 43.06317774380776 35.483987923962694 54.15152169708136
v 43.05840899764385 36.148444328860236 9.969891394897346
v 43.595485288441616 36.58078704074534 10.320841331588943
v 43.59548528840466 36.58078704062586 53.67915866829518
v 43.05840899764385 36.148444328860236 54.03010860510265
v 43.51064585595918 37.50641998817552 10.488822062883973
v 43.51064585614882 37.50641999077203 53.51117793766471
v 43.39380035086014 38.380246601442266 10.672287393736385
v 43.87029716348557 38.769599270803326 11.072225232592203
v 43.87029716348557 38.769599270803326 52.92777476740779
v 43.39380035016541 38.38024659995598 53.327712606328646
v 43.16500144920204 39.44508031156731 10.901827683032431
v 43.58143126704977 39.65366617972836 11.198408886263204
v 43.581431267875274 39.65366617611306 52.80159111311121
v 43.16500144883694 39.445080303688194 53.09817231960572
v 43.51300014752905 40.51090461572442 11.491567387746707
v 43.51300014556107 40.51090461851504 52.508432612826134
v 43.454553350384266 41.38517577786909 11.846270870956687
v 43.70227470889678 41.53741859500219 12.063203189665542
v 43.702274710059676 41.537418597747624 51.93679680725533
v 43.45455334719138 41.38517577905157 52.1537291283225
v 43.05840899764385 42.063921601276164 11.967004532431265
v 43.55864949140369 42.55981109810769 12.495935088572034
v 43.98563587369554 42.984254949547775 13.008877407970553
v 43.98563587369554 42.984254949547775 50.99112259202944
v 43.55864949392212 42.55981109841809 51.50406491075295
v 43.05840899764385 42.063921601276164 52.03299546756873
v 43.407827337693426 43.407827337693426 12.8905683447151
v 43.599360413472866 43.599360413472866 13.121372008168258
v 43.599360413250814 43.59936041356981 50.878627995448
v 43.407827335351676 43.407827335351676 51.10943165678408
v 43.372609082095906 44.38017033094515 13.483254244610409
v 43.82685191647846 44.84083239548626 14.113229476221315
v 43.82685191647846 44.84083239548626 49.88677052377868
v 43.372609081881144 44.38017032905849 50.51674575827211
v 43.16018524981179 45.1366699463933 13.899876243007087
v 43.58562134584361 45.57796294002584 14.483744144198395
v 43.94247225740316 45.951075132025984 15.039930543240882
v 43.94247225740316 45.951075132025984 48.960069456759115
v 43.585621347119385 45.57796293537895 49.5162558493233
v 43.16018524981179 45.1366699463933 50.10012375699291
v 43.34575365569665 46.215602488834826 14.84244732146907
v 43.70212920264172 46.64202521297722 15.440992558383142
v 43.70212920059336 46.64202520884671 48.559007443388445
v 43.34575364011764 46.215602498632435 49.1575526903092
v 43.45156353659699 47.22899567636703 15.80335610724004
v 43.74015256912277 47.61671513328282 16.383284865524747
v 43.74015256732991 47.616715133280074 47.61671513477959
v 43.451563536565395 47.22899567620825 48.19664388515518
v 43.451563535639714 48.19664389564706 16.771004327173678
v 43.70212920102573 48.55900744153954 17.357974791651564
v 43.94247225740316 48.960069456759115 18.048924867974016
v 43.94247225740316 48.960069456759115 45.951075132025984
v 43.70212920132072 48.559007442181574 46.64202520942903
v 43.45156353658119 48.19664388513791 47.22899567620749
v 43.345753650562216 49.15755268291926 17.784397505873812
v 43.585621348119176 49.516255855750074 18.422037057931423
v 43.82685191647846 49.88677052377868 19.159167604513733
v 43.82685191647846 49.88677052377868 44.84083239548626
v 43.58562134925242 49.5162558535001 45.57796294001686
v 43.34575364012195 49.1575526903092 46.21560249864965
v 43.16018524981179 50.10012375699291 18.863330053606692
v 43.37260908092729 50.516745754845786 19.619829666702334
v 43.59936041453819 50.8786279905476 20.40063958656986
v 43.98563587369554 50.99112259202944 21.015745050452217
v 43.98563587369554 50.99112259202944 42.984254949547775
v 43.59936041268578 50.87862799347305 43.59936041264284
v 43.372609081713165 50.516745756862434 44.38017033632111
v 43.16018524981179 50.10012375699291 45.1366699463933
v 43.40782733954018 51.10943165387116 20.5921726625152
v 43.55864949259524 51.50406490891928 21.44018890121337
v 43.70227470968798 51.936796809984926 22.462581400033557
v 43.7022747100601 51.93679680727101 41.537418597737926
v 43.55864948795104 51.5040649129736 42.55981109706039
v 43.4078273367741 51.10943165697739 43.407827336036604
v 43.05840899764385 52.03299546756873 21.936078398723836
v 43.454553348808716 52.15372912826093 22.61482422247051
v 43.5130001469614 52.50843261174892 23.489095383268957
v 43.581431267385135 52.80159111353353 24.34633382256132
v 43.87029716348557 52.92777476740779 25.230400729196667
v 43.87029716348557 52.92777476740779 38.769599270803326
v 43.58143126616588 52.801591114429705 39.653666184569374
v 43.51300014660529 52.508432612096115 40.510904616202794
v 43.454553348958974 52.15372912645534 41.38517577968257
v 43.05840899764385 52.03299546756873 42.063921601276164
v 43.165001446304196 53.098172317426794 24.55491969024478
v 43.39380035126835 53.3277126068402 25.619753398030433
v 43.51064585602448 53.511177936992084 26.493580011482955
v 43.59548528907748 53.67915866785729 27.419212959445833
v 43.696081380904026 53.80936271477896 28.413115531037263
v 43.90988708243735 53.84009651319275 29.473795928415296
v 43.881255985429085 53.93700763944557 30.5
v 43.92450817316283 53.959953715804886 31.5
v 43.92450817316283 53.959953715804886 32.5
v 43.88125598542908 53.93700763944557 33.5
v 43.90988708359196 53.840096513053034 34.526204069841825
v 43.69608137968024 53.809362714562994 35.58688446954325
v 43.59548528854811 53.67915866798304 36.580787038548536
v 43.510645856066574 53.511177937084454 37.50641998830051
v 43.39380035013717 53.32771260761764 38.38024659902711
v 43.1650014518932 53.098172314749604 39.44508031445667
v 43.05840899764385 54.03010860510265 27.851555671139756
v 43.063177745469055 54.15152169760136 28.516012081419333
v 43.226455750909686 54.20884281496353 29.550498504630724
v 43.34728195556837 54.236709686032164 30.54515797062448
v 43.409378694498024 54.24857505391807 31.517482244755325
v 43.40937869451162 54.24857505390752 32.482517755060826
v 43.34728195563681 54.2367096859837 33.45484202972941
v 43.22645575075719 54.20884281517783 34.44950149561895
v 43.06317774528447 54.1515216963101 35.48398793261964
v 43.05840899764385 54.03010860510265 36.148444328860236
v 44.053778345219804 10.968515081849084 25.897067395863335
v 44.16742311829642 10.85153748756765 26.52834137680215
v 44.419986174526265 10.739879572758108 27.622610003538618
v 44.49513259664262 10.615094393966986 28.525505268129496
v 44.51109915242524 10.488299263130228 29.496892147045884
v 44.50070295044354 10.3892290202013 30.49936251578801
v 44.49569590414648 10.340049304431082 31.499984355616586
v 44.49569590414685 10.340049304431794 32.50001564438414
v 44.500702950447916 10.389229020202169 33.50063748418588
v 44.51109915243648 10.488299263108642 34.50310785294653
v 44.495132596633475 10.615094393950075 35.47449473156494
v 44.41998617451567 10.739879572521152 36.37738999639685
v 44.16742311773744 10.851537487394417 37.47165862164859
v 44.053778345219804 10.968515081849084 38.10293260413666
v 44.0 12.0 23.0
v 44.21378447639889 11.900686247687847 23.505743207718353
v 44.40274634006341 11.580701321123907 24.607283040977123
v 44.57522465954545 11.40747096871075 25.42096371504427
v 44.682865913603266 11.190008978302272 26.395653026457264
v 44.9697705919067 11.098340510423647 27.512996876541155
v 44.986795867981655 11.007997902158639 28.047504532082435
v 44.986795867981655 11.007997902158639 35.95249546791756
v 44.96977059254963 11.098340510535172 36.48700311502548
v 44.68286591405485 11.190008978451568 37.604346971943116
v 44.57522465930246 11.407470969274115 38.579036285196224
v 44.40274634056558 11.580701321635757 39.39271695877655
v 44.2137844770031 11.900686249297689 40.49425678439909
v 44.0 12.0 41.0
v 44.29506197846966 12.885212482567555 21.569633534882726
v 44.437068758745454 12.4554803377701 22.573129060114553
v 44.572297989009584 12.191955267347895 23.33857111122946
v 44.894061344945015 12.067520152735867 24.177280185593993
v 44.894061344945015 12.067520152735867 39.822719814406
v 44.572297988451595 12.191955267145122 40.6614288919653
v 44.437068760247776 12.455480337596573 41.426870937423985
v 44.29506197629626 12.885212481093797 42.430366465078755
v 44.174165728819595 13.881763297242383 19.825834271180398
v 44.38017033253094 13.48325424425034 20.62739091800871
v 44.59219141461903 13.197946062642938 21.351948397386447
v 44.93386993193731 13.04446205673842 22.08722627213816
v 44.93386993193731 13.04446205673842 41.91277372786183
v 44.59219141303724 13.197946063516595 42.64805160371102
v 44.38017033298672 13.483254244282513 43.37260908051794
v 44.174165728819595 13.881763297242383 44.174165728819595
v 44.377571826150444 14.829958149210027 18.68250351708041
v 44.6222614444688 14.484326396745635 19.37773855523968
v 44.84083239548626 14.113229476221315 20.173148083521532
v 44.84083239548626 14.113229476221315 43.82685191647846
v 44.6222614449336 14.484326394785018 44.622261444930835
v 44.3775718282675 14.829958146775283 45.317496483067806
v 44.0 16.0 17.0
v 44.33438459771367 15.69525530620367 17.592630204238134
v 44.66897834253501 15.296507666740597 18.361387555374737
v 44.97358076845386 15.01994853200794 19.026419231546136
v 44.97358076845386 15.01994853200794 44.97358076845386
v 44.66897834353274 15.296507666497787 45.63861244651978
v 44.33438459791355 15.695255303976209 46.40736979396136
v 44.0 16.0 47.0
v 44.0 17.0 16.0
v 44.29394792483991 16.597657258857392 16.597657258857392
v 44.60586801206522 16.209952772729448 17.260744779514006
v 44.605868011154286 16.209952775137413 46.739255223324975
v 44.293947923268846 16.597657260038417 47.402342740552875
v 44.0 17.0 48.0
v 44.334384597714426 17.59263020423859 15.695255306203949
v 44.60586801206421 17.260744779513793 16.20995277272926
v 44.60586801024668 17.26074477986648 47.790047230215734
v 44.334384597888004 17.59263020523327 48.30474469237906
v 44.377571829485944 18.68250351852428 14.829958150437292
v 44.66897834335736 18.36138755582538 15.296507667068202
v 44.66897834369705 18.361387553906162 48.70349233299594
v 44.37757182617562 18.682503518709325 49.17004185226643
v 44.174165728819595 19.825834271180398 13.881763297242383
v 44.622261444961126 19.377738555855203 14.484326396905667
v 44.97358076845386 19.026419231546136 15.01994853200794
v 44.97358076845386 19.026419231546136 48.980051467992055
v 44.62226144408985 19.377738560248236 49.51567360193931
v 44.174165728819595 19.825834271180398 50.11823670275761
v 44.380170332903866 20.6273909182645 13.483254244542698
v 44.84083239548626 20.173148083521532 14.113229476221315
v 44.84083239548626 20.173148083521532 49.88677052377868
v 44.38017033165769 20.627390918910926 50.51674575879113
v 44.29506197570588 21.569633533199966 12.885212481605231
v 44.59219141288209 21.35194839619455 13.197946062003695
v 44.5921914140718 21.351948397174713 50.80205393617795
v 44.295061977657475 21.569633531685795 51.114787518095675
v 44.0 23.0 12.0
v 44.43706875881975 22.573129060105902 12.455480337881268
v 44.93386993193731 22.08722627213816 13.04446205673842
v 44.93386993193731 22.08722627213816 50.955537943261575
v 44.4370687617926 22.5731290581939 51.54451966096634
v 44.0 23.0 52.0
v 44.21378447639654 23.50574320771698 11.900686247687855
v 44.5722979896582 23.33857111159899 12.191955267650672
v 44.572297988578924 23.33857110537447 51.80804473378119
v 44.213784478467254 23.505743207336348 52.09931374761315
v 44.402746340251504 24.607283041179304 11.580701321271592
v 44.894061344945015 24.177280185593993 12.067520152735867
v 44.894061344945015 24.177280185593993 51.93247984726413
v 44.40274633881803 24.607283049078465 52.419298678561205
v 44.053778345219804 25.897067395863335 10.968515081849084
v 44.57522465916656 25.420963714399768 11.407470968507337
v 44.57522466004377 25.42096371580541 52.59252903140257
v 44.053778345219804 25.897067395863335 53.031484918150916
v 44.167423116480414 26.52834137511101 10.851537487256747
v 44.68286591433141 26.395653028045253 11.190008978545944
v 44.68286591432057 26.39565302665494 52.809991021324144
v 44.16742312065856 26.528341373419337 53.148462511569655
v 44.419986174528205 27.622610003539034 10.739879572758976
v 44.969770592467064 27.51299687877948 11.098340511391873
v 44.96977058984369 27.51299687886613 52.901659484565876
v 44.41998617398009 27.62261000568429 53.260120427203404
v 44.49513259662993 28.525505268273154 10.615094393971697
v 44.986795867981655 28.047504532082435 11.007997902158639
v 44.986795867981655 28.047504532082435 52.99200209784136
v 44.49513259670966 28.525505268226254 53.384905605893046
v 44.51109915242708 29.4968921470459 10.488299263130616
v 44.511099152386414 29.496892147487223 53.51170073682125
v 44.50070295045796 30.499362515829866 10.389229020212465
v 44.500702950448634 30.49936251606076 53.61077097979688
v 44.495695904140675 31.49998435562072 10.34004930442815
v 44.49569590415564 31.49998435556547 53.659950695567446
v 44.495695904148036 32.50001564438432 10.340049304432238
v 44.49569590413885 32.500015644287274 53.65995069556706
v 44.50070295044497 33.500637484185646 10.389229020200657
v 44.50070295042689 33.500637483767804 53.610770979775815
v 44.51109915243835 34.50310785295239 10.488299263132575
v 44.511099152449894 34.50310785310298 53.51170073678691
v 44.49513259664036 35.474494731372864 10.615094394046181
v 44.986795867981655 35.95249546791756 11.007997902158639
v 44.986795867981655 35.95249546791756 52.99200209784136
v 44.495132596768784 35.47449473292179 53.384905605704986
v 44.41998617455316 36.37738999695597 10.73987957276777
v 44.969770592665675 36.48700311720204 11.098340510839638
v 44.969770595496854 36.4870031392531 52.901659485017106
v 44.419986174927395 36.37738999594661 53.260120427011444
v 44.167423117842006 37.47165862434762 10.851537486980607
v 44.68286591405559 37.6043469730574 11.19000897872161
v 44.68286591471066 37.60434697245732 52.80999102231192
v 44.1674231173529 37.47165862343518 53.14846250894311
v 44.053778345219804 38.10293260413666 10.968515081849084
v 44.57522465930055 38.57903628459783 11.40747096867758
v 44.57522466030832 38.57903628139175 52.59252903133415
v 44.053778345219804 38.10293260413666 53.031484918150916
v 44.40274634069832 39.3927169574641 11.580701321146373
v 44.894061344945015 39.822719814406 12.067520152735867
v 44.894061344945015 39.822719814406 51.93247984726413
v 44.402746342181906 39.39271695811702 52.41929867619487
v 44.213784477006996 40.4942567844064 11.900686249300614
v 44.57229798845312 40.6614288919657 12.191955267145241
v 44.57229798635829 40.661428893892044 51.80804473542921
v 44.21378447570036 40.494256768621675 52.09931374852918
v 44.0 41.0 12.0
v 44.43706875973776 41.42687093835742 12.455480338306263
v 44.93386993193731 41.91277372786183 13.04446205673842
v 44.93386993193731 41.91277372786183 50.955537943261575
v 44.437068758908545 41.42687093922983 51.54451966331916
v 44.0 41.0 52.0
v 44.29506197655185 42.43036646750002 12.885212481071312
v 44.59219141316023 42.648051601731225 13.197946063630809
v 44.59219141452059 42.64805159901518 50.80205393629986
v 44.29506197715548 42.43036646994717 51.11478751986404
v 44.38017033298415 43.37260908005371 13.48325424571761
v 44.84083239548626 43.82685191647846 14.113229476221315
v 44.84083239548626 43.82685191647846 49.88677052377868
v 44.38017033342282 43.372609083813664 50.51674575621244
v 44.174165728819595 44.174165728819595 13.881763297242383
v 44.62226144431667 44.62226144361439 14.484326397610047
v 44.97358076845386 44.97358076845386 15.01994853200794
v 44.97358076845386 44.97358076845386 48.980051467992055
v 44.62226144333514 44.62226144174257 49.51567360206093
v 44.174165728819595 44.174165728819595 50.11823670275761
v 44.37757182775897 45.31749648579998 14.829958147512848
v 44.668978343239395 45.63861244710286 15.296507667243496
v 44.668978341018395 45.63861244407312 48.70349232873534
v 44.3775718270562 45.31749648983776 49.17004185608415
v 44.33438459745132 46.40736979207137 15.695255304905118
v 44.60586801115328 46.73925522332973 16.20995277513414
v 44.60586800752233 46.73925522159046 47.790047229425475
v 44.33438459997523 46.40736979133307 48.30474469043539
v 44.0 47.0 16.0
v 44.293947923268846 47.402342740554886 16.597657260040428
v 44.60586801024087 47.79004723020993 17.260744779849052
v 44.605868007511724 47.79004722943237 46.73925522159152
v 44.29394792255836 47.402342742520474 47.40234273964444
v 44.0 47.0 48.0
v 44.0 48.0 17.0
v 44.334384596215216 48.304744692610456 17.592630205551472
v 44.668978341063706 48.70349233301793 18.361387558818738
v 44.97358076845386 48.980051467992055 19.026419231546136
v 44.97358076845386 48.980051467992055 44.97358076845386
v 44.668978344929144 48.70349233447272 45.63861244537075
v 44.33438459691414 48.304744692728946 46.40736979210194
v 44.0 48.0 47.0
v 44.3775718301456 49.17004184861735 18.68250351929734
v 44.62226144471332 49.51567360093032 19.37773855295866
v 44.84083239548626 49.88677052377868 20.173148083521532
v 44.84083239548626 49.88677052377868 43.82685191647846
v 44.622261446213734 49.51567360646609 44.622261446213734
v 44.37757182919898 49.170041856210425 45.31749648477274
v 44.174165728819595 50.11823670275761 19.825834271180398
v 44.380170332946086 50.51674575702766 20.627390916753324
v 44.592191413057286 50.802053939433144 21.35194839815878
v 44.93386993193731 50.955537943261575 22.08722627213816
v 44.93386993193731 50.955537943261575 41.91277372786183
v 44.592191414809975 50.80205394062129 42.64805160886792
v 44.38017033322009 50.51674575542266 43.37260908472697
v 44.174165728819595 50.11823670275761 44.174165728819595
v 44.295061973223056 51.11478752122687 21.569633535401724
v 44.43706875886006 51.544519662921914 22.57312905842572
v 44.57229798775483 51.80804473293673 23.33857110861018
v 44.894061344945015 51.93247984726413 24.177280185593993
v 44.894061344945015 51.93247984726413 39.822719814406
v 44.57229799093587 51.808044730335936 40.66142888693573
v 44.43706875644036 51.54451966039444 41.4268709390257
v 44.29506197524484 51.11478752117694 42.43036646232708
v 44.0 52.0 23.0
v 44.213784478482985 52.09931374761995 23.505743207337723
v 44.40274633881609 52.419298678560615 24.607283049072418
v 44.57522465780296 52.5925290327442 25.42096371776668
v 44.682865914753584 52.80999102085258 26.395653023911958
v 44.96977059325633 52.90165949594439 27.51299687937402
v 44.986795867981655 52.99200209784136 28.047504532082435
v 44.986795867981655 52.99200209784136 35.95249546791756
v 44.969770595439 52.9016594872383 36.487003138333534
v 44.682865914257 52.80999102116873 37.60434697368791
v 44.575224658182826 52.592529031810386 38.579036281490616
v 44.40274634075824 52.419298678821725 39.39271695914755
v 44.21378447568896 52.09931374854712 40.494256768610605
v 44.0 52.0 41.0
v 44.053778345219804 53.031484918150916 25.897067395863335
v 44.1674231201517 53.14846251141899 26.52834137960955
v 44.41998617424803 53.26012042719628 27.62261000291109
v 44.49513259683343 53.38490560632275 28.525505268128597
v 44.511099152471864 53.51170073692157 29.496892145152273
v 44.50070295045571 53.610770979762734 30.499362515568297
v 44.4956959041388 53.659950695567716 31.499984355714847
v 44.495695904138344 53.65995069556525 32.50001564428629
v 44.50070295042594 53.61077097977545 33.50063748376785
v 44.51109915235034 53.51170073680209 34.50310785235818
v 44.49513259695009 53.384905605926896 35.47449473256117
v 44.41998617414152 53.26012042764393 36.37738999660658
v 44.16742311665944 53.14846251413328 37.47165862004219
v 44.053778345219804 53.031484918150916 38.10293260413666
v 45.074692643783436 10.952808260856639 28.714171198749103
v 45.06254389017093 10.825170447994244 29.508567168892437
v 45.1535092646688 10.786553677481699 30.517144088472435
v 45.20133853075107 10.769719835131104 31.50767287054029
v 45.201338530733906 10.769719835118284 32.492327129460435
v 45.15350926473045 10.786553677500242 33.48285591125987
v 45.06254389036196 10.825170448469898 34.491432828180876
v 45.074692643783436 10.952808260856639 35.285828801250894
v 45.08710759839958 11.942323545883257 24.84394685226066
v 45.27188985440122 11.80598941388853 25.569869457107345
v 45.418186811703144 11.60027517214814 26.59245738058037
v 45.506914359531905 11.436575812786762 27.495832380089798
v 45.5694188802816 11.30095474095111 28.411618714399488
v 45.692237303206696 11.232467061661248 29.441449793803564
v 45.80277616044756 11.20576849751087 30.476672914508786
v 45.858821372538394 11.193952716896977 31.494167417953605
v 45.858821372543034 11.193952716898583 32.50583258205277
v 45.8027761604466 11.20576849753935 33.523327085142405
v 45.69223730313825 11.232467061476447 34.55855020671271
v 45.56941888029326 11.300954740833687 35.58838128565194
v 45.50691435955988 11.436575813006678 36.5041676202284
v 45.41818681138227 11.600275171724302 37.40754261918609
v 45.271889854699985 11.80598941444954 38.4301305416456
v 45.08710759839958 11.942323545883257 39.156053147739335
v 45.173738710068285 12.879150320936844 22.753892938804828
v 45.40476065882815 12.612093748573951 23.642067907954992
v 45.60449874942682 12.444232257626567 24.387096904462798
v 45.7424363548197 12.170809741282044 25.424880374495213
v 45.91427528541778 12.059055346564346 26.211782219942016
v 45.91427528541778 12.059055346564346 37.788217780057984
v 45.742436354290774 12.170809740337276 38.575119625765744
v 45.60449874960186 12.444232257751386 39.61290309591699
v 45.40476065881248 12.612093748165002 40.35793209060214
v 45.173738710068285 12.879150320936844 41.24610706119517
v 45.1366699463933 13.899876243007087 20.8398147501882
v 45.39087112685227 13.58682099146382 21.65146641325723
v 45.62624928027389 13.389296583065125 22.334905565341547
v 45.84040537673495 13.115987630037552 23.254495565381475
v 45.84040537673495 13.115987630037552 40.745504434618525
v 45.626249279380694 13.389296583250292 41.66509443337782
v 45.390871126174915 13.586820989881096 42.34853358673592
v 45.1366699463933 13.899876243007087 43.16018524981179
v 45.31749648141004 14.82995814932366 19.62242817120513
v 45.57796293989616 14.483744144860108 20.414378653735522
v 45.82333771980078 14.123139128348576 21.302384235491356
v 45.82333771526531 14.123139122014948 42.69761577418544
v 45.577962939700726 14.483744143297072 43.58562134603167
v 45.31749648296244 14.8299581493476 44.37757182952522
v 45.04983365512752 15.95913184312667 17.953566995614565
v 45.35831267016478 15.609653045733204 18.641687329948066
v 45.63861244488593 15.29650766715412 19.33102165728901
v 45.951075132025984 15.039930543240882 20.05752774259684
v 45.951075132025984 15.039930543240882 43.94247225740316
v 45.63861244533921 15.296507666689033 44.66897834297036
v 45.358312669802004 15.609653047458258 45.35831266847354
v 45.04983365512752 15.95913184312667 46.04643300438543
v 45.074692643783436 16.93484349478696 16.93484349478696
v 45.38941006545844 16.55746631075707 17.588026376756755
v 45.70574372875185 16.19967042780256 18.29425627707001
v 45.70574372495761 16.1996704249869 45.70574372721013
v 45.38941006446108 16.557466310799008 46.41197362446059
v 45.074692643783436 16.93484349478696 47.06515650521303
v 45.04983365512752 17.953566995614565 15.95913184312667
v 45.389410062061984 17.588026375047566 16.557466309239913
v 45.73267914269304 17.224192733788573 17.22419273376369
v 45.732679144550254 17.22419273673855 46.77580726634676
v 45.3894100651787 17.588026372888855 47.4425336889109
v 45.04983365512752 17.953566995614565 48.04086815687333
v 45.35831267092626 18.641687330347562 15.60965304609293
v 45.705743724900174 18.294256274644983 16.199670426015278
v 45.705743726976685 18.294256272194087 47.80032957018437
v 45.358312669271456 18.641687330081954 48.3903469535068
v 45.31749648140917 19.62242817120481 14.829958149323158
v 45.63861244501599 19.33102165714088 15.29650766726997
v 45.638612445860815 19.331021657394324 48.7034923329385
v 45.317496483093315 19.622428166819287 49.170041852276775
v 45.1366699463933 20.8398147501882 13.899876243007087
v 45.57796293982375 20.414378653632703 14.483744144747694
v 45.951075132025984 20.05752774259684 15.039930543240882
v 45.951075132025984 20.05752774259684 48.960069456759115
v 45.57796293948562 20.41437865357004 49.51625585557155
v 45.1366699463933 20.8398147501882 50.10012375699291
v 45.39087112620233 21.651466413005476 13.586820991225617
v 45.82333771624628 21.302384233921885 14.123139128352971
v 45.82333771673539 21.302384227965916 49.87686085866207
v 45.390871125924065 21.65146641415723 50.41317900761996
v 45.173738710068285 22.753892938804828 12.879150320936844
v 45.62624927767435 22.33490556351347 13.389296582052996
v 45.62624928091626 22.334905564008075 50.610703417373735
v 45.173738710068285 22.753892938804828 51.120849679063156
v 45.404760658190625 23.642067907602208 12.612093748420888
v 45.84040537673495 23.254495565381475 13.115987630037552
v 45.84040537673495 23.254495565381475 50.88401236996245
v 45.404760658923536 23.64206790582549 51.38790625060636
v 45.08710759839958 24.84394685226066 11.942323545883257
v 45.604498749684645 24.387096905398984 12.44423225765378
v 45.604498749153656 24.387096903547416 51.55576774288174
v 45.08710759839958 24.84394685226066 52.057676454116745
v 45.271889853824845 25.569869456718727 11.805989413849797
v 45.742436354196236 25.42488037402428 12.17080974100122
v 45.74243635514109 25.42488037066392 51.82919025735321
v 45.2718898565957 25.569869455973492 52.1940105846796
v 45.41818681139838 26.592457380450433 11.600275171844382
v 45.91427528541778 26.211782219942016 12.059055346564346
v 45.91427528541778 26.211782219942016 51.94094465343565
v 45.41818681188878 26.592457380542637 52.39972482761884
v 45.50691435959132 27.495832379960685 11.43657581282049
v 45.50691435977456 27.495832378611823 52.56342418730638
v 45.074692643783436 28.714171198749103 10.952808260856639
v 45.5694188804439 28.411618714453272 11.300954740965185
v 45.569418880527444 28.411618713213908 52.69904525888912
v 45.074692643783436 28.714171198749103 53.04719173914336
v 45.062543890186845 29.50856716889885 10.825170448005723
v 45.69223730320695 29.44144979380446 11.232467061661467
v 45.69223730304486 29.441449793118036 52.767532938231795
v 45.06254389101474 29.508567171919623 53.17482955216974
v 45.153509264680125 30.51714408847311 10.786553677484063
v 45.802776160432735 30.476672914869695 11.205768497441458
v 45.80277616055448 30.476672913895644 52.7942315026159
v 45.15350926481199 30.517144088450326 53.21344632273214
v 45.2013385307474 31.507672870539075 10.769719835132282
v 45.8588213725646 31.49416741841767 11.193952716911914
v 45.85882137260886 31.494167418208313 52.80604728305579
v 45.20133853075106 31.50767287094089 53.23028016487487
v 45.2013385307259 32.49232712946124 10.769719835115614
v 45.858821372527935 32.505832582051305 11.193952716890896
v 45.85882137260886 32.505832581793925 52.80604728307367
v 45.20133853067137 32.49232712908069 53.23028016491471
v 45.153509264713676 33.4828559105992 10.786553677511932
v 45.80277616045495 33.52332708533664 11.205768497506604
v 45.80277616055448 33.52332708609453 52.794231502628996
v 45.15350926470867 33.48285591229721 53.21344632282862
v 45.062543890321386 34.49143283013515 10.825170448339438
v 45.692237303183795 34.55855020620924 11.232467061544039
v 45.692237303033565 34.558550206402955 52.767532938748516
v 45.06254389021452 34.491432825308976 53.1748295513408
v 45.074692643783436 35.285828801250894 10.952808260856639
v 45.56941888032494 35.588381285899665 11.300954740968773
v 45.56941888015239 35.58838128556035 52.69904525933658
v 45.074692643783436 35.285828801250894 53.04719173914336
v 45.506914359526874 36.504167620272646 11.436575812725083
v 45.50691435980726 36.50416762082687 52.56342418709812
v 45.418186811423986 37.40754261878796 11.600275172391383
v 45.91427528541778 37.788217780057984 12.059055346564346
v 45.91427528541778 37.788217780057984 51.94094465343565
v 45.418186810338646 37.40754262201752 52.39972482794425
v 45.27188985468861 38.43013054120469 11.80598941514538
v 45.742436354263454 38.57511962691787 12.1708097409816
v 45.74243635393675 38.57511962439315 51.829190257896414
v 45.27188985429115 38.43013053822943 52.19401058334996
v 45.08710759839958 39.156053147739335 11.942323545883257
v 45.60449874960569 39.612903095350084 12.444232257302057
v 45.604498749994484 39.612903098188355 51.55576774107136
v 45.08710759839958 39.156053147739335 52.057676454116745
v 45.404760658646886 40.35793208995563 12.612093749825636
v 45.84040537673495 40.745504434618525 13.115987630037552
v 45.84040537673495 40.745504434618525 50.88401236996245
v 45.40476065879789 40.35793209043194 51.387906251918196
v 45.173738710068285 41.24610706119517 12.879150320936844
v 45.626249279386386 41.66509443267897 13.389296582928132
v 45.62624927937087 41.66509442919576 50.61070341582006
v 45.173738710068285 41.24610706119517 51.120849679063156
v 45.39087112592237 42.3485335905362 13.586820990962032
v 45.8233377147846 42.69761576197179 14.12313911884502
v 45.8233377010839 42.69761576374297 49.87686088044842
v 45.39087112491341 42.34853359466009 50.413179010084285
v 45.1366699463933 43.16018524981179 13.899876243007087
v 45.577962939147994 43.58562134623457 14.483744145036779
v 45.951075132025984 43.94247225740316 15.039930543240882
v 45.951075132025984 43.94247225740316 48.960069456759115
v 45.57796293861361 43.58562134803205 49.51625585346144
v 45.1366699463933 43.16018524981179 50.10012375699291
v 45.317496483153484 44.37757182816411 14.82995814744217
v 45.63861244518681 44.6689783432704 15.296507666350987
v 45.638612443808086 44.668978337624154 48.70349233200379
v 45.317496486837804 44.37757183082547 49.17004185194239
v 45.35831267043549 45.35831267043549 15.609653045118844
v 45.70574372494874 45.70574372494874 16.199670428893217
v 45.705743723798356 45.705743718789996 47.800329568884266
v 45.358312669434724 45.358312669434724 48.3903469490151
v 45.04983365512752 46.04643300438543 15.95913184312667
v 45.38941006508919 46.41197362486934 16.557466310560812
v 45.732679144550254 46.77580726634073 17.22419273673252
v 45.7326791400097 46.77580726763064 46.775807267618575
v 45.38941005970281 46.41197361990857 47.442533690600065
v 45.04983365512752 46.04643300438543 48.04086815687333
v 45.074692643783436 47.06515650521303 16.93484349478696
v 45.389410063912834 47.44253369070994 17.588026375167335
v 45.705743726978156 47.80032957018177 18.294256272194676
v 45.70574372380927 47.80032956886623 45.70574371880503
v 45.38941005970281 47.44253369059491 46.41197361990857
v 45.074692643783436 47.06515650521303 47.06515650521303
v 45.04983365512752 48.04086815687333 17.953566995614565
v 45.3583126714969 48.39034695389795 18.6416873245325
v 45.63861244424982 48.70349232967975 19.331021656471
v 45.951075132025984 48.960069456759115 20.05752774259684
v 45.951075132025984 48.960069456759115 43.94247225740316
v 45.63861244313819 48.70349233075414 44.66897833792276
v 45.35831266944398 48.39034695290633 45.35831267028409
v 45.04983365512752 48.04086815687333 46.04643300438543
v 45.317496483094054 49.17004185227342 19.622428166819606
v 45.57796293929638 49.5162558552612 20.414378651400565
v 45.82333771540733 49.87686086706673 21.302384222556107
v 45.82333773662389 49.87686087967371 42.69761579884602
v 45.577962937738 49.51625585473859 43.58562134552758
v 45.31749648595231 49.17004184836322 44.37757183340914
v 45.1366699463933 50.10012375699291 20.8398147501882
v 45.39087112497842 50.413179008679315 21.65146641316114
v 45.626249280437136 50.61070341775323 22.33490556024965
v 45.84040537673495 50.88401236996245 23.254495565381475
v 45.84040537673495 50.88401236996245 40.745504434618525
v 45.62624927932206 50.61070341501557 41.66509443098418
v 45.39087112669541 50.413179011263985 42.34853358645299
v 45.1366699463933 50.10012375699291 43.16018524981179
v 45.173738710068285 51.120849679063156 22.753892938804828
v 45.40476065929966 51.38790625176076 23.64206790905685
v 45.6044987497235 51.55576774098413 24.387096906299483
v 45.74243635462369 51.82919025910436 25.424880378901488
v 45.91427528541778 51.94094465343565 26.211782219942016
v 45.91427528541778 51.94094465343565 37.788217780057984
v 45.74243635373143 51.82919025880723 38.57511962362216
v 45.60449875007592 51.55576774206486 39.612903092942375
v 45.40476065905355 51.387906249564004 40.35793208988657
v 45.173738710068285 51.120849679063156 41.24610706119517
v 45.08710759839958 52.057676454116745 24.84394685226066
v 45.27188985534191 52.19401058705561 25.569869455719076
v 45.41818681183358 52.3997248279244 26.59245738143064
v 45.50691435930499 52.56342418731916 27.495832381168018
v 45.56941888045329 52.69904525917945 28.411618713147174
v 45.69223730305382 52.76753293822376 29.44144979311516
v 45.802776160528595 52.79423150261923 30.4766729138932
v 45.85882137257209 52.806047283060714 31.494167418204015
v 45.85882137259555 52.80604728306982 32.50583258178949
v 45.80277616046246 52.7942315026286 33.52332708426168
v 45.69223730341207 52.7675329385815 34.55855020874282
v 45.56941888045482 52.699045259361135 35.58838128817338
v 45.50691435935931 52.56342418662978 36.50416761749693
v 45.41818681134711 52.39972482773681 37.40754262184289
v 45.27188985571918 52.194010584183836 38.43013054085068
v 45.08710759839958 52.057676454116745 39.156053147739335
v 45.074692643783436 53.04719173914336 28.714171198749103
v 45.06254388837666 53.17482955269196 29.508567175790574
v 45.153509264945384 53.21344632266272 30.517144087368376
v 45.20133853074064 53.23028016487116 31.507672870939007
v 45.20133853068076 53.23028016490857 32.49232712907832
v 45.15350926484786 53.21344632247418 33.48285591272961
v 45.06254388960134 53.174829551347614 34.49143283991692
v 45.074692643783436 53.04719173914336 35.285828801250894
v 46.04643300438543 11.967004532431265 26.878448886608684
v 46.104448225494764 11.848728093756828 27.504583415893148
v 46.26731520781871 11.755390882189957 28.55422938960139
v 46.39571814606592 11.696589276321284 29.565087401760664
v 46.48198286822638 11.660950563719572 30.549416790418384
v 46.52588087312943 11.644525630866871 31.51932552953641
v 46.52588087312776 11.644525630865903 32.480674470466866
v 46.481982868222865 11.660950563699709 33.450583209689874
v 46.3957181460083 11.696589276281138 34.434912598954654
v 46.26731520774332 11.755390881939151 35.44577060856856
v 46.10444822548745 11.848728095223818 36.49541658095396
v 46.04643300438543 11.967004532431265 37.12155111339132
v 46.04643300438543 12.96533909507626 23.92116223204814
v 46.221512124038746 12.833405340269298 24.539065175649398
v 46.42351906806633 12.589941837840657 25.622781271484747
v 46.57548935546042 12.457026464864537 26.41986610226634
v 46.646587405443114 12.261131043755402 27.39354058607254
v 46.832184526805314 12.181865367668768 28.469097016224552
v 46.88890232517633 12.082271452257821 29.5
v 46.9573419617421 12.031588792803426 30.5
v 46.9886359057859 12.008415109640897 31.333333333333332
v 46.9886359057859 12.008415109640897 32.666666666666664
v 46.9573419617421 12.031588792803426 33.5
v 46.88890232517633 12.082271452257821 34.5
v 46.83218452647191 12.18186536757488 35.530902986018994
v 46.646587405527306 12.261131044136727 36.60645941257897
v 46.575489355473216 12.457026464526823 37.58013389752164
v 46.42351906832775 12.589941837938078 38.37721872642418
v 46.22151212403979 12.83340533888332 39.460934826511696
v 46.04643300438543 12.96533909507626 40.07883776795185
v 46.058018888718934 13.954384432126183 21.920129180453074
v 46.32178812526773 13.785062415873929 22.594209410921714
v 46.50141997007777 13.480754753710448 23.503273422173397
v 46.66413687724325 13.235432323868444 24.36994491412514
v 46.885934283106856 13.089110279403956 25.256103416472172
v 46.885934283106856 13.089110279403956 38.74389658352783
v 46.66413687702327 13.235432323941621 39.63005508853958
v 46.50141997030914 13.480754753487755 40.49672657706003
v 46.32178812531013 13.78506241663009 41.40579058810517
v 46.058018888718934 13.954384432126183 42.079870819546926
v 46.21560248853946 14.842447319668501 20.654246348717457
v 46.46998353360807 14.48788426501913 21.543266634849665
v 46.70305681201136 14.20003028460471 22.390106431584353
v 46.94308475070889 14.047041744530251 23.097567288652847
v 46.94308475070889 14.047041744530251 40.902432711347146
v 46.703056812325705 14.20003028407054 41.60989356996655
v 46.46998353298978 14.487884263514832 42.45673336648832
v 46.21560249081609 14.842447317246052 43.345753652289154
v 46.04643300438543 15.95913184312667 18.95016634487248
v 46.40736979759223 15.695255306781323 19.66561540400824
v 46.64202521043635 15.440992558916525 20.297870797358783
v 46.885934283106856 15.100075819855675 21.15803142949796
v 46.885934283106856 15.100075819855675 42.84196857050203
v 46.64202520990843 15.44099255959817 43.70212920514963
v 46.40736979542133 15.695255308385358 44.33438459985633
v 46.04643300438543 15.95913184312667 45.04983365512752
v 46.092722522390524 16.913191720886093 17.907277477609473
v 46.411973623879405 16.557466309767513 18.61058993581178
v 46.739255220919254 16.20995277336838 19.394131988006496
v 46.73925522056817 16.209952772453004 44.60586801055057
v 46.41197362412452 16.557466310623223 45.3894100652754
v 46.092722522390524 16.913191720886093 46.092722522390524
v 46.092722522390524 17.907277477609473 16.913191720886093
v 46.43836706147939 17.56163293758946 17.56163293775432
v 46.77580726630849 17.224192735763463 18.267320856926606
v 46.77580726488433 17.22419274019451 45.73267913890441
v 46.438367062420866 17.561632936681956 46.438367062432185
v 46.092722522390524 17.907277477609473 47.086808279113896
v 46.04643300438543 18.95016634487248 15.95913184312667
v 46.41197362377754 18.61058993547387 16.557466310299873
v 46.7758072663122 18.267320856928976 17.224192735765026
v 46.77580726488168 18.267320862502284 46.77580726542455
v 46.41197362380566 18.610589936180418 47.44253368773636
v 46.04643300438543 18.95016634487248 48.04086815687333
v 46.407369797585346 19.665615404315965 15.69525530637338
v 46.739255220918196 19.39413198800533 16.209952773368013
v 46.739255221629506 19.394131983567444 47.790047226386605
v 46.407369797550935 19.665615400009703 48.30474469648325
v 46.21560248854235 20.654246348718154 14.842447319672228
v 46.64202521123462 20.29787079720163 15.4409925595713
v 46.64202521123125 20.297870795958342 48.5590074406993
v 46.215602492822256 20.654246345229833 49.15755267984898
v 46.058018888718934 21.920129180453074 13.954384432126183
v 46.469983532879446 21.54326663361759 14.487884264270974
v 46.885934283106856 21.15803142949796 15.100075819855675
v 46.885934283106856 21.15803142949796 48.899924180144325
v 46.469983531996135 21.54326663834234 49.51211573285011
v 46.058018888718934 21.920129180453074 50.04561556787381
v 46.321788125577484 22.59420941162362 13.785062415566943
v 46.70305681246355 22.390106431306563 14.200030285034599
v 46.703056811553225 22.39010642640197 49.799969715763865
v 46.32178812444886 22.594209412218294 50.21493758620307
v 46.04643300438543 23.92116223204814 12.96533909507626
v 46.50141997066173 23.503273422360888 13.480754753783101
v 46.94308475070889 23.097567288652847 14.047041744530251
v 46.94308475070889 23.097567288652847 49.95295825546975
v 46.501419969431545 23.503273423125773 50.51924524506517
v 46.04643300438543 23.92116223204814 51.03466090492374
v 46.2215121237983 24.5390651745304 12.833405340278237
v 46.66413687711254 24.369944914510697 13.235432323989626
v 46.664136877826856 24.369944915934596 50.76456767802146
v 46.22151212452193 24.539065179248258 51.166594658336955
v 46.42351906818247 25.622781271808556 12.589941837584702
v 46.885934283106856 25.256103416472172 13.089110279403956
v 46.885934283106856 25.256103416472172 50.91088972059604
v 46.42351906835338 25.62278127058194 51.41005816355271
v 46.04643300438543 26.878448886608684 11.967004532431265
v 46.575489355721786 26.419866102597474 12.457026465187539
v 46.57548935605078 26.419866101429648 51.5429735351581
v 46.04643300438543 26.878448886608684 52.03299546756873
v 46.10444822598287 27.504583421294196 11.848728094109727
v 46.64658740575431 27.393540587387594 12.261131043958153
v 46.64658740566609 27.393540585420517 51.738868956515155
v 46.10444822598412 27.504583406965025 52.15127190472054
v 46.267315207638035 28.554229389493308 11.755390881923843
v 46.832184526657514 28.469097015721516 12.181865367662205
v 46.83218452651485 28.46909701840406 51.818134632168764
v 46.2673152080522 28.55422938799324 52.24460911833501
v 46.39571814602875 29.565087401920664 11.6965892763012
v 46.88890232517633 29.5 12.082271452257821
v 46.88890232517633 29.5 51.91772854774218
v 46.39571814601127 29.565087402889137 52.303410723739596
v 46.48198286821892 30.549416790192456 11.660950563696588
v 46.9573419617421 30.5 12.031588792803426
v 46.9573419617421 30.5 51.968411207196574
v 46.48198286814254 30.54941679085108 52.339049436373536
v 46.52588087312504 31.519325529544574 11.644525630865253
v 46.9886359057859 31.333333333333332 12.008415109640897
v 46.9886359057859 31.333333333333332 51.9915848903591
v 46.525880873128735 31.519325529551722 52.355474369128416
v 46.52588087312903 32.48067447046749 11.644525630865761
v 46.9886359057859 32.666666666666664 12.008415109640897
v 46.9886359057859 32.666666666666664 51.9915848903591
v 46.52588087313721 32.480674470450396 52.355474369124174
v 46.48198286823367 33.45058320955947 11.660950563732799
v 46.9573419617421 33.5 12.031588792803426
v 46.9573419617421 33.5 51.968411207196574
v 46.48198286821886 33.45058320915184 52.33904943626891
v 46.39571814600516 34.43491259864245 11.696589276229581
v 46.88890232517633 34.5 12.082271452257821
v 46.88890232517633 34.5 51.91772854774218
v 46.39571814612171 34.43491259947871 52.3034107238287
v 46.26731520774808 35.44577061000569 11.755390881910637
v 46.83218452648127 35.530902985488254 12.1818653673386
v 46.832184526188605 35.53090297927398 51.81813463249058
v 46.267315207830904 35.44577061007817 52.244609118488
v 46.10444822564578 36.495416579894616 11.848728094964612
v 46.646587405497286 36.606459414401016 12.261131043567458
v 46.64658740590597 36.606459411683225 51.73886895548349
v 46.10444822660269 36.49541658496178 52.15127190304664
v 46.04643300438543 37.12155111339132 11.967004532431265
v 46.57548935550954 37.58013389769637 12.457026465144969
v 46.57548935484337 37.58013389756109 51.54297353401446
v 46.04643300438543 37.12155111339132 52.03299546756873
v 46.42351906833536 38.377218726210344 12.589941837768855
v 46.885934283106856 38.74389658352783 13.089110279403956
v 46.885934283106856 38.74389658352783 50.91088972059604
v 46.423519068812126 38.377218726460384 51.41005816155002
v 46.22151212408166 39.46093482282362 12.833405338981908
v 46.664136877017945 39.6300550885319 13.235432323932532
v 46.664136877732275 39.6300550804856 50.7645676750642
v 46.22151212603087 39.46093483633341 51.16659465964441
v 46.04643300438543 40.07883776795185 12.96533909507626
v 46.50141997024268 40.49672657873706 13.480754753698458
v 46.94308475070889 40.902432711347146 14.047041744530251
v 46.94308475070889 40.902432711347146 49.95295825546975
v 46.50141996934355 40.49672658143336 50.51924524501698
v 46.04643300438543 40.07883776795185 51.03466090492374
v 46.321788125142376 41.405790587940274 13.785062415560928
v 46.70305681184681 41.60989356938603 14.200030284403688
v 46.70305680987186 41.6098935698142 49.79996971838902
v 46.32178812425914 41.40579057911122 50.21493758233982
v 46.058018888718934 42.079870819546926 13.954384432126183
v 46.46998353291487 42.45673336550967 14.487884264845668
v 46.885934283106856 42.84196857050203 15.100075819855675
v 46.885934283106856 42.84196857050203 48.899924180144325
v 46.46998353420488 42.456733362719795 49.51211573478417
v 46.058018888718934 42.079870819546926 50.04561556787381
v 46.215602490810824 43.34575365229054 14.842447317245052
v 46.6420252110793 43.70212920086343 15.440992557754832
v 46.64202520981388 43.70212920073929 48.55900744315844
v 46.21560249585546 43.34575365289517 49.15755268554448
v 46.40736979542067 44.33438459689985 15.695255306640904
v 46.73925522057649 44.60586801054578 16.209952772456276
v 46.73925522135671 44.60586800832049 47.79004722791847
v 46.40736979622647 44.33438459957489 48.30474469396942
v 46.04643300438543 45.04983365512752 15.95913184312667
v 46.41197362426649 45.389410064266265 16.557466310734732
v 46.77580726488352 45.73267913890656 17.224192740189288
v 46.77580726574587 45.732679138143375 46.77580726570967
v 46.41197361990104 45.38941005972076 47.44253369061344
v 46.04643300438543 45.04983365512752 48.04086815687333
v 46.092722522390524 46.092722522390524 16.913191720886093
v 46.438367062433464 46.438367062433464 17.56163293668634
v 46.77580726488771 46.77580726541248 18.267320862496252
v 46.77580726572777 46.77580726572777 45.73267913813131
v 46.438367061054315 46.4383670610713 46.43836706105998
v 46.092722522390524 46.092722522390524 47.086808279113896
v 46.092722522390524 47.086808279113896 17.907277477609473
v 46.41197362336977 47.442533688471215 18.610589938647724
v 46.7392552216266 47.79004722638951 19.394131983567444
v 46.739255221358555 47.79004722792901 44.60586800831367
v 46.411973619917916 47.442533691006496 45.38941006197984
v 46.092722522390524 47.086808279113896 46.092722522390524
v 46.04643300438543 48.04086815687333 18.95016634487248
v 46.4073697972466 48.30474469433852 19.6656154020024
v 46.64202521063515 48.55900743981102 20.297870797043384
v 46.885934283106856 48.899924180144325 21.15803142949796
v 46.885934283106856 48.899924180144325 42.84196857050203
v 46.64202520986001 48.55900743930468 43.70212920195761
v 46.40736979909787 48.304744696609056 44.33438459871274
v 46.04643300438543 48.04086815687333 45.04983365512752
v 46.215602492829674 49.15755267984799 20.654246345231225
v 46.469983532129994 49.51211573650437 21.543266636901564
v 46.7030568122246 49.79996971643532 22.39010642976273
v 46.94308475070889 49.95295825546975 23.097567288652847
v 46.94308475070889 49.95295825546975 40.902432711347146
v 46.70305681420615 49.799969715009006 41.60989357403603
v 46.46998353526001 49.51211573216294 42.45673337564745
v 46.21560249585348 49.15755268553835 43.34575365289736
v 46.058018888718934 50.04561556787381 21.920129180453074
v 46.32178812746045 50.21493758072261 22.594209404317795
v 46.50141997115044 50.51924524620005 23.503273421715697
v 46.66413687654468 50.764567678073014 24.36994491560132
v 46.885934283106856 50.91088972059604 25.256103416472172
v 46.885934283106856 50.91088972059604 38.74389658352783
v 46.66413687774774 50.7645676750503 39.63005508050725
v 46.501419971191076 50.519245245938436 40.496726578368786
v 46.321788123168325 50.21493758445984 41.40579058883514
v 46.058018888718934 50.04561556787381 42.079870819546926
v 46.04643300438543 51.03466090492374 23.92116223204814
v 46.22151212355657 51.166594659443675 24.53906517728126
v 46.42351906857963 51.41005816250517 25.622781271537512
v 46.57548935551345 51.54297353506587 26.41986610136991
v 46.6465874052652 51.73886895602131 27.393540587983296
v 46.83218452554133 51.818134632072905 28.469097012107948
v 46.88890232517633 51.91772854774218 29.5
v 46.9573419617421 51.968411207196574 30.5
v 46.9886359057859 51.9915848903591 31.333333333333332
v 46.9886359057859 51.9915848903591 32.666666666666664
v 46.9573419617421 51.968411207196574 33.5
v 46.88890232517633 51.91772854774218 34.5
v 46.83218452712468 51.81813463184576 35.53090297311561
v 46.646587405906025 51.73886895548847 36.60645941168178
v 46.57548935608767 51.54297353512072 37.58013389771351
v 46.423519067996324 51.41005816345409 38.377218730550034
v 46.22151212068422 51.16659465839247 39.46093482412882
v 46.04643300438543 51.03466090492374 40.07883776795185
v 46.04643300438543 52.03299546756873 26.878448886608684
v 46.10444822483925 52.151271907403064 27.50458342621512
v 46.2673152076135 52.244609117795264 28.55422938779587
v 46.39571814584369 52.3034107238545 29.565087401900527
v 46.48198286814587 52.33904943637544 30.54941679085311
v 46.52588087312584 52.35547436912793 31.519325529550454
v 46.52588087314161 52.355474369119186 32.48067447045283
v 46.48198286820714 52.339049436263316 33.45058320896866
v 46.39571814609972 52.30341072367747 34.43491260054486
v 46.26731520789925 52.24460911832094 35.44577060531733
v 46.10444822663195 52.151271903029794 36.49541658496094
v 46.04643300438543 52.03299546756873 37.12155111339132
v 47.0 12.0 32.0
v 47.0 12.0 32.0
v 47.032615826397354 12.97399447475928 25.922770083138836
v 47.121057845613876 12.860508571149074 26.499120851677464
v 47.308188098506754 12.72868360040983 27.574734457656845
v 47.460722611434136 12.6368798446582 28.603809800482946
v 47.49354846051425 12.520819707325177 29.53246274459988
v 47.50804089343309 12.432937036282679 30.49823763286237
v 47.49718259956728 12.373086900848776 31.50169309938258
v 47.49718259956639 12.373086900849907 32.49830690061188
v 47.508040893425395 12.432937036255248 33.501762367395635
v 47.49354846056522 12.520819707362248 34.46753725502901
v 47.46072261140078 12.636879844691414 35.396190199041044
v 47.30818809848545 12.728683601152698 36.425265543033184
v 47.121057843954034 12.860508567426418 37.50087916343715
v 47.032615826397354 12.97399447475928 38.07722991686116
v 47.130010278750945 13.890816222426189 23.764233955319515
v 47.3687332818386 13.699185824691112 24.632991225913813
v 47.50121192614949 13.479475109574992 25.505292280135492
v 47.62262983823162 13.303329257912134 26.362148257984877
v 47.82321508037172 13.177092613367739 27.467028259290842
v 47.92811448679925 13.060079653114506 28.5
v 47.989377878582275 13.008877407970553 29.06655987148601
v 47.989377878582275 13.008877407970553 34.933440128513986
v 47.92811448679925 13.060079653114506 35.5
v 47.82321508011082 13.177092614076559 36.53297174360506
v 47.622629838384405 13.30332925851273 37.637851741285175
v 47.50121192589233 13.479475109608808 38.494707719891295
v 47.36873328166481 13.699185825186474 39.36700877297796
v 47.130010278750945 13.890816222426189 40.23576604468048
v 47.11922252271848 14.894237432306868 21.824698096164628
v 47.41823307367455 14.651651694041206 22.68317244005991
v 47.60298589534921 14.47256304023617 23.349887285269215
v 47.81409934350181 14.158559665845877 24.459213341005
v 47.95745814255875 14.037617612668644 25.10219412392832
v 47.95745814255875 14.037617612668644 38.89780587607167
v 47.8140993417329 14.158559665340883 39.54078665565013
v 47.6029858948537 14.472563039360038 40.65011271526486
v 47.41823307400309 14.65165169378645 41.31682755899438
v 47.11922252271848 14.894237432306868 42.17530190383537
v 47.0 16.0 20.0
v 47.228995675003446 15.803356103941478 20.54843646199218
v 47.53124398007342 15.476206793217392 21.458812010468446
v 47.82582358862693 15.150326684427931 22.46342885080751
v 47.989377878582275 15.009970070804032 23.019481589837415
v 47.989377878582275 15.009970070804032 40.98051841016258
v 47.825823588866726 15.15032668460129 41.5365711474521
v 47.531243980455216 15.476206789955752 42.54118798876976
v 47.228995675368814 15.803356105013062 43.451563538820245
v 47.0 16.0 44.0
v 47.06515650521303 16.93484349478696 18.925307356216564
v 47.40234274245498 16.597657259325448 19.706052077138942
v 47.61671513493879 16.383284865692826 20.259847431195777
v 47.91477477048339 16.085225229516606 21.12632245032471
v 47.91477477048339 16.085225229516606 42.873677549675286
v 47.6167151345476 16.383284865520203 43.74015256901227
v 47.40234274125715 16.597657261067805 44.2939479227976
v 47.06515650521303 16.93484349478696 45.074692643783436
v 47.086808279113896 17.907277477609473 17.907277477609473
v 47.442533690010144 17.58802637563745 18.61058993634378
v 47.79004722808823 17.260744780591477 19.39413198864582
v 47.79004722691883 17.260744779690974 44.605868010205405
v 47.44253368967112 17.588026375089296 45.38941006332952
v 47.086808279113896 17.907277477609473 46.092722522390524
v 47.06515650521303 18.925307356216564 16.93484349478696
v 47.44253369129234 18.610589937115478 17.588026377055254
v 47.80032957394565 18.29425627402113 18.294256274020615
v 47.800329573717974 18.294256271038495 45.70574372857164
v 47.44253368951915 18.61058994011686 46.41197362216568
v 47.06515650521303 18.925307356216564 47.06515650521303
v 47.0 20.0 16.0
v 47.40234274245498 19.70605207713693 16.597657259326954
v 47.790047228086046 19.394131988644368 17.26074478058966
v 47.79004722710103 19.394131984701836 46.7392552210406
v 47.4023427411657 19.70605207627486 47.40234273972567
v 47.0 20.0 48.0
v 47.228995675360665 20.548436461410116 15.80335610475936
v 47.61671513457186 20.259847431558907 16.383284865690356
v 47.616715133984734 20.25984743269863 47.61671513492592
v 47.22899567484456 20.54843646163726 48.196643900249015
v 47.11922252271848 21.824698096164628 14.894237432306868
v 47.53124398017592 21.45881201169742 15.476206793102547
v 47.91477477048339 21.12632245032471 16.085225229516606
v 47.91477477048339 21.12632245032471 47.91477477048339
v 47.53124398005222 21.458812010883396 48.5237932077773
v 47.11922252271848 21.824698096164628 49.10576256769313
v 47.41823307315042 22.68317243905388 14.651651693757342
v 47.825823587413986 22.46342885205964 15.150326684718046
v 47.8258235855873 22.46342885833745 48.849673316526484
v 47.41823307418589 22.683172437982293 49.34834830521452
v 47.130010278750945 23.764233955319515 13.890816222426189
v 47.60298589480895 23.34988728413323 14.472563040275022
v 47.989377878582275 23.019481589837415 15.009970070804032
v 47.989377878582275 23.019481589837415 48.99002992919597
v 47.60298589465139 23.3498872828215 49.52743695897433
v 47.130010278750945 23.764233955319515 50.10918377757381
v 47.36873328248277 24.632991226473038 13.69918582536359
v 47.814099342235565 24.459213339285327 14.158559665349348
v 47.81409934082928 24.459213336935715 49.84144033380137
v 47.368733282347215 24.632991224271024 50.30081417513983
v 47.032615826397354 25.922770083138836 12.97399447475928
v 47.50121192591922 25.50529227942016 13.479475109265328
v 47.95745814255875 25.10219412392832 14.037617612668644
v 47.95745814255875 25.10219412392832 49.962382387331346
v 47.50121192571132 25.505292281925687 50.520524889732364
v 47.032615826397354 25.922770083138836 51.02600552524072
v 47.121057845322646 26.499120853004825 12.860508570916503
v 47.62262983823179 26.362148257985417 13.303329257912575
v 47.62262983862013 26.36214825603202 50.6966707414983
v 47.121057843681086 26.49912085592069 51.13949143429856
v 47.30818809852196 27.574734457205203 12.72868360066151
v 47.82321508036867 27.467028259607254 13.177092612638422
v 47.82321508035319 27.467028255120596 50.82290738655901
v 47.308188099030886 27.574734453364623 51.27131639972307
v 47.460722611390494 28.60380980115416 12.63687984472055
v 47.92811448679925 28.5 13.060079653114506
v 47.92811448679925 28.5 50.93992034688549
v 47.46072261153499 28.603809799392703 51.36312015503097
v 47.49354846051503 29.532462744581586 12.520819707286432
v 47.989377878582275 29.06655987148601 13.008877407970553
v 47.989377878582275 29.06655987148601 50.99112259202944
v 47.49354846059667 29.53246274445785 51.47918029261255
v 47.50804089342618 30.49823763280388 12.432937036258584
v 47.508040893448694 30.498237632533584 51.567062963731374
v 47.0 32.0 12.0
v 47.49718259957303 31.501693099406044 12.373086900854958
v 47.497182599573634 31.50169309957039 51.62691309914172
v 47.0 32.0 52.0
v 47.0 32.0 12.0
v 47.49718259956836 32.498306900560074 12.373086900848943
v 47.49718259958125 32.4983069004201 51.626913099149334
v 47.0 32.0 52.0
v 47.50804089343015 33.501762367167025 12.432937036268068
v 47.50804089346291 33.50176236717752 51.567062963691484
v 47.49354846052378 34.46753725555398 12.520819707302406
v 47.989377878582275 34.933440128513986 13.008877407970553
v 47.989377878582275 34.933440128513986 50.99112259202944
v 47.4935484605437 34.46753725390072 51.47918029254536
v 47.46072261139851 35.39619019941337 12.636879844572997
v 47.92811448679925 35.5 13.060079653114506
v 47.92811448679925 35.5 50.93992034688549
v 47.46072261160978 35.396190201367325 51.36312015536994
v 47.308188098500345 36.42526554268137 12.728683600074248
v 47.82321508004637 36.53297173894916 13.177092613920868
v 47.8232150801438 36.53297174174037 50.82290738742114
v 47.308188099556716 36.42526554572942 51.27131639840645
v 47.121057844032144 37.50087916003765 12.86050856845704
v 47.62262983838295 37.63785173993883 13.303329258337012
v 47.62262983839303 37.63785173958035 50.69667074179948
v 47.12105784628903 37.500879161575064 51.13949143326111
v 47.032615826397354 38.07722991686116 12.97399447475928
v 47.50121192590246 38.49470771967381 13.479475109411885
v 47.95745814255875 38.89780587607167 14.037617612668644
v 47.95745814255875 38.89780587607167 49.962382387331346
v 47.50121192533738 38.49470772128938 50.52052489190471
v 47.032615826397354 38.07722991686116 51.02600552524072
v 47.36873328166195 39.36700877297625 13.699185825176349
v 47.81409934173743 39.54078666176365 14.158559664490614
v 47.814099340330664 39.540786659588825 49.841440331738724
v 47.36873328175411 39.36700876793352 50.30081417734399
v 47.130010278750945 40.23576604468048 13.890816222426189
v 47.60298589463992 40.65011271693981 14.472563040373073
v 47.989377878582275 40.98051841016258 15.009970070804032
v 47.989377878582275 40.98051841016258 48.99002992919597
v 47.60298589328464 40.65011271774171 49.52743696072089
v 47.130010278750945 40.23576604468048 50.10918377757381
v 47.4182330735553 41.316827560712156 14.651651692991189
v 47.825823587906946 41.53657114951192 15.150326686437259
v 47.825823586447996 41.536571156991435 48.84967331908996
v 47.4182330733105 41.316827560983874 49.34834830849226
v 47.11922252271848 42.17530190383537 14.894237432306868
v 47.53124397982255 42.54118798726048 15.476206793027206
v 47.91477477048339 42.873677549675286 16.085225229516606
v 47.91477477048339 42.873677549675286 47.91477477048339
v 47.53124398195927 42.5411879900459 48.52379320667491
v 47.11922252271848 42.17530190383537 49.10576256769313
v 47.228995675423505 43.45156353572894 15.803356106924324
v 47.61671513423528 43.74015256999768 16.383284865852456
v 47.61671513337057 43.740152567413034 47.61671513487009
v 47.22899567566952 43.451563536069756 48.19664388460542
v 47.0 44.0 16.0
v 47.40234274125715 44.29394792279357 16.597657261065795
v 47.79004722691883 44.605868010205405 17.26074477969388
v 47.79004722734911 44.60586800556727 46.73925521955407
v 47.40234274083674 44.293947922327135 47.40234274082467
v 47.0 44.0 48.0
v 47.06515650521303 45.074692643783436 16.93484349478696
v 47.442533690152146 45.38941006140143 17.588026374950694
v 47.800329573717974 45.7057437285737 18.29425627104056
v 47.800329570712144 45.70574371990663 45.70574371990663
v 47.44253368929285 45.38941006034035 46.4119736182415
v 47.06515650521303 45.074692643783436 47.06515650521303
v 47.086808279113896 46.092722522390524 17.907277477609473
v 47.44253368912917 46.411973625405146 18.610589937327486
v 47.79004722710684 46.7392552210377 19.394131984701836
v 47.7900472273433 46.739255219548255 44.605868005578884
v 47.442533689677546 46.41197362026496 45.38941006279644
v 47.086808279113896 46.092722522390524 46.092722522390524
v 47.06515650521303 47.06515650521303 18.925307356216564
v 47.402342741515184 47.402342740071134 19.70605207489966
v 47.61671513459146 47.61671513460342 20.259847429376915
v 47.91477477048339 47.91477477048339 21.12632245032471
v 47.91477477048339 47.91477477048339 42.873677549675286
v 47.616715134828745 47.6167151340072 43.740152569811514
v 47.40234273991257 47.402342742788605 44.29394792280891
v 47.06515650521303 47.06515650521303 45.074692643783436
v 47.0 48.0 20.0
v 47.22899567348704 48.19664389646226 20.54843646763433
v 47.53124397903058 48.523793209922694 21.458812014225522
v 47.82582358691628 48.84967331517587 22.46342885425256
v 47.989377878582275 48.99002992919597 23.019481589837415
v 47.989377878582275 48.99002992919597 40.98051841016258
v 47.82582358585572 48.849673309403656 41.536571152636895
v 47.531243982322295 48.52379320536414 42.54118799252563
v 47.228995676822066 48.19664389494888 43.451563545875864
v 47.0 48.0 44.0
v 47.11922252271848 49.10576256769313 21.824698096164628
v 47.418233073470454 49.34834830589515 22.683172441653518
v 47.6029858938264 49.52743696060422 23.34988728734192
v 47.81409934081563 49.84144033381604 24.459213336941296
v 47.95745814255875 49.962382387331346 25.10219412392832
v 47.95745814255875 49.962382387331346 38.89780587607167
v 47.81409934158856 49.84144034157011 39.54078665451791
v 47.602985894941185 49.5274369613236 40.65011271577551
v 47.41823307730904 49.34834830261508 41.31682755966022
v 47.11922252271848 49.10576256769313 42.17530190383537
v 47.130010278750945 50.10918377757381 23.764233955319515
v 47.3687332823625 50.300814175127535 24.63299122433263
v 47.50121192492518 50.52052489144121 25.505292282451514
v 47.62262983811934 50.696670741015396 26.362148260195955
v 47.8232150789824 50.822907386734144 27.467028256643403
v 47.92811448679925 50.93992034688549 28.5
v 47.989377878582275 50.99112259202944 29.06655987148601
v 47.989377878582275 50.99112259202944 34.933440128513986
v 47.92811448679925 50.93992034688549 35.5
v 47.8232150808151 50.8229073852455 36.53297173463449
v 47.622629838395774 50.696670741801405 37.63785173957328
v 47.50121192612992 50.520524890913464 38.49470772009206
v 47.368733281751936 50.30081417733383 39.36700876793938
v 47.130010278750945 50.10918377757381 40.23576604468048
v 47.032615826397354 51.02600552524072 25.922770083138836
v 47.121057845501014 51.139491426415034 26.499120849233385
v 47.308188098660054 51.27131639911636 27.574734459908765
v 47.46072261144341 51.363120155159464 28.60380980005456
v 47.49354846041502 51.4791802925967 29.532462744816957
v 47.50804089340455 51.567062963716175 30.498237633124504
v 47.49718259957222 51.62691309913729 31.501693099343655
v 47.497182599577215 51.62691309913423 32.498306900647535
v 47.508040893440835 51.56706296370336 33.501762367002726
v 47.49354846050383 51.47918029264323 34.46753725513075
v 47.46072261157079 51.3631201549977 35.39619020065452
v 47.30818809887098 51.27131640027786 36.4252655468803
v 47.12105784632204 51.139491433275516 37.50087916158758
v 47.032615826397354 51.02600552524072 38.07722991686116
v 47.0 52.0 32.0
v 47.0 52.0 32.0
v 48.04086815687333 12.96533909507626 29.733226538152678
v 48.08422885349665 12.928563739777596 30.5
v 48.114785847479986 12.902647141972794 31.5
v 48.114785847479986 12.902647141972794 32.5
v 48.08422885349665 12.928563739777596 33.5
v 48.04086815687333 12.96533909507626 34.26677346184732
v 48.09177673193532 13.918017503116923 25.76886079059499
v 48.23150142400814 13.776883170437124 26.549185956878162
v 48.4027442996982 13.639040876780589 27.61132965409851
v 48.45123893273436 13.47812614065316 28.556648932413378
v 48.5637296141634 13.434157015988523 29.446677305068622
v 48.593902135571646 13.352579422578819 30.451633982436437
v 48.629056181289236 13.328442190132806 31.485606593855476
v 48.62905618129362 13.3284421901345 32.51439340607623
v 48.59390213558132 13.352579422620801 33.54836601731675
v 48.563729614196916 13.43415701609023 34.55332269455856
v 48.451238932771034 13.478126140777665 35.443351067431884
v 48.40274429998773 13.639040877043406 36.38867034568325
v 48.23150142421925 13.776883170540689 37.45081404479783
v 48.09177673193532 13.918017503116923 38.23113920940501
v 48.132550505347496 14.872561820186638 23.537920335676233
v 48.416710926089905 14.612499149799927 24.675030627147066
v 48.57033483151706 14.466711223778978 25.405173251839745
v 48.718853829139505 14.265736240509261 26.40638756889731
v 48.88894670063561 14.119054770262949 27.500709743970294
v 48.960069456759115 14.037617612668644 28.190247709088812
v 48.960069456759115 14.037617612668644 35.809752290911185
v 48.8889466983768 14.119054769020975 36.49929026133831
v 48.71885382940422 14.26573624093738 37.59361243300766
v 48.57033483181558 14.466711224775977 38.59482674696252
v 48.41671092592627 14.612499149215315 39.32496937290107
v 48.1325505080809 14.872561821906213 40.46207966048391
v 48.13236084087573 15.867639159124273 21.79298911699138
v 48.42033443395859 15.579665565438628 22.71066145943444
v 48.579504885139336 15.420495115092129 23.294816981509157
v 48.86434097394339 15.135659029358804 24.48707217078918
v 48.980051467992055 15.01994853200794 25.051055589626394
v 48.980051467992055 15.01994853200794 38.9489444103736
v 48.86434097241962 15.13565902421016 39.512927833334906
v 48.57950488482662 15.420495116191113 40.705183017767354
v 48.42033443424837 15.579665564814315 41.28933853948866
v 48.13236084087573 15.867639159124273 42.20701088300862
v 48.0 17.0 20.0
v 48.196643895791 16.771004324355292 20.548436464326812
v 48.52379320732159 16.46875602061068 21.458812011308567
v 48.84967331447986 16.17417641047942 22.46342885192624
v 48.99002992919597 16.01062212141772 23.019481589837415
v 48.99002992919597 16.01062212141772 40.98051841016258
v 48.849673315421455 16.1741764112803 41.53657114336304
v 48.52379320738963 16.46875602067233 42.54118798737351
v 48.19664389525506 16.771004320654733 43.45156354496615
v 48.0 17.0 44.0
v 48.04086815687333 17.953566995614565 18.95016634487248
v 48.30474469387264 17.592630203976473 19.66561540327772
v 48.55900744100864 17.357974789359027 20.297870796579993
v 48.899924180144325 17.114065716893137 21.15803142949796
v 48.899924180144325 17.114065716893137 42.84196857050203
v 48.559007440849335 17.35797479063985 43.70212920305056
v 48.30474469466172 17.592630200798016 44.33438459661556
v 48.04086815687333 17.953566995614565 45.04983365512752
v 48.04086815687333 18.95016634487248 17.953566995614565
v 48.39034695430948 18.64168732987536 18.641687330314767
v 48.70349233275056 18.36138755531772 19.331021657637415
v 48.960069456759115 18.048924867974016 20.05752774259684
v 48.960069456759115 18.048924867974016 43.94247225740316
v 48.7034923330877 18.361387557570616 44.66897834132006
v 48.3903469541465 18.64168733025969 45.358312670689706
v 48.04086815687333 18.95016634487248 46.04643300438543
v 48.0 20.0 17.0
v 48.3047446953364 19.66561540457844 17.59263020539594
v 48.70349233291207 19.331021657909734 18.361387555819338
v 48.980051467992055 19.026419231546136 19.026419231546136
v 48.980051467992055 19.026419231546136 44.97358076845386
v 48.70349233191421 19.331021659461776 45.63861244614915
v 48.30474469399401 19.665615404141136 46.407369797205085
v 48.0 20.0 47.0
v 48.1966438953604 20.548436461251928 16.77100432436123
v 48.55900744092209 20.297870796464593 17.357974789730292
v 48.960069456759115 20.05752774259684 18.048924867974016
v 48.960069456759115 20.05752774259684 45.951075132025984
v 48.55900744120365 20.29787079378296 46.642025211067995
v 48.196643894702625 20.548436458547656 47.228995677426816
v 48.13236084087573 21.79298911699138 15.867639159124273
v 48.52379320650601 21.458812009132487 16.468756019187367
v 48.899924180144325 21.15803142949796 17.114065716893137
v 48.899924180144325 21.15803142949796 46.885934283106856
v 48.523793207005895 21.458812007449552 47.53124398046751
v 48.13236084087573 21.79298911699138 48.13236084087573
v 48.42033443389413 22.710661460245984 15.579665565514208
v 48.84967331598091 22.46342885601011 16.174176414092177
v 48.84967331537714 22.463428856899178 47.82582358607625
v 48.420334434322605 22.71066146011138 48.42033443346163
v 48.13255050528313 23.537920335344133 14.872561820341703
v 48.57950488501087 23.29481698140014 15.420495115371647
v 48.99002992919597 23.019481589837415 16.01062212141772
v 48.99002992919597 23.019481589837415 47.989377878582275
v 48.57950488524888 23.294816981303224 48.57950488288258
v 48.13255051099547 23.537920331456064 49.12743817013773
v 48.416710925767106 24.675030627114598 14.61249914933468
v 48.864340973454645 24.48707217223419 15.135659027286314
v 48.86434097172481 24.48707216494817 48.86434097628172
v 48.4167109258636 24.675030625073784 49.387500850618416
v 48.09177673193532 25.76886079059499 13.918017503116923
v 48.570334831713225 25.405173251029584 14.466711224036626
v 48.980051467992055 25.051055589626394 15.01994853200794
v 48.980051467992055 25.051055589626394 48.980051467992055
v 48.57033483168169 25.40517325160561 49.533288776619194
v 48.09177673193532 25.76886079059499 50.08198249688307
v 48.23150142496938 26.549185959479292 13.776883171514871
v 48.71885382900722 26.406387567112613 14.265736239864749
v 48.71885382907939 26.406387573007372 49.73426375909645
v 48.231501423505875 26.54918594545092 50.22311683139223
v 48.402744299990445 27.611329656109636 13.639040877245193
v 48.88894669859195 27.500709738077447 14.119054768626546
v 48.88894669789804 27.50070973111268 49.88094523402838
v 48.40274430036081 27.611329654553 50.3609591223543
v 48.451238932874475 28.55664893377215 13.478126140841875
v 48.960069456759115 28.190247709088812 14.037617612668644
v 48.960069456759115 28.190247709088812 49.962382387331346
v 48.45123893281503 28.556648931746793 50.5218738593583
v 48.04086815687333 29.733226538152678 12.96533909507626
v 48.56372961424014 29.446677305170386 13.434157016118162
v 48.563729614162995 29.446677304178184 50.56584298410927
v 48.04086815687333 29.733226538152678 51.03466090492374
v 48.08422885349665 30.5 12.928563739777596
v 48.59390213555886 30.45163398272362 13.352579422617694
v 48.59390213558493 30.451633982986014 50.64742057729973
v 48.08422885349665 30.5 51.071436260222406
v 48.114785847479986 31.5 12.902647141972794
v 48.62905618129414 31.485606593975298 13.328442190138409
v 48.629056181291595 31.485606593962487 50.671557809866684
v 48.114785847479986 31.5 51.09735285802721
v 48.114785847479986 32.5 12.902647141972794
v 48.62905618128641 32.51439340600982 13.328442190136288
v 48.62905618129405 32.51439340598237 50.671557809858626
v 48.114785847479986 32.5 51.09735285802721
v 48.08422885349665 33.5 12.928563739777596
v 48.593902135562 33.54836601738906 13.352579422586725
v 48.593902135583726 33.548366017455876 50.64742057738502
v 48.08422885349665 33.5 51.071436260222406
v 48.04086815687333 34.26677346184732 12.96533909507626
v 48.56372961423161 34.553322694691666 13.434157016191913
v 48.56372961423552 34.55332269375741 50.56584298386215
v 48.04086815687333 34.26677346184732 51.03466090492374
v 48.451238932776285 35.443351066634946 13.478126140832636
v 48.960069456759115 35.809752290911185 14.037617612668644
v 48.960069456759115 35.809752290911185 49.962382387331346
v 48.4512389329364 35.4433510655863 50.521873858795644
v 48.40274429996178 36.38867034418395 13.639040877234622
v 48.88894669785834 36.499290259736235 14.119054767699128
v 48.88894669780617 36.499290256012465 49.88094523074487
v 48.40274429978888 36.38867034413432 50.36095912231284
v 48.23150142417992 37.4508140426938 13.776883170183636
v 48.71885382931751 37.59361242956528 14.265736240794041
v 48.718853829271964 37.593612436007675 49.73426375943297
v 48.231501424862515 37.4508140400006 50.22311683249062
v 48.09177673193532 38.23113920940501 13.918017503116923
v 48.570334831823374 38.59482674832867 14.46671122469306
v 48.980051467992055 38.9489444103736 15.01994853200794
v 48.980051467992055 38.9489444103736 48.980051467992055
v 48.570334831468145 38.594826749378264 49.533288776904776
v 48.09177673193532 38.23113920940501 50.08198249688307
v 48.41671092587833 39.324969371083256 14.612499151408514
v 48.86434097241347 39.51292783333133 15.13565902421516
v 48.864340968503356 39.512927820912935 48.86434096846631
v 48.416710927039645 39.32496936966693 49.387500850648635
v 48.13255050806699 40.462079661153446 14.87256182235428
v 48.57950488492967 40.70518301855516 15.420495115159932
v 48.99002992919597 40.98051841016258 16.01062212141772
v 48.99002992919597 40.98051841016258 47.989377878582275
v 48.579504884489054 40.705183019065615 48.57950488393768
v 48.13255051379139 40.46207966504302 49.127438168089
v 48.420334434142525 41.28933853887441 15.579665566773587
v 48.84967331444609 41.53657114651583 16.174176411662117
v 48.84967331693924 41.536571155165 47.82582358427562
v 48.420334434109996 41.28933854115929 48.4203344343475
v 48.13236084087573 42.20701088300862 15.867639159124273
v 48.52379320715161 42.541187986913215 16.468756021084094
v 48.899924180144325 42.84196857050203 17.114065716893137
v 48.899924180144325 42.84196857050203 46.885934283106856
v 48.523793209319244 42.541187988891984 47.531243982427284
v 48.13236084087573 42.20701088300862 48.13236084087573
v 48.19664389481697 43.45156353489136 16.771004326884835
v 48.55900744053779 43.70212920010756 17.357974791297643
v 48.960069456759115 43.94247225740316 18.048924867974016
v 48.960069456759115 43.94247225740316 45.951075132025984
v 48.559007441422686 43.702129200999636 46.64202520989717
v 48.19664388878202 43.451563539866534 47.22899567977844
v 48.0 44.0 17.0
v 48.30474469466172 44.334384596613845 17.59263020079574
v 48.7034923330877 44.66897834132066 18.36138755757002
v 48.980051467992055 44.97358076845386 19.026419231546136
v 48.980051467992055 44.97358076845386 44.97358076845386
v 48.70349233131989 44.668978338461145 45.63861244366894
v 48.304744693084174 44.33438459106112 46.40736979706787
v 48.0 44.0 47.0
v 48.04086815687333 45.04983365512752 17.953566995614565
v 48.390346954151056 45.35831267068515 18.64168733025741
v 48.70349233191421 45.63861244614915 19.33102165946297
v 48.960069456759115 45.951075132025984 20.05752774259684
v 48.960069456759115 45.951075132025984 43.94247225740316
v 48.703492331338985 45.638612443658204 44.66897833845041
v 48.39034695139555 45.358312670077574 45.35831267092451
v 48.04086815687333 45.04983365512752 46.04643300438543
v 48.04086815687333 46.04643300438543 18.95016634487248
v 48.30474469399401 46.4073697972068 19.66561540414
v 48.55900744071898 46.64202521095091 20.297870796246873
v 48.899924180144325 46.885934283106856 21.15803142949796
v 48.899924180144325 46.885934283106856 42.84196857050203
v 48.55900744021098 46.64202521387546 43.70212920137598
v 48.30474469270427 46.407369793151005 44.33438459178702
v 48.04086815687333 46.04643300438543 45.04983365512752
v 48.0 47.0 20.0
v 48.19664389585296 47.2289956765012 20.54843645908043
v 48.52379320835011 47.53124397712929 21.458812010796205
v 48.8496733142875 47.82582358599955 22.463428853833125
v 48.99002992919597 47.989377878582275 23.019481589837415
v 48.99002992919597 47.989377878582275 40.98051841016258
v 48.8496733131729 47.825823582952026 41.53657116123628
v 48.523793206205966 47.5312439795668 42.54118799108984
v 48.196643895248876 47.22899567801447 43.45156354655616
v 48.0 47.0 44.0
v 48.13236084087573 48.13236084087573 21.79298911699138
v 48.42033443441985 48.420334434394405 22.710661461156665
v 48.57950488475447 48.57950488355065 23.294816979780943
v 48.86434096930836 48.86434097385717 24.487072186572313
v 48.980051467992055 48.980051467992055 25.051055589626394
v 48.980051467992055 48.980051467992055 38.9489444103736
v 48.86434096844017 48.86434096851426 39.51292782089475
v 48.57950488412451 48.57950488392694 40.70518301896281
v 48.42033443430141 48.42033443428444 41.28933853733273
v 48.13236084087573 48.13236084087573 42.20701088300862
v 48.132550510918236 49.12743817109346 23.537920332758297
v 48.41671092608413 49.387500850769996 24.675030625635966
v 48.57033483112854 49.53328877550832 25.405173250355666
v 48.71885382886007 49.73426375998645 26.406387566739646
v 48.888946697764766 49.88094523417057 27.50070973110674
v 48.960069456759115 49.962382387331346 28.190247709088812
v 48.960069456759115 49.962382387331346 35.809752290911185
v 48.8889466947301 49.880945236241736 36.49929026740081
v 48.718853829175316 49.73426375986683 37.593612430444246
v 48.57033483236552 49.53328877582424 38.594826749340434
v 48.41671092675535 49.38750085000128 39.32496937102531
v 48.13255051366896 49.127438169391205 40.462079663406364
v 48.09177673193532 50.08198249688307 25.76886079059499
v 48.231501424253764 50.223116829596336 26.549185960242806
v 48.40274430048745 50.360959121966204 27.611329655132646
v 48.45123893254506 50.52187385945605 28.556648933963448
v 48.56372961411907 50.5658429839302 29.44667730452216
v 48.59390213555331 50.64742057749398 30.451633981975217
v 48.62905618129377 50.67155780985729 31.48560659359035
v 48.62905618129305 50.67155780987341 32.51439340618556
v 48.59390213551888 50.647420577405846 33.54836601715812
v 48.56372961433575 50.565842984032905 34.55332269580203
v 48.45123893312008 50.521873858963154 35.44335106742263
v 48.40274429999618 50.3609591231851 36.38867034352231
v 48.23150142474068 50.22311682925958 37.45081404971262
v 48.09177673193532 50.08198249688307 38.23113920940501
v 48.04086815687333 51.03466090492374 29.733226538152678
v 48.08422885349665 51.071436260222406 30.5
v 48.114785847479986 51.09735285802721 31.5
v 48.114785847479986 51.09735285802721 32.5
v 48.08422885349665 51.071436260222406 33.5
v 48.04086815687333 51.03466090492374 34.26677346184732
v 49.02893301227148 13.972609836519656 28.85691437575548
v 49.079455200838304 13.924781409282215 29.5
v 49.13201810154365 13.849491594601313 30.501272948096844
v 49.162035765981145 13.822734657919307 31.501978776830647
v 49.16203576601776 13.822734657932033 32.498021223304725
v 49.13201810144134 13.849491594590152 33.4987270529385
v 49.07945520083831 13.924781409282215 34.5
v 49.02893301227148 13.972609836519656 35.14308562424452
v 49.10576256769313 14.894237432306868 25.71772225629306
v 49.25884912077771 14.741150878524648 26.56473956896323
v 49.41159683831637 14.588403161465944 27.622726885904545
v 49.510314594369696 14.489685405563101 28.496233318963707
v 49.59054906344683 14.409450936516079 29.412452875142822
v 49.64988910764093 14.350110892274905 30.457758110921624
v 49.67904949256279 14.320950507436764 31.487623855483704
v 49.679049492571814 14.32095050744972 32.512376144328336
v 49.649889107663675 14.35011089233562 33.54224188880952
v 49.590549063437635 14.409450936526753 34.58754712411652
v 49.51031459438173 14.489685405660941 35.503766680866136
v 49.411596838438975 14.58840316187295 36.3772731134181
v 49.258849120953876 14.741150879146897 37.435260428049666
v 49.10576256769313 14.894237432306868 38.282277743706935
v 49.12743818041992 15.867449492902402 23.53792033939754
v 49.38750085004883 15.583289073991214 24.675030626704476
v 49.53328877573259 15.429665167769913 25.405173251405493
v 49.73426376005791 15.281146171279131 26.40638756881956
v 49.88094523253362 15.111053301547667 27.5007097359727
v 49.962382387331346 15.039930543240882 28.190247709088812
v 49.962382387331346 15.039930543240882 35.809752290911185
v 49.88094523250976 15.111053302982809 36.49929026412622
v 49.73426375971041 15.281146170538742 37.593612435038736
v 49.5332887758773 15.429665168964505 38.59482674788248
v 49.38750085007991 15.58328907351861 39.324969373997554
v 49.12743817929177 15.867449493486502 40.46207966528738
v 49.10576256769313 16.880777477281516 21.824698096164628
v 49.34834830648075 16.581766926137043 22.68317244025935
v 49.52743695997398 16.39701410554345 23.349887284540376
v 49.841440334526666 16.185900658403074 24.45921333684516
v 49.962382387331346 16.042541857441247 25.10219412392832
v 49.962382387331346 16.042541857441247 38.89780587607167
v 49.84144033567313 16.18590066069747 39.54078666295108
v 49.5274369600445 16.39701410568152 40.650112715326145
v 49.34834830595528 16.581766927892183 41.31682755960487
v 49.10576256769313 16.880777477281516 42.17530190383537
v 49.15755267886082 17.78439751095675 20.654246346504287
v 49.51211573502378 17.53001646759879 21.54326663493928
v 49.79996971545593 17.296943187837815 22.390106433165556
v 49.95295825546975 17.05691524929111 23.097567288652847
v 49.95295825546975 17.05691524929111 40.902432711347146
v 49.799969715270244 17.29694318956713 41.609893566232515
v 49.51211573508973 17.53001646775822 42.456733368109475
v 49.157552679371356 17.78439750375223 43.34575365405428
v 49.17004184978634 18.68250351838112 19.622428172644167
v 49.51625585543414 18.42203706085714 20.41437865380966
v 49.87686086898459 18.176662286969183 21.302384232749517
v 49.876860873157376 18.176662279804283 42.6976157617267
v 49.51625585517876 18.422037060833947 43.5856213506876
v 49.17004184961492 18.68250352177832 44.37757183169915
v 49.1700418497853 19.622428172643126 18.682503518379043
v 49.515673604068965 19.37773855653115 19.377738556222866
v 49.88677052377868 19.159167604513733 20.173148083521532
v 49.88677052377868 19.159167604513733 43.82685191647846
v 49.51567360289918 19.37773855664103 44.622261443707345
v 49.170041851964235 19.6224281637678 45.317496482552414
v 49.15755267981017 20.65424634853115 17.784397512534664
v 49.51625585554241 20.414378653129738 18.422037060518388
v 49.88677052377868 20.173148083521532 19.159167604513733
v 49.88677052377868 20.173148083521532 44.84083239548626
v 49.5162558542073 20.414378655979846 45.57796294151275
v 49.157552679964844 20.654246338591374 46.21560249883176
v 49.10576256769313 21.824698096164628 16.880777477281516
v 49.5121157362768 21.54326663450637 17.530016467462634
v 49.87686087504429 21.302384238489683 18.176662286668133
v 49.876860874099584 21.302384243707586 45.82333770038836
v 49.512115735346505 21.54326663402026 46.46998353429926
v 49.10576256769313 21.824698096164628 47.11922252271848
v 49.3483483059126 22.683172439466787 16.581766926546777
v 49.799969715460314 22.390106433165744 17.296943187840746
v 49.79996971503678 22.39010642557292 46.70305681113808
v 49.348348305889836 22.683172442767734 47.41823307434332
v 49.12743817985235 23.53792034093842 15.867449492684306
v 49.52743696018643 23.349887285395123 16.397014105338645
v 49.95295825546975 23.097567288652847 17.05691524929111
v 49.95295825546975 23.097567288652847 46.94308475070889
v 49.5274369601225 23.349887282171384 47.60298589677554
v 49.12743817744027 23.537920346201275 48.13255051834246
v 49.38750085050952 24.67503062793201 15.583289074416442
v 49.84144033453022 24.459213336843828 16.18590065841063
v 49.841440333965984 24.459213337022156 47.81409934323747
v 49.38750085024431 24.675030624928826 48.41671092568162
v 49.10576256769313 25.71772225629306 14.894237432306868
v 49.53328877557944 25.40517325144512 15.429665168222096
v 49.962382387331346 25.10219412392832 16.042541857441247
v 49.962382387331346 25.10219412392832 47.95745814255875
v 49.53328877623149 25.40517325143499 48.570334830876206
v 49.10576256769313 25.71772225629306 49.10576256769313
v 49.25884912077746 26.564739568964836 14.741150878519726
v 49.73426376005041 26.406387568820033 15.281146171276264
v 49.73426375886839 26.406387572982105 48.71885383033203
v 49.258849122090524 26.564739560399683 49.258849122090524
v 49.41159683842659 27.622726886424733 14.588403161480414
v 49.88094523253792 27.500709735975448 15.111053301529935
v 49.88094523445863 27.500709730438473 48.888946698248915
v 49.41159683843824 27.622726889405467 49.41159683884566
v 49.02893301227148 28.85691437575548 13.972609836519656
v 49.51031459436927 28.496233318687946 14.48968540546274
v 49.962382387331346 28.190247709088812 15.039930543240882
v 49.962382387331346 28.190247709088812 48.960069456759115
v 49.51031459425603 28.496233318382927 49.51031459440655
v 49.02893301227148 28.85691437575548 50.02739016348034
v 49.079455200838304 29.5 13.924781409282215
v 49.59054906344141 29.412452875149455 14.409450936562358
v 49.59054906339206 29.412452877046558 49.590549063407124
v 49.079455200838304 29.5 50.07521859071778
v 49.1320181013211 30.50127294848453 13.849491594287448
v 49.64988910765199 30.457758111260496 14.35011089235312
v 49.64988910764774 30.457758111311215 49.64988910768862
v 49.132018101746525 30.501272951707875 50.15050840549059
v 49.16203576599655 31.501978776836513 13.822734657919618
v 49.679049492562136 31.48762385548364 14.320950507437864
v 49.679049492562136 31.48762385558646 49.67904949255001
v 49.16203576595765 31.501978776664878 50.17726534210632
v 49.16203576602343 32.49802122330939 13.822734657930821
v 49.679049492568836 32.51237614432836 14.320950507446325
v 49.67904949255671 32.512376143892915 49.67904949255671
v 49.162035765997494 32.498021223641516 50.17726534209512
v 49.13201810143994 33.4987270527926 13.84949159451299
v 49.64988910765851 33.54224188858728 14.350110892328717
v 49.64988910761249 33.54224188806455 49.64988910757161
v 49.132018101421444 33.498727052668904 50.150508405468514
v 49.07945520083831 34.5 13.924781409282215
v 49.59054906343538 34.587547124767056 14.409450936624893
v 49.59054906341345 34.58754712417641 49.59054906341345
v 49.07945520083831 34.5 50.07521859071778
v 49.02893301227148 35.14308562424452 13.972609836519656
v 49.510314594396455 35.503766681861 14.489685405426144
v 49.962382387331346 35.809752290911185 15.039930543240882
v 49.962382387331346 35.809752290911185 48.960069456759115
v 49.51031459465388 35.5037666851092 49.510314594637755
v 49.02893301227148 35.14308562424452 50.02739016348034
v 49.41159683843505 36.377273113420166 14.58840316187051
v 49.88094523267622 36.49929026614649 15.111053303353101
v 49.880945233092284 36.49929025544479 48.88894669737681
v 49.411596838193084 36.37727311026598 49.41159683867136
v 49.258849120979306 37.435260430126455 14.741150879713171
v 49.734263759761134 37.59361243093176 15.281146171135724
v 49.73426375950624 37.59361243402976 48.718853828343704
v 49.25884912268998 37.43526043993106 49.25884912268998
v 49.10576256769313 38.282277743706935 14.894237432306868
v 49.5332887758823 38.594826750161154 15.429665167936264
v 49.962382387331346 38.89780587607167 16.042541857441247
v 49.962382387331346 38.89780587607167 47.95745814255875
v 49.533288775977766 38.594826750617244 48.570334832593666
v 49.10576256769313 38.282277743706935 49.10576256769313
v 49.38750085010554 39.324969373338305 15.583289074286078
v 49.84144033551093 39.54078665696262 16.18590065799087
v 49.841440332933146 39.540786661155614 47.81409934687742
v 49.38750085104918 39.3249693691401 48.41671092505127
v 49.127438179599274 40.462079656490126 15.867449492931359
v 49.5274369599932 40.650112716224825 16.39701410528664
v 49.95295825546975 40.902432711347146 17.05691524929111
v 49.95295825546975 40.902432711347146 46.94308475070889
v 49.527436960433285 40.65011271690436 47.60298589201234
v 49.12743817539154 40.4620796556004 48.13255052123478
v 49.34834830609057 41.316827562108564 16.58176692794306
v 49.79996971510108 41.60989356696315 17.29694318977452
v 49.799969716383885 41.60989356669161 46.703056807934416
v 49.34834830816717 41.316827562798196 47.41823307298627
v 49.10576256769313 42.17530190383537 16.880777477281516
v 49.51211573545224 42.456733365663055 17.530016466298864
v 49.87686087543775 42.69761576688389 18.17666227732791
v 49.87686086460963 42.69761578754364 45.823337731194286
v 49.51211573783127 42.45673336321634 46.469983532413856
v 49.10576256769313 42.17530190383537 47.11922252271848
v 49.15755267936175 43.34575365405504 17.78439750373836
v 49.51625585533871 43.58562134779446 18.422037063062948
v 49.88677052377868 43.82685191647846 19.159167604513733
v 49.88677052377868 43.82685191647846 44.84083239548626
v 49.51625585689698 43.58562134954513 45.577962942590915
v 49.157552687846376 43.345753653331556 46.21560249995198
v 49.17004184961492 44.37757183169499 18.68250352177832
v 49.515673603155705 44.6222614430789 19.37773855511287
v 49.88677052377868 44.84083239548626 20.173148083521532
v 49.88677052377868 44.84083239548626 43.82685191647846
v 49.515673605490285 44.62226144536092 44.622261445344336
v 49.170041852382965 44.37757183112393 45.31749648604333
v 49.170041851964235 45.31749648255553 19.62242816376988
v 49.51625585532667 45.577962941313686 20.414378647267736
v 49.876860873351134 45.82333771136073 21.302384234236204
v 49.876860875694504 45.8233377221166 42.69761575559452
v 49.51625585674455 45.57796293607922 43.585621345350226
v 49.170041852382965 45.31749648603917 44.377571831132244
v 49.157552679957234 46.21560249883296 20.65424633859214
v 49.51211573577943 46.469983530350035 21.54326663385944
v 49.7999697154439 46.70305681278008 22.390106430384474
v 49.95295825546975 46.94308475070889 23.097567288652847
v 49.95295825546975 46.94308475070889 40.902432711347146
v 49.79996971592425 46.703056814951054 41.60989357332517
v 49.51211573718694 46.46998353515525 42.45673337304499
v 49.15755268785499 46.21560249994767 43.345753653322944
v 49.10576256769313 47.11922252271848 21.824698096164628
v 49.348348305775254 47.41823307364945 22.68317244060933
v 49.52743695981315 47.602985893076315 23.349887286979218
v 49.841440333983165 47.81409934321038 24.459213337016564
v 49.962382387331346 47.95745814255875 25.10219412392832
v 49.962382387331346 47.95745814255875 38.89780587607167
v 49.841440338749806 47.81409933888379 39.540786652289
v 49.527436959432876 47.60298589426353 40.650112717178835
v 49.34834830538503 47.418233079970655 41.31682756197936
v 49.10576256769313 47.11922252271848 42.17530190383537
v 49.127438177704185 48.132550512272736 23.537920346723002
v 49.38750085043238 48.41671092591488 24.675030625506913
v 49.53328877554147 48.570334831440384 25.40517325380722
v 49.734263759567426 48.71885382949334 26.406387564875576
v 49.88094523446592 48.888946698246976 27.5007097304373
v 49.962382387331346 48.960069456759115 28.190247709088812
v 49.962382387331346 48.960069456759115 35.809752290911185
v 49.88094523517415 48.888946692441856 36.49929026425402
v 49.73426375944917 48.71885382821228 37.59361243011287
v 49.53328877635765 48.57033483064692 38.594826751037935
v 49.38750084958682 48.41671092555555 39.32496937103347
v 49.127438175971804 48.13255051301239 40.462079654304375
v 49.10576256769313 49.10576256769313 25.71772225629306
v 49.25884912209912 49.25884912209912 26.564739560405652
v 49.411596838439046 49.4115968388448 27.622726889398344
v 49.510314594327724 49.510314594171156 28.49623332061119
v 49.590549063475486 49.590549063475486 29.412452874081655
v 49.64988910766949 49.64988910766949 30.45775811207537
v 49.6790494925784 49.67904949255414 31.48762385558662
v 49.67904949255348 49.67904949255694 32.51237614389261
v 49.649889107606896 49.64988910757272 33.54224188806551
v 49.59054906340939 49.59054906340939 34.58754712417653
v 49.5103145942995 49.51031459413218 35.503766679259456
v 49.41159683819078 49.411596838671265 36.377273110263296
v 49.25884912122541 49.25884912118406 37.43526042829762
v 49.10576256769313 49.10576256769313 38.282277743706935
v 49.02893301227148 50.02739016348034 28.85691437575548
v 49.079455200838304 50.07521859071778 29.5
v 49.1320181011561 50.15050840570233 30.501272949736695
v 49.16203576595735 50.177265342148864 31.50197877665881
v 49.16203576594025 50.17726534213744 32.49802122363725
v 49.132018101657614 50.15050840513691 33.49872705331942
v 49.07945520083831 50.07521859071778 34.5
v 49.02893301227148 50.02739016348034 35.14308562424452
v 50.02739016348034 14.97106698772851 28.85691437575548
v 50.07521859071778 14.920544799161695 29.5
v 50.15050840539091 14.867981898379414 30.501272946370978
v 50.17726534209391 14.837964234045321 31.50197877671695
v 50.17726534210736 14.837964234062616 32.498021223300654
v 50.15050840541449 14.86798189817089 33.49872705486725
v 50.07521859071778 14.920544799161695 34.5
v 50.02739016348034 14.97106698772851 35.14308562424452
v 50.08198249688307 15.908223268064683 25.76886079059499
v 50.22311682970864 15.768498576524593 26.549185957549252
v 50.36095912287681 15.597255700150466 27.611329654986417
v 50.521873859320735 15.548761067275647 28.556648933113703
v 50.56584298395049 15.436270385795456 29.44667730541646
v 50.64742057739668 15.406097864436624 30.451633982630636
v 50.671557809858406 15.370943818705719 31.485606593849482
v 50.671557809868204 15.370943818712753 32.5143934061923
v 50.647420577394065 15.406097864414376 33.54836601753591
v 50.56584298391211 15.436270385808427 34.55332269425452
v 50.52187385926675 15.548761067236228 35.44335106709951
v 50.360959122856784 15.597255700176383 36.38867034323771
v 50.223116829092504 15.768498573748163 37.45081404651378
v 50.08198249688307 15.908223268064683 38.23113920940501
v 50.10918377757381 16.86998972124906 23.764233955319515
v 50.30081417546483 16.63126671936032 24.632991225200634
v 50.52052489072619 16.498788073987303 25.505292279466957
v 50.6966707422035 16.377370162067468 26.362148259312896
v 50.82290738745527 16.176784920484298 27.467028258158212
v 50.93992034688549 16.071885513200748 28.5
v 50.99112259202944 16.01062212141772 29.06655987148601
v 50.99112259202944 16.01062212141772 34.933440128513986
v 50.93992034688549 16.071885513200748 35.5
v 50.82290738696012 16.176784918694636 36.53297173872797
v 50.69667074193276 16.377370161699396 37.6378517406106
v 50.5205248907822 16.498788074271115 38.49470772047116
v 50.30081417524255 16.63126671859148 39.36700877704554
v 50.10918377757381 16.86998972124906 40.23576604468048
v 50.04561556787381 17.94198111128106 21.920129180453074
v 50.21493758323986 17.678211874606287 22.59420941004898
v 50.519245246123866 17.498580029377784 23.50327342190228
v 50.76456767702748 17.335863123985085 24.369944915901023
v 50.91088972059604 17.114065716893137 25.256103416472172
v 50.91088972059604 17.114065716893137 38.74389658352783
v 50.764567676207015 17.335863122749718 39.6300550880563
v 50.51924524609052 17.49858002986823 40.49672657794688
v 50.214937584784984 17.67821187393104 41.40579058985018
v 50.04561556787381 17.94198111128106 42.079870819546926
v 50.10012375699291 18.863330053606692 20.8398147501882
v 50.41317901007252 18.60912887455277 21.65146641484932
v 50.61070341713755 18.373750720424397 22.334905562552937
v 50.88401236996245 18.159594623265043 23.254495565381475
v 50.88401236996245 18.159594623265043 40.745504434618525
v 50.6107034168763 18.37375072368893 41.665094435177664
v 50.413179008823356 18.609128874349217 42.34853358374424
v 50.10012375699291 18.863330053606692 43.16018524981179
v 50.11823670275761 19.825834271180398 19.825834271180398
v 50.516745754640425 19.619829665472693 20.627390916611375
v 50.80205393850726 19.407808586997405 21.351948396327344
v 50.955537943261575 19.066130068062684 22.08722627213816
v 50.955537943261575 19.066130068062684 41.91277372786183
v 50.80205393814597 19.407808582041014 42.648051604692974
v 50.516745755091556 19.619829665791784 43.372609080949324
v 50.11823670275761 19.825834271180398 44.174165728819595
v 50.10012375699291 20.8398147501882 18.863330053606692
v 50.516745754449396 20.62739091645632 19.619829665272945
v 50.87862799142709 20.400639586035663 20.400639586035663
v 50.99112259202944 20.014364126304457 21.015745050452217
v 50.99112259202944 20.014364126304457 42.984254949547775
v 50.87862799156623 20.400639587137324 43.59936041512633
v 50.51674575486069 20.62739092210177 44.38017033437417
v 50.10012375699291 20.8398147501882 45.1366699463933
v 50.04561556787381 21.920129180453074 17.94198111128106
v 50.41317900962692 21.651466414287267 18.609128874604153
v 50.80205393763633 21.35194839550256 19.407808585195063
v 50.99112259202944 21.015745050452217 20.014364126304457
v 50.99112259202944 21.015745050452217 43.98563587369554
v 50.802053937519105 21.35194839502978 44.59219141342544
v 50.413179008770065 21.65146641254978 45.39087112418013
v 50.04561556787381 21.920129180453074 46.058018888718934
v 50.21493758381966 22.59420941118856 17.67821187362108
v 50.61070341717663 22.334905564763634 18.373750722016265
v 50.955537943261575 22.08722627213816 19.066130068062684
v 50.955537943261575 22.08722627213816 44.93386993193731
v 50.61070341724914 22.334905568453927 45.62624928046301
v 50.2149375844445 22.594209407770247 46.32178812373529
v 50.10918377757381 23.764233955319515 16.86998972124906
v 50.519245246032554 23.503273421408192 17.49858002922637
v 50.88401236996245 23.254495565381475 18.159594623265043
v 50.88401236996245 23.254495565381475 45.84040537673495
v 50.51924524607973 23.503273422545217 46.50141996918561
v 50.10918377757381 23.764233955319515 47.130010278750945
v 50.30081417530144 24.63299122500549 16.631266718719992
v 50.76456767595298 24.369944911074565 17.335863122073434
v 50.7645676761281 24.369944913717372 46.66413687873017
v 50.30081417480812 24.6329912204769 47.368733283129565
v 50.08198249688307 25.76886079059499 15.908223268064683
v 50.52052489058538 25.505292278854462 16.498788074297188
v 50.91088972059604 25.256103416472172 17.114065716893137
v 50.91088972059604 25.256103416472172 46.885934283106856
v 50.52052489096164 25.505292278777727 47.501211925843236
v 50.08198249688307 25.76886079059499 48.09177673193532
v 50.22311682796538 26.549185954775947 15.768498574462873
v 50.69667074174781 26.362148257866707 16.377370161460462
v 50.69667074223655 26.36214825732131 47.62262983800984
v 50.22311682913186 26.549185960904808 48.23150142191482
v 50.36095912300737 27.611329655881327 15.597255700174188
v 50.822907386861225 27.46702825520547 16.176784919255805
v 50.82290738648593 27.467028273826237 47.82321507906319
v 50.360959122659395 27.611329656123107 48.40274429986514
v 50.02739016348034 28.85691437575548 14.97106698772851
v 50.52187385916714 28.556648932546295 15.548761067167101
v 50.93992034688549 28.5 16.071885513200748
v 50.93992034688549 28.5 47.92811448679925
v 50.52187385934485 28.55664893226127 48.451238932685435
v 50.02739016348034 28.85691437575548 49.02893301227148
v 50.07521859071778 29.5 14.920544799161695
v 50.56584298394999 29.446677305546178 15.436270385898336
v 50.99112259202944 29.06655987148601 16.01062212141772
v 50.99112259202944 29.06655987148601 47.989377878582275
v 50.56584298389845 29.44667730496942 48.56372961395799
v 50.07521859071778 29.5 49.07945520083831
v 50.1505084054442 30.5012729473357 14.867981898420506
v 50.64742057740017 30.4516339825457 15.406097864398774
v 50.64742057736326 30.451633983032703 48.59390213567163
v 50.150508405410534 30.501272947301615 49.13201810173457
v 50.17726534211929 31.50197877671731 14.837964234068293
v 50.6715578098606 31.485606593904553 15.370943818710803
v 50.671557809858626 31.485606593975938 48.62905618128386
v 50.17726534210632 31.501978776402865 49.16203576595765
v 50.17726534210632 32.498021223300775 14.837964234068293
v 50.67155780985806 32.51439340610961 15.370943818705712
v 50.67155780986881 32.514393406018335 48.62905618129405
v 50.177265342158194 32.49802122361517 49.16203576590577
v 50.1505084054442 33.49872705244306 14.867981898383514
v 50.64742057739583 33.5483660171384 15.406097864427023
v 50.64742057737921 33.548366017264705 48.59390213567999
v 50.15050840573851 33.49872704777421 49.13201810147301
v 50.07521859071778 34.5 14.920544799161695
v 50.56584298390702 34.55332269490765 15.43627038583097
v 50.99112259202944 34.933440128513986 16.01062212141772
v 50.99112259202944 34.933440128513986 47.989377878582275
v 50.56584298385938 34.55332269320562 48.56372961407215
v 50.07521859071778 34.5 49.07945520083831
v 50.02739016348034 35.14308562424452 14.97106698772851
v 50.521873859291816 35.443351067211324 15.548761067085673
v 50.93992034688549 35.5 16.071885513200748
v 50.93992034688549 35.5 47.92811448679925
v 50.52187385919191 35.443351066283284 48.45123893254927
v 50.02739016348034 35.14308562424452 49.02893301227148
v 50.360959122884246 36.388670345239994 15.597255699644723
v 50.82290738710441 36.53297174270918 16.1767849186442
v 50.8229073872305 36.53297174242208 47.82321508342293
v 50.360959122793474 36.388670345929754 48.4027443008029
v 50.22311682913999 37.450814044956104 15.768498577039939
v 50.69667074193302 37.63785174061112 16.37737016170094
v 50.6966707419767 37.6378517395565 47.622629838167995
v 50.223116829175446 37.45081404145347 48.231501425877
v 50.08198249688307 38.23113920940501 15.908223268064683
v 50.5205248907762 38.49470772106672 16.498788073699075
v 50.91088972059604 38.74389658352783 17.114065716893137
v 50.91088972059604 38.74389658352783 46.885934283106856
v 50.520524890790675 38.49470771771474 47.50121192569034
v 50.08198249688307 38.23113920940501 48.09177673193532
v 50.30081417524822 39.36700877704749 16.63126671858992
v 50.76456767622143 39.63005508678942 17.33586312345776
v 50.76456767545519 39.63005508535669 46.66413687685097
v 50.300814175327005 39.36700877252985 47.368733278406275
v 50.10918377757381 40.23576604468048 16.86998972124906
v 50.51924524615987 40.49672657778612 17.498580029813688
v 50.88401236996245 40.745504434618525 18.159594623265043
v 50.88401236996245 40.745504434618525 45.84040537673495
v 50.519245246109826 40.49672657624874 46.501419969785196
v 50.10918377757381 40.23576604468048 47.130010278750945
v 50.21493758449645 41.405790583500696 17.678211878188016
v 50.610703417131894 41.66509443478249 18.373750722371888
v 50.955537943261575 41.91277372786183 19.066130068062684
v 50.955537943261575 41.91277372786183 44.93386993193731
v 50.61070341651364 41.665094429788994 45.62624927999507
v 50.21493758514501 41.40579058941931 46.32178811941362
v 50.04561556787381 42.079870819546926 17.94198111128106
v 50.4131790089802 42.34853358802298 18.609128875514653
v 50.8020539382192 42.64805160490788 19.40780858399814
v 50.99112259202944 42.984254949547775 20.014364126304457
v 50.99112259202944 42.984254949547775 43.98563587369554
v 50.80205393960687 42.64805160548762 44.592191412408624
v 50.41317900945183 42.34853359118223 45.39087112547502
v 50.04561556787381 42.079870819546926 46.058018888718934
v 50.10012375699291 43.16018524981179 18.863330053606692
v 50.516745755091556 43.372609080949324 19.619829665791784
v 50.87862799210012 43.59936041298708 20.40063958395024
v 50.99112259202944 43.98563587369554 21.015745050452217
v 50.99112259202944 43.98563587369554 42.984254949547775
v 50.87862799249281 43.59936041184884 43.599360407312346
v 50.51674575620959 43.372609081152646 44.380170335747565
v 50.10012375699291 43.16018524981179 45.1366699463933
v 50.11823670275761 44.174165728819595 19.825834271180398
v 50.51674575570459 44.380170331790964 20.627390916214104
v 50.802053937873175 44.59219141231061 21.351948400473983
v 50.955537943261575 44.93386993193731 22.08722627213816
v 50.955537943261575 44.93386993193731 41.91277372786183
v 50.802053940201944 44.592191409550296 42.64805160502547
v 50.51674575537808 44.38017033318093 43.3726090846887
v 50.11823670275761 44.174165728819595 44.174165728819595
v 50.10012375699291 45.1366699463933 20.8398147501882
v 50.413179009298126 45.39087112341158 21.651466410032505
v 50.61070341800356 45.62624927966415 22.3349055618441
v 50.88401236996245 45.84040537673495 23.254495565381475
v 50.88401236996245 45.84040537673495 40.745504434618525
v 50.61070341651364 45.62624928000044 41.66509442978631
v 50.41317900992805 45.39087112475697 42.34853358599723
v 50.10012375699291 45.1366699463933 43.16018524981179
v 50.04561556787381 46.058018888718934 21.920129180453074
v 50.214937584262444 46.32178813024197 22.594209408477916
v 50.519245246010826 46.501419969727536 23.50327342233664
v 50.76456767601317 46.664136878373405 24.369944920486645
v 50.91088972059604 46.885934283106856 25.256103416472172
v 50.91088972059604 46.885934283106856 38.74389658352783
v 50.76456767622966 46.66413687407796 39.63005508742661
v 50.519245245989396 46.50141997008973 40.49672657661336
v 50.21493758459252 46.32178812155 41.40579058594306
v 50.04561556787381 46.058018888718934 42.079870819546926
v 50.10918377757381 47.130010278750945 23.764233955319515
v 50.30081417557762 47.36873328175472 24.632991223560147
v 50.52052489065231 47.50121192418343 25.505292282064342
v 50.69667074154479 47.62262983828287 26.36214826038321
v 50.822907386379555 47.82321507967339 27.467028256727595
v 50.93992034688549 47.92811448679925 28.5
v 50.99112259202944 47.989377878582275 29.06655987148601
v 50.99112259202944 47.989377878582275 34.933440128513986
v 50.93992034688549 47.92811448679925 35.5
v 50.822907387141996 47.823215081386614 36.53297174381509
v 50.69667074197918 47.62262983817126 37.63785173955121
v 50.52052489063656 47.50121192614043 38.49470771930156
v 50.30081417534323 47.36873327838841 39.36700877251775
v 50.10918377757381 47.130010278750945 40.23576604468048
v 50.08198249688307 48.09177673193532 25.76886079059499
v 50.223116829183404 48.23150142499726 26.549185961285442
v 50.360959122885205 48.402744301430616 27.611329653496124
v 50.52187385921376 48.451238932561886 28.55664893389556
v 50.56584298392061 48.563729614439794 29.44667730347024
v 50.64742057744325 48.59390213557553 30.451633982292396
v 50.67155780986204 48.62905618129144 31.485606593753737
v 50.67155780986148 48.62905618127763 32.514393406287645
v 50.64742057738124 48.59390213550396 33.548366017141824
v 50.56584298384289 48.563729614107146 34.553322694319505
v 50.52187385948853 48.45123893268182 35.443351067800954
v 50.36095912280903 48.40274430085637 36.388670341804115
v 50.223116829397064 48.231501424872704 37.45081404981513
v 50.08198249688307 48.09177673193532 38.23113920940501
v 50.02739016348034 49.02893301227148 28.85691437575548
v 50.07521859071778 49.07945520083831 29.5
v 50.15050840565532 49.132018101341295 30.501272944848385
v 50.17726534208987 49.16203576600193 31.501978776402655
v 50.17726534215518 49.16203576585494 32.49802122361515
v 50.15050840535148 49.13201810203958 33.49872705608237
v 50.07521859071778 49.07945520083831 34.5
v 50.02739016348034 49.02893301227148 35.14308562424452
v 51.03466090492374 15.95913184312667 29.733226538152678
v 51.071436260222406 15.915771146503353 30.5
v 51.09735285802721 15.88521415252001 31.5
v 51.0973528580272 15.88521415252001 32.5
v 51.0714362602224 15.915771146503353 33.5
v 51.03466090492374 15.95913184312667 34.26677346184732
v 51.02600552524072 16.96738417360264 25.922770083138836
v 51.13949143101429 16.878942156111798 26.499120849114025
v 51.2713163994963 16.691811902171203 27.57473445599225
v 51.36312015535961 16.53927738857226 28.603809800809728
v 51.47918029267388 16.506451539449305 29.53246274482543
v 51.567062963740575 16.4919591065458 30.498237632790545
v 51.626913099147295 16.502817400424796 31.50169309941497
v 51.626913099152404 16.502817400432708 32.498306900570604
v 51.56706296373477 16.491959106550762 33.50176236741906
v 51.47918029266172 16.506451539365866 34.467537254510766
v 51.36312015534664 16.53927738826922 35.396190199279516
v 51.27131639956053 16.69181190147876 36.425265542645604
v 51.13949143104934 16.878942152831332 37.500879163657316
v 51.02600552524072 16.96738417360264 38.07722991686116
v 51.03466090492374 17.953566995614565 23.92116223204814
v 51.16659466024084 17.778487874810086 24.539065175520413
v 51.410058162612486 17.576480932311707 25.62278127262014
v 51.54297353518633 17.424510644873614 26.419866102842807
v 51.73886895614466 17.35341259413581 27.393540584605617
v 51.81813463267443 17.16781547415694 28.469097017059873
v 51.91772854774218 17.11109767482367 29.5
v 51.968411207196574 17.042658038257894 30.5
v 51.9915848903591 17.01136409421409 31.333333333333332
v 51.9915848903591 17.01136409421409 32.666666666666664
v 51.968411207196574 17.042658038257894 33.5
v 51.91772854774218 17.11109767482367 34.5
v 51.81813463234181 17.167815472656077 35.53090298658131
v 51.73886895624483 17.35341259479351 36.60645941415476
v 51.54297353504342 17.424510643732763 37.580133898189224
v 51.41005816219771 17.57648093173909 38.37721872998786
v 51.16659466007401 17.77848787521861 39.46093483070109
v 51.03466090492374 17.953566995614565 40.07883776795185
v 51.120849679063156 18.82626128993171 22.753892938804828
v 51.38790625107089 18.595239341161605 23.642067906949297
v 51.55576774214437 18.395501249862765 24.387096903915126
v 51.829190259047785 18.257563645983772 25.424880374139672
v 51.94094465343565 18.08572471458222 26.211782219942016
v 51.94094465343565 18.08572471458222 37.788217780057984
v 51.82919025881733 18.257563646598513 38.57511962151244
v 51.55576774234374 18.39550125188311 39.61290309497335
v 51.387906251309175 18.59523934054711 40.357932090360805
v 51.120849679063156 18.82626128993171 41.24610706119517
v 51.11478751910457 19.704938025575718 21.56963353517304
v 51.5445196620475 19.562931240330332 22.5731290617409
v 51.80804473240872 19.427702011267673 23.338571109211525
v 51.93247984726413 19.105938655054985 24.177280185593993
v 51.93247984726413 19.105938655054985 39.822719814406
v 51.80804473270816 19.42770201104339 40.66142888736235
v 51.54451966170706 19.562931240817832 41.4268709381042
v 51.11478751802663 19.704938027969977 42.43036646348616
v 51.109431655720094 20.592172662519012 20.59217266251848
v 51.504064910674046 20.44135050828978 21.440188901495404
v 51.93679681128778 20.297725290192417 22.462581403433095
v 51.93679681155555 20.29772529232543 41.53741859556561
v 51.50406491065047 20.441350510866034 42.559811101631546
v 51.10943165547767 20.59217266117199 43.40782734061255
v 51.11478751794771 21.569633534877372 19.704938024019803
v 51.50406490991852 21.44018889941528 20.44135050738433
v 51.91872118602346 21.31199698390912 21.311996988174055
v 51.918721185267856 21.31199698852019 42.688003020565546
v 51.504064910959286 21.44018890107623 43.55864949101019
v 51.114787518010026 21.569633536258653 44.29506197220487
v 51.120849679063156 22.753892938804828 18.82626128993171
v 51.54451966149087 22.57312906042649 19.562931239835432
v 51.93679681129031 22.462581403433095 20.297725290190836
v 51.936796811295444 22.46258140060357 43.70227471076767
v 51.544519661610074 22.573129059029277 44.437068758658825
v 51.120849679063156 22.753892938804828 45.173738710068285
v 51.03466090492374 23.92116223204814 17.953566995614565
v 51.387906251264944 23.64206790859051 18.59523934222609
v 51.808044733019344 23.338571109260734 19.42770201175567
v 51.80804473311745 23.338571106967454 44.572297988941294
v 51.387906251576 23.642067905103296 45.40476065867068
v 51.03466090492374 23.92116223204814 46.04643300438543
v 51.16659465861396 24.539065171853075 17.778487872308727
v 51.55576774235095 24.387096904269082 18.395501250834243
v 51.93247984726413 24.177280185593993 19.105938655054985
v 51.93247984726413 24.177280185593993 44.894061344945015
v 51.555767742756146 24.387096900625803 45.604498750589805
v 51.16659465982883 24.53906518078519 46.22151212355786
v 51.02600552524072 25.922770083138836 16.96738417360264
v 51.410058162349564 25.622781271593226 17.57648093179311
v 51.829190259130364 25.424880376855235 18.257563646827098
v 51.82919025926913 25.42488037478691 45.74243635552605
v 51.4100581622152 25.622781271771657 46.42351906874675
v 51.02600552524072 25.922770083138836 47.032615826397354
v 51.13949143043768 26.499120847078274 16.878942156012307
v 51.54297353514413 26.41986610217452 17.424510644695367
v 51.94094465343565 26.211782219942016 18.08572471458222
v 51.94094465343565 26.211782219942016 45.91427528541778
v 51.54297353505865 26.419866104961546 46.57548935529213
v 51.13949143199998 26.499120848793883 47.12105784131573
v 51.27131639949892 27.574734455692177 16.69181190128021
v 51.73886895632684 27.393540586691316 17.353412594535673
v 51.73886895612647 27.393540586281063 46.646587406782345
v 51.27131640000024 27.57473445271381 47.30818809809081
v 51.3631201553345 28.60380980054638 16.539277388480304
v 51.81813463272317 28.469097018911185 17.167815473716757
v 51.81813463251446 28.46909702367791 46.83218452749108
v 51.36312015541151 28.60380980098495 47.460722611676246
v 51.03466090492374 29.733226538152678 15.95913184312667
v 51.47918029264003 29.532462744849887 16.506451539434124
v 51.91772854774218 29.5 17.11109767482367
v 51.91772854774218 29.5 46.88890232517633
v 51.479180292671415 29.53246274543244 47.49354846064001
v 51.03466090492374 29.733226538152678 48.04086815687333
v 51.071436260222406 30.5 15.915771146503353
v 51.567062963731836 30.49823763252475 16.491959106537394
v 51.968411207196574 30.5 17.042658038257894
v 51.968411207196574 30.5 46.9573419617421
v 51.56706296374473 30.498237632541485 47.508040893461
v 51.071436260222406 30.5 48.08422885349665
v 51.09735285802721 31.5 15.88521415252001
v 51.62691309914725 31.50169309935918 16.50281740042912
v 51.9915848903591 31.333333333333332 17.01136409421409
v 51.9915848903591 31.333333333333332 46.9886359057859
v 51.626913099146385 31.50169309954552 47.49718259957732
v 51.09735285802721 31.5 48.114785847479986
v 51.0973528580272 32.5 15.88521415252001
v 51.62691309914608 32.49830690062271 16.50281740042433
v 51.9915848903591 32.666666666666664 17.01136409421409
v 51.9915848903591 32.666666666666664 46.9886359057859
v 51.626913099149334 32.498306900452455 47.49718259958125
v 51.0973528580272 32.5 48.114785847479986
v 51.0714362602224 33.5 15.915771146503353
v 51.56706296373497 33.50176236706591 16.49195910654423
v 51.968411207196574 33.5 17.042658038257894
v 51.968411207196574 33.5 46.9573419617421
v 51.56706296373166 33.501762367057204 47.50804089347235
v 51.0714362602224 33.5 48.08422885349665
v 51.03466090492374 34.26677346184732 15.95913184312667
v 51.47918029266529 34.46753725488387 16.506451539486186
v 51.91772854774218 34.5 17.11109767482367
v 51.91772854774218 34.5 46.88890232517633
v 51.47918029254537 34.46753725402373 47.49354846030005
v 51.03466090492374 34.26677346184732 48.04086815687333
v 51.363120155358246 35.396190199656814 16.53927738837409
v 51.81813463237137 35.53090298658188 17.167815472656105
v 51.818134632487244 35.530902977492374 46.83218452711327
v 51.36312015527481 35.3961902001589 47.46072261159067
v 51.27131639960474 36.425265542491566 16.69181190207462
v 51.738868956268355 36.60645941362141 17.353412594529175
v 51.73886895596289 36.60645941265208 46.64658740645535
v 51.27131639933291 36.42526554078363 47.30818809869632
v 51.13949143108008 37.500879150813994 16.878942152996324
v 51.54297353505235 37.58013389721119 17.424510643691804
v 51.94094465343565 37.788217780057984 18.08572471458222
v 51.94094465343565 37.788217780057984 45.91427528541778
v 51.542973534561035 37.58013389868473 46.575489355163946
v 51.13949143046684 37.50087914787738 47.121057851267146
v 51.02600552524072 38.07722991686116 16.96738417360264
v 51.410058162196506 38.37721872897586 17.576480931360148
v 51.8291902588306 38.57511963131768 18.257563644913606
v 51.829190258295 38.57511962469191 45.742436354288536
v 51.410058162707315 38.37721872628378 46.423519070393354
v 51.02600552524072 38.07722991686116 47.032615826397354
v 51.16659465999188 39.46093482902718 17.778487874893393
v 51.55576774240334 39.61290309773428 18.39550125035118
v 51.93247984726413 39.822719814406 19.105938655054985
v 51.93247984726413 39.822719814406 44.894061344945015
v 51.555767742729806 39.612903095610314 45.604498750330364
v 51.16659466002035 39.46093481737307 46.221512123053586
v 51.03466090492374 40.07883776795185 17.953566995614565
v 51.38790625132648 40.35793209075043 18.595239340809513
v 51.808044732775976 40.66142888942424 19.427702011041035
v 51.80804473377945 40.66142888800526 44.57229798798669
v 51.38790625156929 40.3579320946349 45.404760659518445
v 51.03466090492374 40.07883776795185 46.04643300438543
v 51.120849679063156 41.24610706119517 18.82626128993171
v 51.54451966176108 41.42687093835893 19.562931239149673
v 51.93679681155808 41.537418595576355 20.29772529233807
v 51.93679680979966 41.537418599488774 43.70227471210701
v 51.54451966159825 41.42687094025801 44.43706875914287
v 51.120849679063156 41.24610706119517 45.173738710068285
v 51.11478751803751 42.430366463487005 19.70493802798374
v 51.50406491083932 42.55981109490051 20.441350508944378
v 51.91872118602566 42.68800301995337 21.31199698154341
v 51.91872118889163 42.688003014150624 42.68800299773365
v 51.50406491098993 42.55981110008912 43.558649495356214
v 51.114787519367695 42.43036646083867 44.2950619736808
v 51.10943165537333 43.40782734081598 20.59217266312043
v 51.50406491058402 43.558649493907176 21.440188902067824
v 51.93679681128533 43.70227471078157 22.46258140060104
v 51.93679680979461 43.70227471210701 41.537418599501414
v 51.50406491119229 43.55864948643452 42.559811095573096
v 51.10943165547096 43.407827337329806 43.40782733657334
v 51.114787518155346 44.29506197297798 21.569633532739374
v 51.544519661611396 44.43706875866412 22.573129059029277
v 51.80804473283673 44.5722979860445 23.33857110963008
v 51.93247984726413 44.894061344945015 24.177280185593993
v 51.93247984726413 44.894061344945015 39.822719814406
v 51.80804473232543 44.57229798934253 40.66142888879227
v 51.54451966063624 44.437068757541894 41.426870938603024
v 51.11478751936226 44.29506197370833 42.43036646084513
v 51.120849679063156 45.173738710068285 22.753892938804828
v 51.38790625159663 45.40476065958395 23.642067909834296
v 51.5557677424736 45.60449875082404 24.38709690817909
v 51.82919025882541 45.742436354950115 25.424880376459758
v 51.94094465343565 45.91427528541778 26.211782219942016
v 51.94094465343565 45.91427528541778 37.788217780057984
v 51.82919025869336 45.74243635252022 38.57511962726111
v 51.55576774285824 45.604498749352715 39.61290309475129
v 51.38790625102497 45.40476065842926 40.35793209023542
v 51.120849679063156 45.173738710068285 41.24610706119517
v 51.03466090492374 46.04643300438543 23.92116223204814
v 51.16659466106736 46.22151212366235 24.539065163908226
v 51.41005816223181 46.42351906869545 25.622781269974574
v 51.54297353529187 46.575489355129676 26.419866101418908
v 51.73886895644211 46.646587404112715 27.39354058790351
v 51.818134632389125 46.832184527281 28.469097016825383
v 51.91772854774218 46.88890232517633 29.5
v 51.968411207196574 46.9573419617421 30.5
v 51.9915848903591 46.9886359057859 31.333333333333332
v 51.9915848903591 46.9886359057859 32.666666666666664
v 51.968411207196574 46.9573419617421 33.5
v 51.91772854774218 46.88890232517633 34.5
v 51.81813463249939 46.83218452710349 35.53090297749273
v 51.73886895639797 46.646587406085544 36.60645941332404
v 51.54297353490836 46.57548935558363 37.580133897344965
v 51.41005816245242 46.423519068466575 38.377218729661166
v 51.16659465828242 46.221512126092755 39.460934833336076
v 51.03466090492374 46.04643300438543 40.07883776795185
v 51.02600552524072 47.032615826397354 25.922770083138836
v 51.1394914311676 47.121057843477324 26.4991208530362
v 51.27131639947935 47.30818809921935 27.57473445793557
v 51.363120155422884 47.46072261153117 28.60380980172204
v 51.47918029269735 47.493548460542975 29.532462745615288
v 51.56706296372678 47.50804089341432 30.498237633130774
v 51.62691309914426 47.49718259957403 31.50169309930917
v 51.626913099138356 47.49718259959697 32.498306900693926
v 51.56706296372962 47.50804089346503 33.501762367019786
v 51.479180292727285 47.49354846067524 34.46753725684577
v 51.3631201554136 47.46072261162052 35.396190199788634
v 51.27131640006902 47.30818809893225 36.425265549272254
v 51.13949143097999 47.12105785068178 37.50087917456056
v 51.02600552524072 47.032615826397354 38.07722991686116
v 51.03466090492374 48.04086815687333 29.733226538152678
v 51.071436260222406 48.08422885349665 30.5
v 51.09735285802721 48.114785847479986 31.5
v 51.0973528580272 48.114785847479986 32.5
v 51.0714362602224 48.08422885349665 33.5
v 51.03466090492374 48.04086815687333 34.26677346184732
v 52.0 17.0 32.0
v 52.0 17.0 32.0
v 52.03299546756873 17.953566995614565 26.878448886608684
v 52.15127190542438 17.895551773690457 27.504583421139124
v 52.24460911797481 17.732684792428085 28.554229390919318
v 52.30341072370915 17.604281854050647 29.565087401833406
v 52.33904943628849 17.51801713173996 30.54941679015184
v 52.355474369129844 17.47411912686727 31.519325529592
v 52.355474369131535 17.4741191268676 32.48067447038402
v 52.33904943629366 17.518017131802342 33.450583209997156
v 52.30341072369126 17.604281853849727 34.43491259758485
v 52.244609117887066 17.73268479299097 35.44577061121976
v 52.15127190618889 17.895551777519977 36.495416574816765
v 52.03299546756873 17.953566995614565 37.12155111339132
v 52.057676454116745 18.91289240160042 24.84394685226066
v 52.19401058558079 18.72811014523885 25.569869457809272
v 52.399724828140435 18.58181318867241 26.592457380504406
v 52.56342418708818 18.493085640287674 27.495832379172526
v 52.69904525900866 18.430581119448764 28.411618713312503
v 52.76753293837413 18.30776269663023 29.441449793481006
v 52.79423150246033 18.197223839508077 30.47667291510783
v 52.80604728307212 18.141178627422484 31.494167417979583
v 52.80604728308971 18.14117862743132 32.50583258190355
v 52.794231502495364 18.197223839587874 33.52332708552889
v 52.767532938403704 18.3077626968047 34.558550206771024
v 52.699045259063155 18.43058111995517 35.588381284970815
v 52.563424187179756 18.493085640567738 36.504167619809984
v 52.39972482811429 18.58181318830912 37.4075426192523
v 52.19401058576176 18.72811014813253 38.43013054521752
v 52.057676454116745 18.91289240160042 39.156053147739335
v 52.0 20.0 23.0
v 52.09931375177894 19.78621552204024 23.5057432048598
v 52.41929867866334 19.59725365997087 24.607283041573822
v 52.592529031259 19.424775340066347 25.42096371289542
v 52.809991021331555 19.31713408644595 26.395653028644407
v 52.901659488474984 19.03022940733259 27.512996871653996
v 52.99200209784136 19.01320413201834 28.047504532082435
v 52.99200209784136 19.01320413201834 35.95249546791756
v 52.90165948862151 19.03022940822166 36.48700312685784
v 52.80999102144515 19.317134084131037 37.604346973114296
v 52.59252903142813 19.424775338835854 38.57903628439982
v 52.41929867859328 19.59725365983964 39.39271695629633
v 52.09931375209058 19.786215524966824 40.49425677954675
v 52.0 20.0 41.0
v 52.03299546756873 20.941591002356148 21.936078398723836
v 52.15372912858893 20.545446649665138 22.614824222963506
v 52.50843261195237 20.48699985264103 23.489095384380022
v 52.80159111418909 20.418568733115755 24.34633382082477
v 52.92777476740779 20.129702836514433 25.230400729196667
v 52.92777476740779 20.129702836514433 38.769599270803326
v 52.80159111398828 20.4185687319209 39.653666178821716
v 52.508432611948756 20.48699985196509 40.510904616070675
v 52.153729128374756 20.545446650713778 41.38517577962317
v 52.03299546756873 20.941591002356148 42.063921601276164
v 52.03299546756873 21.936078398723836 20.941591002356148
v 52.23106628661229 21.60488235367732 21.60488235268777
v 52.563039574086915 21.44652932132093 22.445181688928333
v 52.94074884693576 21.33304546236859 23.451390791549752
v 52.99200209784136 21.015745050452217 24.02209712299241
v 52.99200209784136 21.015745050452217 39.97790287700759
v 52.94074884748925 21.333045467694188 40.54860920494473
v 52.56303957448531 21.446529325691223 41.5548183112381
v 52.231066286734 21.604882352356256 42.39511764443695
v 52.03299546756873 21.936078398723836 43.05840899764385
v 52.0 23.0 20.0
v 52.153729128049164 22.61482422135649 20.545446647976267
v 52.5630395744152 22.445181690230736 21.44652932149244
v 52.94027459452588 22.336622482420943 22.33662248242475
v 52.94027459467797 22.336622478417446 41.66337751729467
v 52.56303957474573 22.445181686518605 42.55347068006479
v 52.15372912844073 22.61482422024901 43.45455335171094
v 52.0 23.0 44.0
v 52.099313751774716 23.505743204857986 19.78621552203135
v 52.50843261188681 23.489095383581986 20.486999852473826
v 52.94074884692875 23.451390789001678 21.333045461866273
v 52.94074884723302 23.45139078898138 42.666954534320254
v 52.508432611868244 23.489095383325164 43.51300014706425
v 52.09931375273592 23.50574320132388 44.21378447682722
v 52.057676454116745 24.84394685226066 18.91289240160042
v 52.41929867881846 24.607283041751494 19.59725366025847
v 52.801591113786394 24.34633382083209 20.418568733108867
v 52.99200209784136 24.02209712299241 21.015745050452217
v 52.99200209784136 24.02209712299241 42.984254949547775
v 52.80159111411217 24.346333821376568 43.581431268381905
v 52.41929867859208 24.607283040621375 44.40274634077295
v 52.057676454116745 24.84394685226066 45.08710759839958
v 52.1940105859357 25.56986945866483 18.72811014597195
v 52.592529031220906 25.420963714676613 19.424775340655906
v 52.92777476740779 25.230400729196667 20.129702836514433
v 52.92777476740779 25.230400729196667 43.87029716348557
v 52.59252903146299 25.420963712802845 44.57522466142763
v 52.19401058565059 25.56986945670481 45.27188985737108
v 52.03299546756873 26.878448886608684 17.953566995614565
v 52.39972482823849 26.592457380572167 18.581813189209136
v 52.809991021320755 26.395653026161817 19.31713408470229
v 52.80999102147342 26.395653027169367 44.682865912760285
v 52.399724828149665 26.592457380166977 45.41818681218676
v 52.03299546756873 26.878448886608684 46.04643300438543
v 52.15127190637482 27.50458342256374 17.895551776873564
v 52.56342418708359 27.49583237996913 18.493085640226532
v 52.90165949052876 27.512996890351122 19.03022941206766
v 52.901659487315456 27.51299686930721 44.96977059481104
v 52.563424187183735 27.49583238172001 45.506914358923325
v 52.151271907001814 27.50458340475443 46.10444822634161
v 52.24460911783177 28.554229389662535 17.732684792039077
v 52.69904525907384 28.411618713486412 18.4305811195915
v 52.99200209784136 28.047504532082435 19.01320413201834
v 52.99200209784136 28.047504532082435 44.986795867981655
v 52.69904525900759 28.411618715291638 45.56941888031638
v 52.244609117824055 28.554229391376463 46.26731520719194
v 52.30341072368499 29.565087402155086 17.604281853976225
v 52.76753293836332 29.441449793480164 18.307762696611302
v 52.76753293838939 29.441449793148138 45.69223730298277
v 52.30341072369936 29.565087401779213 46.395718146160746
v 52.33904943628891 30.549416790151728 17.518017131740276
v 52.794231502457805 30.476672915106224 18.197223839504453
v 52.79423150256417 30.47667291386027 45.80277616047204
v 52.33904943628446 30.54941679094452 46.481982868319214
v 52.0 32.0 17.0
v 52.355474369127414 31.519325529608853 17.474119126859023
v 52.80604728307985 31.494167417982418 18.141178627428594
v 52.80604728308841 31.49416741821753 45.85882137262166
v 52.35547436913111 31.519325529560138 46.52588087312642
v 52.0 32.0 47.0
v 52.0 32.0 17.0
v 52.355474369131656 32.480674470383725 17.474119126867503
v 52.80604728309772 32.50583258190579 18.141178627428594
v 52.80604728310629 32.50583258180272 45.858821372585915
v 52.35547436913188 32.48067447045255 46.5258808731403
v 52.0 32.0 47.0
v 52.33904943628347 33.4505832101084 17.51801713172703
v 52.794231502467944 33.5233270852188 18.19722383953052
v 52.79423150257727 33.52332708605296 45.80277616047204
v 52.339049436301984 33.450583209249345 46.48198286824066
v 52.303410723689794 34.43491259814961 17.604281854270827
v 52.76753293839057 34.55855020677445 18.30776269660906
v 52.76753293850869 34.558550206238195 45.69223730281905
v 52.30341072378583 34.43491259946833 46.39571814608368
v 52.24460911788492 35.44577061122055 17.732684792987047
v 52.699045259053236 35.58838128637399 18.430581119543955
v 52.99200209784136 35.95249546791756 19.01320413201834
v 52.99200209784136 35.95249546791756 44.986795867981655
v 52.69904525908363 35.58838128506251 45.56941888049987
v 52.244609117839275 35.445770607104684 46.267315208395274
v 52.15127190621832 36.49541657607573 17.895551777781236
v 52.563424187148904 36.504167619613526 18.493085640293213
v 52.90165948903956 36.48700311332683 19.030229413172545
v 52.90165948696197 36.48700313648276 44.96977059131596
v 52.56342418713309 36.50416761798833 45.506914359147565
v 52.15127190686739 36.49541659596586 46.10444822516768
v 52.03299546756873 37.12155111339132 17.953566995614565
v 52.399724828081986 37.40754261894901 18.581813188704864
v 52.80999102148383 37.60434697105509 19.31713408545137
v 52.809991021439565 37.60434696815065 44.682865912895224
v 52.39972482819654 37.40754261881492 45.41818681071561
v 52.03299546756873 37.12155111339132 46.04643300438543
v 52.19401058574915 38.43013054369555 18.728110146575673
v 52.59252903142916 38.57903628817598 19.42477533963865
v 52.92777476740779 38.769599270803326 20.129702836514433
v 52.92777476740779 38.769599270803326 43.87029716348557
v 52.59252903153398 38.579036285614784 44.57522466103615
v 52.19401058575808 38.430130542316604 45.271889856749006
v 52.057676454116745 39.156053147739335 18.91289240160042
v 52.41929867856881 39.39271696061175 19.597253658915164
v 52.80159111397794 39.6536661778805 20.41856873395808
v 52.99200209784136 39.97790287700759 21.015745050452217
v 52.99200209784136 39.97790287700759 42.984254949547775
v 52.80159111427685 39.65366617759094 43.58143126685295
v 52.41929867885882 39.39271696117715 44.40274633853684
v 52.057676454116745 39.156053147739335 45.08710759839958
v 52.09931375207696 40.49425677955139 19.78621552496826
v 52.508432612021146 40.51090461616445 20.486999852193932
v 52.94074884753054 40.54860920788311 21.33304545955887
v 52.940748847102036 40.54860920494207 42.66695454188863
v 52.50843261200357 40.51090461787031 43.51300014488369
v 52.099313750289724 40.494256769993825 44.21378447722448
v 52.0 41.0 20.0
v 52.15372912845271 41.38517577705046 20.545446651590947
v 52.563039574360126 41.55481830986094 21.446529323676277
v 52.940274594356325 41.66337751657178 22.336622480445183
v 52.940274594215346 41.66337751457953 41.663377521875226
v 52.5630395749342 41.554818311265215 42.55347068046507
v 52.15372912985066 41.385175777196345 43.45455335134459
v 52.0 41.0 44.0
v 52.03299546756873 42.063921601276164 20.941591002356148
v 52.23106628640912 42.39511765001331 21.604882353219274
v 52.56303957452404 42.55347067814303 22.445181688206826
v 52.94074884723302 42.66695453432284 23.45139078898138
v 52.99200209784136 42.984254949547775 24.02209712299241
v 52.99200209784136 42.984254949547775 39.97790287700759
v 52.94074884726735 42.666954540413556 40.54860921087553
v 52.56303957465086 42.55347068025347 41.5548183130714
v 52.23106628586312 42.39511764490959 42.395117647545526
v 52.03299546756873 42.063921601276164 43.05840899764385
v 52.03299546756873 43.05840899764385 21.936078398723836
v 52.15372912786013 43.454553347087824 22.614824226676802
v 52.50843261186642 43.51300014705877 23.489095383321516
v 52.80159111394828 43.58143126747508 24.34633382035679
v 52.92777476740779 43.87029716348557 25.230400729196667
v 52.92777476740779 43.87029716348557 38.769599270803326
v 52.801591114000075 43.58143126581127 39.65366618425357
v 52.50843261187534 43.51300014642234 40.51090461603247
v 52.15372912794175 43.45455335048063 41.38517577974212
v 52.03299546756873 43.05840899764385 42.063921601276164
v 52.0 44.0 23.0
v 52.09931375273827 44.213784476826774 23.505743201315372
v 52.41929867859496 44.402746340775835 24.60728304062714
v 52.592529031502295 44.575224657062904 25.420963714705536
v 52.80999102145384 44.682865915560456 26.395653024794544
v 52.90165948791847 44.96977059139876 27.512996890236895
v 52.99200209784136 44.986795867981655 28.047504532082435
v 52.99200209784136 44.986795867981655 35.95249546791756
v 52.90165948859152 44.96977059701688 36.48700310667376
v 52.80999102070839 44.682865913574716 37.604346970179485
v 52.59252903135727 44.57522465779728 38.57903628116971
v 52.41929867862386 44.40274634035943 39.39271695747762
v 52.099313750318366 44.213784477192114 40.49425676998731
v 52.0 44.0 41.0
v 52.057676454116745 45.08710759839958 24.84394685226066
v 52.194010586290275 45.2718898546654 25.56986945534286
v 52.399724828361634 45.41818681201231 26.592457380596418
v 52.56342418716944 45.50691435917537 27.495832381089702
v 52.69904525907801 45.56941888023714 28.411618714327542
v 52.76753293840673 45.69223730296326 29.44144979315032
v 52.79423150256214 45.802776160478835 30.476672913863396
v 52.80604728310671 45.8588213725965 31.494167418221345
v 52.806047283115824 45.85882137258422 32.5058325818068
v 52.79423150243852 45.802776160572726 33.523327086909646
v 52.76753293842491 45.692237302571115 34.55855020577294
v 52.699045259090006 45.56941888032711 35.588381287684996
v 52.56342418690966 45.50691435960161 36.5041676176913
v 52.39972482778722 45.41818681108309 37.40754262207563
v 52.19401058604265 45.271889857836214 38.43013053777256
v 52.057676454116745 45.08710759839958 39.156053147739335
v 52.03299546756873 46.04643300438543 26.878448886608684
v 52.15127190701227 46.104448226187586 27.5045834123368
v 52.244609118099866 46.26731520671923 28.55422938754051
v 52.3034107237155 46.39571814615909 29.565087401784314
v 52.33904943628473 46.48198286832039 30.549416790945322
v 52.35547436913038 46.52588087313033 31.519325529561122
v 52.355474369121765 46.52588087313782 32.48067447044033
v 52.33904943626221 46.48198286823432 33.450583208853594
v 52.303410723565044 46.39571814590057 34.43491259852262
v 52.244609117843105 46.26731520839232 35.44577060710455
v 52.151271904759106 46.10444822065023 36.49541656102225
v 52.03299546756873 46.04643300438543 37.12155111339132
v 52.0 47.0 32.0
v 52.0 47.0 32.0
v 53.04719173914336 18.925307356216564 28.714171198749103
v 53.17482955176713 18.937456109808473 29.508567169817145
v 53.21344632252179 18.846490735244817 30.51714408902361
v 53.230280164857064 18.79866146922932 31.507672870220834
v 53.23028016486696 18.79866146923438 32.49232712976923
v 53.213446322520774 18.84649073519471 33.48285591048461
v 53.17482955182462 18.937456110305913 34.49143283519482
v 53.04719173914336 18.925307356216564 35.285828801250894
v 53.031484918150916 19.946221654780192 25.897067395863335
v 53.14846251223798 19.8325768832148 26.52834137323449
v 53.26012042718865 19.580013825324688 27.62261000386776
v 53.38490560599128 19.504867403427845 28.525505267860794
v 53.511700736875746 19.48890084760405 29.496892147039933
v 53.61077097979631 19.499297049530238 30.499362515482986
v 53.65995069556394 19.504304095854447 31.499984355598485
v 53.659950695564675 19.50430409585531 32.50001564422152
v 53.61077097979491 19.499297049534448 33.500637484260395
v 53.51170073685341 19.488900847516557 34.50310785248554
v 53.38490560600586 19.504867403329513 35.47449473159066
v 53.26012042725987 19.5800138245788 36.3773899996873
v 53.14846251238592 19.832576880193763 37.47165862614217
v 53.031484918150916 19.946221654780192 38.10293260413666
v 53.09817231595647 20.83499855079763 24.554919682040786
v 53.327712606470264 20.60619964936979 25.619753401345115
v 53.51117793711817 20.489354144017476 26.493580012293332
v 53.67915866825207 20.404514711604982 27.419212959451738
v 53.809362714640024 20.303918619867343 28.4131155290929
v 53.84009651326672 20.090112917167538 29.473795928147457
v 53.93700763944557 20.11874401457092 30.5
v 53.959953715804886 20.075491826837172 31.5
v 53.959953715804886 20.075491826837172 32.5
v 53.93700763944557 20.11874401457092 33.5
v 53.84009651336252 20.090112918410057 34.52620406757623
v 53.80936271467129 20.303918620153567 35.58688446982283
v 53.67915866829821 20.404514711913404 36.58078704072226
v 53.51117793721124 20.489354144087496 37.50641998728262
v 53.32771260638557 20.606199650747076 38.3802465998454
v 53.098172315929176 20.834998556785912 39.44508031238252
v 53.023622577350814 21.952040119397758 22.94703330495343
v 53.11944114504895 21.57915173053534 23.586098488603092
v 53.42395214670877 21.496297579058197 24.502074508747096
v 53.66631880080519 21.396090164590294 25.401016791436238
v 53.88051759477099 21.253338722507944 26.429480591390778
v 53.96183750343505 21.07885486816508 27.184889004473092
v 53.96183750343505 21.07885486816508 36.81511099552691
v 53.88051759512935 21.25333872446535 37.5705194026402
v 53.6663188008576 21.396090163555005 38.59898320814273
v 53.423952146675255 21.496297578881762 39.49792549371319
v 53.11944114543669 21.57915172896128 40.41390151064932
v 53.023622577350814 21.952040119397758 41.052966695046564
v 53.023622577350814 22.94703330495343 21.952040119397758
v 53.17479667296919 22.591495528903945 22.591495530503614
v 53.51074226557679 22.490411456927262 23.491058459212322
v 53.77812211979196 22.372447804775625 24.358280802647915
v 53.9388624205323 22.139732564272766 25.204718432011113
v 53.9388624205323 22.139732564272766 38.79528156798888
v 53.77812211993412 22.372447806424038 39.64171919709143
v 53.51074226550675 22.490411458182358 40.50894154227281
v 53.174796673066744 22.591495530080664 41.40850446714012
v 53.023622577350814 22.94703330495343 42.047959880602235
v 53.11944114508584 23.586098489603113 21.579151731415134
v 53.51074226559303 23.491058459217566 22.490411456892343
v 53.83657209310515 23.38187336769953 23.381873368308163
v 53.96948297616554 23.078022040167582 24.088496668128734
v 53.96948297616554 23.078022040167582 39.91150333187126
v 53.83657209294141 23.381873369341484 40.61812663227888
v 53.51074226551425 23.49105845827827 41.50958854371842
v 53.11944114553411 23.586098484793876 42.42084827102831
v 53.098172315118944 24.554919681498905 20.834998551782213
v 53.423952146539065 24.502074508683577 21.496297578912735
v 53.77812211999838 24.358280802418616 22.372447804753183
v 53.96948297616554 24.088496668128734 23.078022040167582
v 53.96948297616554 24.088496668128734 40.92197795983242
v 53.77812211988097 24.35828080099938 41.627552195538705
v 53.42395214666602 24.50207450966211 42.50370241934312
v 53.098172316547426 24.55491969056941 43.16500144971139
v 53.031484918150916 25.897067395863335 19.946221654780192
v 53.32771260624568 25.6197533985123 20.606199649589776
v 53.666318800932174 25.40101679306833 21.396090165340116
v 53.9388624205323 25.204718432011113 22.139732564272766
v 53.9388624205323 25.204718432011113 41.86026743572723
v 53.666318800846696 25.401016791497387 42.603909832783046
v 53.327712606112144 25.61975340088872 43.39380035102544
v 53.031484918150916 25.897067395863335 44.053778345219804
v 53.148462511915845 26.52834137347992 19.832576878846876
v 53.511177937311395 26.493580012660516 20.489354144209774
v 53.88051759509638 26.429480594512086 21.253338724963726
v 53.88051759506998 26.42948059655964 42.74666127957584
v 53.51117793720643 26.493580011828346 43.51064585605035
v 53.14846251269279 26.52834137155152 44.167423120773876
v 53.2601204272359 27.622610003802063 19.580013825410113
v 53.6791586683318 27.41921295939481 20.40451471227324
v 53.96183750343505 27.184889004473092 21.07885486816508
v 53.96183750343505 27.184889004473092 42.92114513183492
v 53.67915866824061 27.41921295979344 43.595485288759434
v 53.26012042728719 27.62261000379804 44.41998617452128
v 53.04719173914336 28.714171198749103 18.925307356216564
v 53.38490560599786 28.52550526817092 19.504867403358244
v 53.80936271454693 28.413115527893037 20.303918619534592
v 53.80936271465935 28.413115531787515 43.696081380481296
v 53.38490560605114 28.52550526619679 44.49513259705652
v 53.04719173914336 28.714171198749103 45.074692643783436
v 53.174829551998364 29.508567170014633 18.937456110814228
v 53.51170073681932 29.496892146596927 19.488900847381487
v 53.84009651331255 29.47379593442693 20.090112916920724
v 53.84009651330221 29.473795940371485 43.90988708123463
v 53.5117007368143 29.496892148049284 44.51109915243152
v 53.17482955196374 29.5085671693231 45.06254389044335
v 53.21344632253483 30.517144088599625 18.846490735291543
v 53.61077097979181 30.49936251556102 19.499297049544758
v 53.93700763944557 30.5 20.11874401457092
v 53.93700763944557 30.5 43.88125598542908
v 53.61077097979095 30.499362516178277 44.500702950375754
v 53.21344632261237 30.51714408762948 45.153509264655014
v 53.23028016486062 31.507672870219032 18.798661469238553
v 53.659950695567204 31.499984355670737 19.504304095854653
v 53.959953715804886 31.5 20.075491826837172
v 53.959953715804886 31.5 43.92450817316283
v 53.659950695559324 31.499984355649758 44.49569590413939
v 53.23028016486606 31.507672870833805 45.2013385307323
v 53.23028016486727 32.492327129767375 18.798661469238553
v 53.659950695569236 32.50001564433117 19.504304095854653
v 53.959953715804886 32.5 20.075491826837172
v 53.959953715804886 32.5 43.92450817316283
v 53.659950695567446 32.5000156444033 44.49569590415564
v 53.23028016489038 32.49232712907478 45.20133853066199
v 53.21344632251451 33.48285591167162 18.846490735248125
v 53.610770979783624 33.500637484715796 19.499297049561637
v 53.93700763944557 33.5 20.11874401457092
v 53.93700763944557 33.5 43.88125598542908
v 53.61077097979248 33.50063748376047 44.50070295042007
v 53.21344632263585 33.48285591117779 45.15350926441952
v 53.174829552013065 34.491432838004535 18.93745611003261
v 53.51170073686573 34.503107852625 19.48890084763746
v 53.84009651338097 34.52620406506736 20.09011291728918
v 53.84009651344609 34.52620406475675 43.90988708293704
v 53.51170073688513 34.50310785423028 44.51109915252109
v 53.174829551639334 34.491432822817295 45.06254389035907
v 53.04719173914336 35.285828801250894 18.925307356216564
v 53.384905606033435 35.47449473078358 19.504867403476013
v 53.80936271468787 35.58688447053625 20.30391861980171
v 53.809362714455524 35.58688447115985 43.69608137999577
v 53.38490560598946 35.47449473058895 44.495132596188
v 53.04719173914336 35.285828801250894 45.074692643783436
v 53.260120427262706 36.377389997719824 19.580013824826054
v 53.67915866828787 36.58078704036112 20.40451471186734
v 53.96183750343505 36.81511099552691 21.07885486816508
v 53.96183750343505 36.81511099552691 42.92114513183492
v 53.67915866839382 36.58078704254565 43.5954852886851
v 53.26012042708542 36.377389996020035 44.419986175375534
v 53.14846251247244 37.47165862867061 19.832576883496614
v 53.51117793720792 37.50641998735142 20.48935414349279
v 53.88051759511197 37.57051940576842 21.253338723141848
v 53.880517595074146 37.570519403112115 42.74666128045381
v 53.51117793720242 37.5064199883081 43.51064585607443
v 53.14846251185206 37.4716586234798 44.16742312444079
v 53.031484918150916 38.10293260413666 19.946221654780192
v 53.32771260639326 38.38024660161734 20.606199649947236
v 53.666318800838646 38.59898320563148 21.396090166492645
v 53.9388624205323 38.79528156798888 22.139732564272766
v 53.9388624205323 38.79528156798888 41.86026743572723
v 53.66631880085903 38.598983208851145 42.60390983418335
v 53.32771260619255 38.380246599897156 43.39380035026301
v 53.031484918150916 38.10293260413666 44.053778345219804
v 53.098172316102364 39.44508031744554 20.834998553077735
v 53.42395214667878 39.49792549102498 21.496297579497938
v 53.77812211994989 39.6417191993416 22.372447803824098
v 53.96948297616554 39.91150333187126 23.078022040167582
v 53.96948297616554 39.91150333187126 40.92197795983242
v 53.77812211990277 39.641719202202765 41.62755219624976
v 53.42395214652233 39.49792548936746 42.5037024190956
v 53.09817231738363 39.44508030498755 43.165001450394485
v 53.11944114537052 40.41390150847025 21.57915173577925
v 53.51074226546785 40.50894154110798 22.49041145859575
v 53.83657209294141 40.61812663228086 23.381873369341484
v 53.96948297616554 40.92197795983242 24.088496668128734
v 53.96948297616554 40.92197795983242 39.91150333187126
v 53.836572093186355 40.61812663296292 40.61812663296689
v 53.5107422652089 40.508941540117135 41.50958854228092
v 53.11944114607274 40.41390151079647 42.42084826941439
v 53.023622577350814 41.052966695046564 21.952040119397758
v 53.17479667313953 41.408504471294236 22.591495527304744
v 53.510742265414436 41.509588543978545 23.49105845851424
v 53.77812211990684 41.62755219441328 24.358280803367787
v 53.9388624205323 41.86026743572723 25.204718432011113
v 53.9388624205323 41.86026743572723 38.79528156798888
v 53.77812211969072 41.62755219653506 39.641719198871144
v 53.5107422652089 41.50958854228092 40.508941540117135
v 53.17479667352626 41.40850446763775 41.408504465318565
v 53.023622577350814 41.052966695046564 42.047959880602235
v 53.023622577350814 42.047959880602235 22.94703330495343
v 53.11944114553482 42.42084827102972 23.586098484792338
v 53.423952146720445 42.50370241851687 24.502074509362505
v 53.666318800790066 42.60390983529161 25.40101679381101
v 53.88051759506672 42.74666127524708 26.42948059725641
v 53.96183750343505 42.92114513183492 27.184889004473092
v 53.96183750343505 42.92114513183492 36.81511099552691
v 53.880517595083056 42.74666127897395 37.57051941071721
v 53.666318800789604 42.60390983351151 38.598983202098836
v 53.42395214697469 42.503702421028194 39.49792549417977
v 53.11944114607274 42.42084826941231 40.41390151079855
v 53.023622577350814 42.047959880602235 41.052966695046564
v 53.098172316209464 43.16500144857953 24.55491968867055
v 53.32771260658267 43.393800349141124 25.619753398528417
v 53.51117793717454 43.51064585617284 26.49358001157329
v 53.679158668265885 43.59548528886335 27.41921296038103
v 53.8093627147214 43.696081380077004 28.41311553062842
v 53.840096513475316 43.909887083510505 29.473795928201923
v 53.93700763944557 43.88125598542908 30.5
v 53.959953715804886 43.92450817316283 31.5
v 53.959953715804886 43.92450817316283 32.5
v 53.93700763944557 43.88125598542908 33.5
v 53.84009651341144 43.90988708298436 34.52620406475636
v 53.80936271449238 43.69608137954705 35.58688447181546
v 53.67915866803903 43.5954852874903 36.580787039387886
v 53.511177937181344 43.51064585614536 37.50641998836842
v 53.327712605807974 43.393800353385096 38.38024660195525
v 53.09817231526872 43.165001453684695 39.44508031054457
v 53.031484918150916 44.053778345219804 25.897067395863335
v 53.14846251251724 44.16742312170423 26.528341370765713
v 53.26012042716768 44.419986174853285 27.622610006427365
v 53.38490560612028 44.495132596874605 28.52550526851054
v 53.511700736887704 44.5110991524437 29.496892145133607
v 53.61077097978074 44.50070295047066 30.49936251557854
v 53.659950695570934 44.49569590414147 31.499984355716737
v 53.659950695565065 44.495695904138195 32.50001564428619
v 53.61077097977992 44.500702950429655 33.500637483770646
v 53.511700736825155 44.51109915236952 34.50310785237305
v 53.38490560603272 44.495132596657804 35.47449473269173
v 53.26012042731737 44.419986174293584 36.377389999942935
v 53.14846251275273 44.16742311657626 37.47165862973934
v 53.031484918150916 44.053778345219804 38.10293260413666
v 53.04719173914336 45.074692643783436 28.714171198749103
v 53.17482955178819 45.0625438873105 29.508567175237115
v 53.21344632257096 45.15350926494435 30.517144086104505
v 53.230280164866734 45.201338530734155 31.50767287083472
v 53.230280164888626 45.201338530675095 32.492327129075086
v 53.21344632251846 45.15350926485823 33.48285591305529
v 53.1748295517074 45.06254388927828 34.49143282360184
v 53.04719173914336 45.074692643783436 35.285828801250894
v 54.03010860510265 20.941591002356148 27.851555671139756
v 54.15152169627122 20.936822255878027 28.516012076566504
v 54.208842815138084 20.77354424902754 29.550498504082032
v 54.23670968604749 20.652718044410022 30.545157969697385
v 54.2485750539177 20.590621305487048 31.517482245045652
v 54.24857505391777 20.59062130549787 32.48251775494999
v 54.23670968603739 20.652718044445255 33.45484203044085
v 54.20884281515081 20.773544249238363 34.44950149555317
v 54.15152169631625 20.93682225441933 35.48398792056743
v 54.03010860510265 20.941591002356148 36.148444328860236
v 54.0376216114346 21.920129180453074 25.87138509867778
v 54.14642842267775 21.737767237084302 26.568131037999972
v 54.31241768456489 21.60324418709543 27.587791623265733
v 54.42044022345899 21.48519664700293 28.49431309285978
v 54.55911794237936 21.495264280594643 29.498292659801166
v 54.650616082734615 21.501366582976424 30.499830017189993
v 54.696085823193776 21.50422711645668 31.50007662381392
v 54.69608582319699 21.504227116461134 32.49992337622509
v 54.650616082733606 21.501366582981937 33.5001699829905
v 54.55911794235794 21.495264280716054 34.50170734085688
v 54.420440223437275 21.485196646976945 35.505686907078626
v 54.312417684554255 21.603244186459573 36.412208378036105
v 54.146428422583995 21.73776723417797 37.43186896391433
v 54.0376216114346 21.920129180453074 38.128614901322216
v 54.082579809409175 22.806399230939434 24.7551633347954
v 54.29126300694679 22.62673386749986 25.626495724325462
v 54.46659541303487 22.48941972074308 26.49314667086062
v 54.695778766646924 22.50349729559353 27.50094260650995
v 54.80817262040181 22.401018778516473 28.38765890315485
v 54.85116618561986 22.17467188471237 29.44318297840963
v 54.89322203623197 22.073577906454567 30.492132287819686
v 54.95082092734283 22.11773408246822 31.5
v 54.95082092734283 22.11773408246822 32.5
v 54.89322203624332 22.07357790655355 33.50786771236676
v 54.8511661856644 22.174671884884944 34.556817021612716
v 54.80817262035743 22.401018778922676 35.61234109604812
v 54.6957787666733 22.503497295242912 36.4990573936536
v 54.466595413037204 22.48941972090132 37.506853329047985
v 54.29126300691178 22.626733866263933 38.37350427600339
v 54.082579809409175 22.806399230939434 39.244836665204595
v 54.08824466327302 23.715330914424406 23.715330914424406
v 54.349206516135645 23.580345699285996 24.580316518400256
v 54.60452567735038 23.498093868082552 25.498105150568968
v 54.78050673548893 23.358422335055447 26.36597737799685
v 54.933549563466855 23.115111982654707 27.487938595544367
v 54.992725288929876 23.019481589837415 28.047504532082435
v 54.992725288929876 23.019481589837415 35.95249546791756
v 54.9335495635063 23.11511198305928 36.51206140412913
v 54.78050673550859 23.358422334707647 37.634022624068145
v 54.604525677396694 23.49809386897928 38.5018948479164
v 54.349206516224754 23.580345699850195 39.41968348220991
v 54.088244664104124 23.715330908565495 40.28466908430339
v 54.082579809409175 24.7551633347954 22.806399230939434
v 54.34920651619618 24.58031651787779 23.580345698248426
v 54.65012181128138 24.500194486622863 24.500194486629532
v 54.88716025355633 24.402327782616858 25.37926600069669
v 54.97086374995706 24.088496668128734 26.120872314434166
v 54.97086374995706 24.088496668128734 37.879127685565834
v 54.887160253534006 24.402327782257565 38.620733998697744
v 54.65012181141499 24.50019448714928 39.4998055126351
v 54.349206516101184 24.58031651855967 40.419654301139474
v 54.082579809409175 24.7551633347954 41.193600769060566
v 54.0376216114346 25.87138509867778 21.920129180453074
v 54.29126300698207 25.62649572480793 22.626733867246305
v 54.60452567726304 25.49810515111776 23.498093868974035
v 54.8871602535607 25.379266000703243 24.402327782619043
v 54.9854443332431 25.051055589626394 25.051055589626394
v 54.9854443332431 25.051055589626394 38.9489444103736
v 54.887160253549816 25.379266000385623 39.597672218048515
v 54.60452567739839 25.498105150986262 40.50190613217633
v 54.291263007046894 25.626495725039995 41.37326613377045
v 54.0376216114346 25.87138509867778 42.079870819546926
v 54.146428422693035 26.56813103334218 21.737767237519883
v 54.46659541302689 26.49314667057966 22.489419721162623
v 54.78050673533542 26.365977376790784 23.358422334842118
v 54.97086374995706 26.120872314434166 24.088496668128734
v 54.97086374995706 26.120872314434166 39.91150333187126
v 54.780506735452995 26.36597737568911 40.641577664352724
v 54.46659541309061 26.493146669644688 41.510580279681086
v 54.14642842254264 26.56813104147018 42.262232763300304
v 54.03010860510265 27.851555671139756 20.941591002356148
v 54.312417684576744 27.587791624187005 21.603244187657772
v 54.69577876669859 27.500942607067056 22.503497295339486
v 54.933549563275 27.48793859442195 23.115111983694185
v 54.93354956356523 27.487938594411688 40.88488801835759
v 54.69577876663312 27.500942607256295 41.49650270449039
v 54.31241768449015 27.587791622869656 42.39675581305398
v 54.03010860510265 27.851555671139756 43.05840899764385
v 54.15152169622162 28.51601207583651 20.936822254791394
v 54.42044022343045 28.494313092177322 21.485196646865557
v 54.808172620334176 28.387658902424793 22.401018778011995
v 54.992725288929876 28.047504532082435 23.019481589837415
v 54.992725288929876 28.047504532082435 40.98051841016258
v 54.808172620342646 28.387658904308438 41.598981221698786
v 54.420440223421956 28.494313092820224 42.514803353517614
v 54.15152169623642 28.5160120764286 43.06317774413192
v 54.20884281514727 29.550498505496204 20.77354424881341
v 54.559117942368395 29.49829265930072 21.495264280717652
v 54.8511661856143 29.443182978408196 22.17467188470862
v 54.85116618561923 29.443182982162444 41.825328115048144
v 54.55911794235413 29.49829266041141 42.50473571941252
v 54.20884281526576 29.55049850487115 43.2264557504484
v 54.23670968604893 30.54515796943963 20.65271804445793
v 54.650616082733656 30.499830017212744 21.501366582973276
v 54.89322203622087 30.492132287816265 22.073577906432053
v 54.89322203625585 30.492132286783416 41.92642209327895
v 54.65061608272899 30.499830017126172 42.49863341699198
v 54.23670968604362 30.54515796983316 43.34728195552017
v 54.248575053919396 31.51748224504586 20.59062130548839
v 54.69608582319594 31.500076623877806 21.50422711645868
v 54.95082092734283 31.5 22.11773408246822
v 54.95082092734283 31.5 41.88226591753178
v 54.696085823197734 31.50007662393685 42.49577288353268
v 54.2485750539136 31.51748224465806 43.409378694520136
v 54.248575053919396 32.48251775495002 20.590621305500267
v 54.696085823198175 32.49992337622526 21.504227116463145
v 54.95082092734283 32.5 22.11773408246822
v 54.95082092734283 32.5 41.88226591753178
v 54.69608582319582 32.499923375982945 42.49577288352227
v 54.2485750539145 32.48251775517071 43.40937869450423
v 54.23670968604164 33.45484203009746 20.65271804445793
v 54.65061608272921 33.50016998282949 21.50136658297772
v 54.8932220362424 33.50786771236417 22.073577906546202
v 54.893222036211455 33.5078677133346 41.92642209374671
v 54.65061608272254 33.500169982770586 42.49863341701117
v 54.23670968603633 33.4548420301944 43.3472819556368
v 54.20884281514357 34.449501495947075 20.77354424924297
v 54.559117942364175 34.501707340203275 21.495264280717272
v 54.851166185659054 34.556817021611025 22.174671884877633
v 54.85116618573732 34.55681702389155 41.82532811547271
v 54.55911794234706 34.501707340796926 42.504735719287886
v 54.20884281506376 34.44950149424245 43.22645575067726
v 54.15152169636367 35.483987930765686 20.936822255025525
v 54.42044022344802 35.50568690723012 21.485196647461137
v 54.80817262035625 35.61234109703511 22.40101877853944
v 54.992725288929876 35.95249546791756 23.019481589837415
v 54.992725288929876 35.95249546791756 40.98051841016258
v 54.80817262034096 35.61234109638892 41.598981221038905
v 54.42044022344776 35.50568690802332 42.514803353371065
v 54.15152169714319 35.48398791851385 43.06317774448138
v 54.03010860510265 36.148444328860236 20.941591002356148
v 54.31241768458296 36.41220837843351 21.603244187105567
v 54.69577876667715 36.4990573938581 22.503497295759754
v 54.933549563511264 36.51206140412582 23.115111983049346
v 54.93354956389529 36.512061405145474 40.88488801665932
v 54.69577876676168 36.499057393815285 41.496502705080204
v 54.31241768445548 36.41220837613877 42.39675581365757
v 54.03010860510265 36.148444328860236 43.05840899764385
v 54.14642842259676 37.43186896385483 21.737767236792305
v 54.46659541303306 37.506853329628065 22.489419719969884
v 54.78050673550759 37.63402262439668 23.358422335199343
v 54.97086374995706 37.879127685565834 24.088496668128734
v 54.97086374995706 37.879127685565834 39.91150333187126
v 54.780506735418165 37.63402262243248 40.64157766343089
v 54.466595413043564 37.50685332893832 41.510580278362056
v 54.14642842244977 37.43186896690019 42.26223276039487
v 54.0376216114346 38.128614901322216 21.920129180453074
v 54.29126300695175 38.373504274262565 22.626733865171754
v 54.60452567738911 38.50189484825695 23.49809387023287
v 54.887160253536194 38.62073399869556 24.402327782261935
v 54.9854443332431 38.9489444103736 25.051055589626394
v 54.9854443332431 38.9489444103736 38.9489444103736
v 54.88716025363635 38.620734000235764 39.597672218658595
v 54.604525677378824 38.50189484724693 40.50190613023299
v 54.29126300727783 38.37350427593871 41.3732661353776
v 54.0376216114346 38.128614901322216 42.079870819546926
v 54.082579809409175 39.244836665204595 22.806399230939434
v 54.3492065162452 39.41968347873657 23.580345700594762
v 54.650121811464814 39.49980551364093 24.500194486339065
v 54.887160253549816 39.5976722180507 25.37926600039436
v 54.97086374995706 39.91150333187126 26.120872314434166
v 54.97086374995706 39.91150333187126 37.879127685565834
v 54.88716025360206 39.59767221846364 38.62073399929683
v 54.65012181139231 39.499805511524464 39.49980551122215
v 54.349206515988655 39.4196834832959 40.41965430091284
v 54.082579809409175 39.244836665204595 41.193600769060566
v 54.0882446639684 40.28466908739509 23.715330914641495
v 54.34920651627962 40.41965430019076 24.58031651732333
v 54.60452567741317 40.50190613179982 25.49810515112347
v 54.78050673545464 40.641577664351075 26.365977375686075
v 54.933549563562856 40.884888018350054 27.487938594408842
v 54.992725288929876 40.98051841016258 28.047504532082435
v 54.992725288929876 40.98051841016258 35.95249546791756
v 54.9335495638986 40.88488801667256 36.512061405145474
v 54.78050673560578 40.64157766452714 37.634022625729195
v 54.60452567721182 40.50190613140273 38.50189485030199
v 54.34920651592329 40.41965429834742 39.41968348223532
v 54.088244663936166 40.284669081684456 40.28466908549544
v 54.082579809409175 41.193600769060566 24.7551633347954
v 54.29126300683929 41.37326613378698 25.626495724368553
v 54.466595413015106 41.51058027856209 26.49314667145151
v 54.69577876663705 41.49650270441401 27.50094260653803
v 54.808172620413586 41.59898122134114 28.387658903154577
v 54.85116618571405 41.825328114999 29.443182977439175
v 54.893222036237624 41.926422093626776 30.49213228707484
v 54.95082092734283 41.88226591753178 31.5
v 54.95082092734283 41.88226591753178 32.5
v 54.893222036214965 41.9264220937436 33.507867713333056
v 54.85116618573713 41.82532811551008 34.556817023892265
v 54.808172620336485 41.59898122156416 35.6123410964008
v 54.695778766618304 41.496502704566666 36.49905739297462
v 54.46659541305318 41.510580280302996 37.506853331059034
v 54.291263007021634 41.37326613423955 38.3735042763612
v 54.082579809409175 41.193600769060566 39.244836665204595
v 54.0376216114346 42.079870819546926 25.87138509867778
v 54.146428422621455 42.26223276506623 26.568131035656638
v 54.31241768463455 42.39675581301915 27.587791623766776
v 54.42044022343297 42.51480335278713 28.494313093654952
v 54.55911794235112 42.50473571929492 29.498292659263548
v 54.65061608272779 42.49863341699066 30.499830017125362
v 54.69608582319777 42.495772883531274 31.500076623937048
v 54.69608582319577 42.49577288353437 32.49992337619982
v 54.65061608273726 42.49863341701671 33.500169983112976
v 54.55911794231848 42.504735719419244 34.50170734079033
v 54.42044022340936 42.51480335324833 35.505686907988135
v 54.31241768464889 42.39675581195329 36.412208374888486
v 54.146428423015 42.262232764791406 37.43186896298518
v 54.0376216114346 42.079870819546926 38.128614901322216
v 54.03010860510265 43.05840899764385 27.851555671139756
v 54.15152169658034 43.06317774329397 28.516012077760845
v 54.208842815095274 43.22645575096377 29.55049850520266
v 54.23670968603923 43.347281955562245 30.545157969618735
v 54.24857505390948 43.40937869451568 31.51748224465709
v 54.24857505391172 43.409378694507694 32.48251775517245
v 54.23670968603439 43.347281955627075 33.45484203083643
v 54.208842815131895 43.226455750777276 34.44950149559727
v 54.1515216965234 43.063177745005916 35.483987934892134
v 54.03010860510265 43.05840899764385 36.148444328860236
v 55.0432416356558 22.89419097754331 28.714171198749103
v 55.16018940774829 22.90137218155679 29.53966729135465
v 55.18970652531718 22.758294108691054 30.545495004232315
v 55.200353343768235 22.68073722085265 31.518624235891235
v 55.20035334376668 22.68073722085823 32.48137576411515
v 55.18970652531423 22.758294108698102 33.45450499576752
v 55.16018940777454 22.901372181653926 34.460332708376264
v 55.0432416356558 22.89419097754331 35.285828801250894
v 55.05042960018612 23.862196717325364 26.78753898110083
v 55.15225427517819 23.620890398038483 27.626851990522475
v 55.27440912196743 23.528370130911643 28.534960538441965
v 55.38402953679831 23.489287894063963 29.49651064940199
v 55.47097938863672 23.493072087433273 30.498559539046468
v 55.51423514275651 23.494802253422336 31.499619142375227
v 55.514235142761635 23.4948022534442 32.50038085759797
v 55.47097938863583 23.49307208743378 33.501440461552676
v 55.384029536791274 23.489287893993744 34.50348935008072
v 55.274409122011534 23.528370131272602 35.46503946027554
v 55.15225427515454 23.62089039753349 36.373148008305265
v 55.05042960018612 23.862196717325364 37.21246101889916
v 55.07157805677544 24.75225845172493 25.646896666392973
v 55.2747358629498 24.61240745486985 26.604413644054045
v 55.427446452346295 24.49205107816782 27.494896280048618
v 55.60016539802454 24.49795946047997 28.498722974405148
v 55.72825451867928 24.50133262201791 29.500176292128717
v 55.81299911650067 24.50304911445984 30.500434326607348
v 55.85534643777907 24.50418637026258 31.500680237041006
v 55.855346437776966 24.504186370256456 32.49931976295699
v 55.81299911650244 24.50304911446035 33.49956567332249
v 55.72825451866963 24.501332621733194 34.49982370831406
v 55.60016539798522 24.49795946012957 35.50127702628289
v 55.42744645235504 24.49205107794484 36.50510371980142
v 55.27473586302038 24.612407454566096 37.39558635491195
v 55.07157805664128 24.752258446537024 38.353103338235144
v 55.07157805677544 25.646896666392973 24.75225845172493
v 55.288836812913615 25.554833622120093 25.554833621163013
v 55.51403278979283 25.495663784338138 26.49619319629604
v 55.728170958324604 25.50097867949684 27.50046535769993
v 55.83396524113154 25.350513963450904 28.38032596156574
v 55.91150908875498 25.15189766427455 29.432948859417298
v 55.97387584229409 25.095783644174883 30.5
v 55.99304073850159 25.025517401638186 31.333333333333332
v 55.99304073850159 25.025517401638186 32.666666666666664
v 55.97387584229409 25.095783644174883 33.5
v 55.911509088731215 25.151897664639115 34.56705113967268
v 55.83396524113019 25.350513963257377 35.61967403861077
v 55.7281709583571 25.5009786796434 36.499534642232874
v 55.51403278977339 25.49566378422919 37.50380680391372
v 55.288836812924636 25.554833621852627 38.44516637813169
v 55.071578056662844 25.646896662558262 39.247741550702344
v 55.05042960018612 26.78753898110083 23.862196717325364
v 55.274735862952454 26.604413644056706 24.61240745487406
v 55.514032789796 26.496193196255636 25.495663784346622
v 55.77057688328471 26.50135992578862 26.50135992578923
v 55.93421611511737 26.41511192297327 27.379887576169335
v 55.97910424924104 26.09061759428038 28.142628478607907
v 55.97910424924104 26.09061759428038 35.85737152139209
v 55.934216115114644 26.41511192381414 36.620112424014295
v 55.770576883282146 26.50135992636372 37.49864007401836
v 55.514032789766354 26.49619319668473 38.50433621574559
v 55.274735863000124 26.60441364494415 39.38759254449222
v 55.05042960018612 26.78753898110083 40.137803282674625
v 55.152254275043774 27.62685199135528 23.62089039736405
v 55.42744645234757 27.49489628005134 24.49205107817027
v 55.72817095831542 27.500465357479307 25.50097867951351
v 55.9342161151011 27.379887575747404 26.415111923730947
v 55.99304073850159 27.03691818433449 27.03691818433449
v 55.99304073850159 27.03691818433449 36.963081815665504
v 55.93421611512029 27.37988757588225 37.58488807638333
v 55.72817095834886 27.50046535857633 38.49902131965953
v 55.42744645237555 27.494896280045918 39.50794892167195
v 55.15225427514395 27.62685198973742 40.37910960209427
v 55.0432416356558 28.714171198749103 22.89419097754331
v 55.274409122046954 28.534960539006928 23.52837013098953
v 55.6001653980119 28.498722973559374 24.497959460194647
v 55.833965241116275 28.3803259615612 25.35051396343905
v 55.97910424924104 28.142628478607907 26.09061759428038
v 55.97910424924104 28.142628478607907 37.90938240571961
v 55.833965241120204 28.380325961466827 38.64948603609755
v 55.60016539798791 28.498722973506517 39.50204054012926
v 55.2744091220085 28.534960538423583 40.47162986931011
v 55.0432416356558 28.714171198749103 41.10580902245668
v 55.1601894077507 29.53966729135778 22.901372181558198
v 55.38402953679424 29.49651064975885 23.489287894057654
v 55.72825451868028 29.500176292128927 24.5013326220161
v 55.911509088755196 29.432948859416545 25.151897664268446
v 55.9115090887527 29.432948860424503 38.84810233513341
v 55.72825451865674 29.500176291799583 39.49866737800363
v 55.38402953680007 29.496510649578017 40.51071210595378
v 55.160189407771995 29.539667292989296 41.09862781884208
v 55.18970652531504 30.54549500423242 22.75829410868802
v 55.47097938864178 30.49855953886134 23.49307208742445
v 55.812999116500364 30.50043432660704 24.503049114458076
v 55.97387584229409 30.5 25.095783644174883
v 55.97387584229409 30.5 38.90421635582511
v 55.81299911649516 30.500434326672654 39.49695088553
v 55.47097938863917 30.49855953872022 40.50692791259237
v 55.1897065253219 30.545495003454718 41.24170589155487
v 55.20035334377217 31.51862423589188 22.68073722086233
v 55.51423514275804 31.49961914237581 23.494802253428336
v 55.85534643777685 31.50068023704236 24.50418637025496
v 55.99304073850159 31.333333333333332 25.025517401638186
v 55.99304073850159 31.333333333333332 38.9744825983618
v 55.85534643777775 31.500680237070497 39.49581362975711
v 55.514235142760704 31.499619142392948 40.505197746564086
v 55.20035334376125 31.51862423596619 41.319262779157164
v 55.2003533437682 32.48137576411593 22.68073722086233
v 55.51423514276276 32.500380857598344 23.494802253446238
v 55.85534643777685 32.49931976295694 24.50418637025496
v 55.99304073850159 32.666666666666664 25.025517401638186
v 55.99304073850159 32.666666666666664 38.9744825983618
v 55.85534643777775 32.49931976292809 39.49581362975711
v 55.514235142760704 32.500380857605556 40.505197746564086
v 55.20035334376071 32.48137576405492 41.3192627791756
v 55.18970652532028 33.45450499576561 22.758294108709006
v 55.47097938863727 33.50144046155205 23.493072087436815
v 55.81299911650175 33.499565673335056 24.503049114480145
v 55.97387584229409 33.5 25.095783644174883
v 55.97387584229409 33.5 38.90421635582511
v 55.81299911649069 33.49956567331094 39.49695088551986
v 55.47097938863713 33.501440461048475 40.50692791254169
v 55.18970652534263 33.454504995064575 41.24170589123504
v 55.160189407782205 34.46033270837707 22.90137218166321
v 55.384029536788624 34.503489350293805 23.489287894055973
v 55.72825451866802 34.499823708410474 24.501332621680692
v 55.911509088731215 34.56705113967268 25.151897664640206
v 55.911509088750115 34.56705114143413 38.848102335005855
v 55.728254518690655 34.49982370856213 39.498667378356636
v 55.384029536796604 34.50348935075699 40.51071210586062
v 55.16018940785722 34.46033270839646 41.09862781936312
v 55.0432416356558 35.285828801250894 22.89419097754331
v 55.274409122011214 35.46503946027384 23.528370131270975
v 55.60016539798383 35.50127702628299 24.497959460131035
v 55.83396524112945 35.61967403861145 25.350513963265577
v 55.97910424924104 35.85737152139209 26.09061759428038
v 55.97910424924104 35.85737152139209 37.90938240571961
v 55.83396524112224 35.61967403918666 38.649486036431945
v 55.60016539798804 35.5012770263238 39.50204053981575
v 55.274409122006745 35.46503945993426 40.47162986862477
v 55.0432416356558 35.285828801250894 41.10580902245668
v 55.15225427515235 36.37314800830745 23.620890397530204
v 55.42744645235412 36.50510371978183 24.49205107806112
v 55.72817095835443 36.49953464242506 25.50097867960971
v 55.934216115111404 36.62011242432728 26.415111923649583
v 55.99304073850159 36.963081815665504 27.03691818433449
v 55.99304073850159 36.963081815665504 36.963081815665504
v 55.93421611512438 36.620112423742114 37.584888076783805
v 55.72817095833037 36.499534641855576 38.499021320884324
v 55.42744645235377 36.50510371962978 39.50794892215997
v 55.152254275204896 36.3731480084213 40.379109602504826
v 55.05042960018612 37.21246101889916 23.862196717325364
v 55.274735863019615 37.39558635490921 24.612407454568856
v 55.51403278977339 37.503806803914316 25.495663784229787
v 55.770576883282146 37.49864007401775 26.501359926362497
v 55.93421611512029 37.58488807638333 27.37988757588225
v 55.97910424924104 37.90938240571961 28.142628478607907
v 55.97910424924104 37.90938240571961 35.85737152139209
v 55.934216115097115 37.584888076489705 36.62011242402766
v 55.77057688329697 37.49864007383595 37.49864007383717
v 55.514032789777154 37.503806802947686 38.504336216395394
v 55.274735862958444 37.39558635465798 39.38759254390828
v 55.05042960018612 37.21246101889916 40.137803282674625
v 55.071578056638735 38.35310333823929 24.752258446532917
v 55.288836812924636 38.44516637813325 25.554833621855767
v 55.51403278977466 38.50433621615176 26.496193196517538
v 55.728170958356856 38.49902132005115 27.50046535829376
v 55.833965241119834 38.64948603610092 28.380325961464408
v 55.91150908874233 38.84810233517055 29.432948860422318
v 55.97387584229409 38.90421635582511 30.5
v 55.99304073850159 38.9744825983618 31.333333333333332
v 55.99304073850159 38.9744825983618 32.666666666666664
v 55.97387584229409 38.90421635582511 33.5
v 55.91150908875202 38.84810233500936 34.56705114143531
v 55.8339652411654 38.64948603631527 35.61967403745561
v 55.728170958319474 38.49902132063043 36.49953464208452
v 55.51403278977843 38.504336216387834 37.5038068034935
v 55.288836812924785 38.445166376627675 38.44516637794405
v 55.071578056249905 38.35310333620165 39.24774154787467
v 55.0715780566654 39.24774155071009 25.646896662559453
v 55.274735863000124 39.38759254449356 26.60441364494725
v 55.42744645236434 39.50794892152941 27.494896279825674
v 55.60016539798692 39.50204054012902 28.49872297350256
v 55.72825451865856 39.498667377999304 29.50017629180271
v 55.81299911649603 39.4969508855844 30.500434326593734
v 55.85534643777803 39.49581362975881 31.500680237070164
v 55.85534643777549 39.49581362976207 32.49931976292635
v 55.81299911649161 39.49695088552531 33.49956567339119
v 55.72825451869054 39.49866737835507 34.49982370856202
v 55.600165397990644 39.5020405398139 35.501277026323095
v 55.42744645229405 39.50794892196274 36.50510371929078
v 55.274735863037606 39.38759254489429 37.395586355047676
v 55.071578056241435 39.2477415478847 38.35310333621764
v 55.05042960018612 40.137803282674625 26.78753898110083
v 55.152254275131114 40.3791096021104 27.626851989732096
v 55.27440912200344 40.471629869313865 28.534960538418616
v 55.38402953679985 40.51071210595133 29.496510649576553
v 55.4709793886387 40.50692791256754 30.49855953871494
v 55.514235142760704 40.50519774656697 31.499619142392962
v 55.51423514276052 40.50519774656905 32.50038085760557
v 55.47097938863533 40.506927912536376 33.50144046104797
v 55.384029536790685 40.510712105789736 34.50348935025058
v 55.27440912198764 40.47162986866063 35.46503945921725
v 55.15225427520599 40.3791096025114 36.37314800842349
v 55.05042960018612 40.137803282674625 37.21246101889916
v 55.0432416356558 41.10580902245668 28.714171198749103
v 55.160189407782944 41.09862781965097 29.539667292625484
v 55.18970652531457 41.24170589122238 30.545495005120873
v 55.200353343761066 41.31926277915986 31.518624235965817
v 55.200353343759 41.319262779169634 32.48137576405428
v 55.18970652534142 41.24170589123667 33.45450499506484
v 55.160189407857764 41.09862781935993 34.46033270839434
v 55.0432416356558 41.10580902245668 35.285828801250894
v 56.0 25.0 32.0
v 56.0 25.0 32.0
v 56.02769294026141 25.897067395863335 28.809295145274575
v 56.11264520183736 25.843057740340765 29.566529391659376
v 56.143724933372 25.63960864796435 30.586557054281915
v 56.15062655237888 25.51775028904626 31.540470897393366
v 56.15062655237543 25.517750289037945 32.45952910265382
v 56.14372493337578 25.639608647978665 33.413442945716454
v 56.112645201817266 25.84305774033859 34.43347060850897
v 56.02769294026141 25.897067395863335 35.190704854725425
v 56.0528759955155 26.766023335710493 27.609585574680892
v 56.19044193866375 26.63723373006416 28.615941979776057
v 56.26769293921407 26.493593469233126 29.496973425585576
v 56.35049286738516 26.49518458807627 30.49860568823604
v 56.39173656795184 26.495868886220023 31.499595354872095
v 56.391736567949955 26.495868886212342 32.500404645134424
v 56.35049286738323 26.495184588057274 33.5013943116662
v 56.26769293921333 26.493593469253216 34.503026574352134
v 56.19044193866885 26.63723373054052 35.38405801953607
v 56.0528759954664 26.76602333469087 36.39041442517695
v 56.05287599546169 27.60958557647549 26.76602333558703
v 56.20342990652912 27.547395754677236 27.547395754758316
v 56.35046553984963 27.495977446524904 28.496817335658786
v 56.47388913671623 27.497469783256737 29.498525721396675
v 56.55569553282123 27.498145127746973 30.499328218560965
v 56.59646528530852 27.498383640914312 31.49980048685041
v 56.596465285307715 27.49838364090609 32.500199513177876
v 56.555695532821765 27.49814512772576 33.50067178145627
v 56.47388913671457 27.497469783189 34.50147427872118
v 56.35046553985261 27.49597744637354 35.503182664505985
v 56.20342990652037 27.547395754894787 36.45260424525433
v 56.05287599547546 27.609585574942336 37.23397666507459
v 56.02769294026141 28.809295145274575 25.897067395863335
v 56.190441938665145 28.615941979777737 26.63723373007388
v 56.350465539850966 28.496817335479378 27.495977446372873
v 56.51482790705617 28.49826610718424 28.49826610716502
v 56.637132574726756 28.49882179873406 29.499128390437075
v 56.718256438299946 28.49892645660196 30.499509547986225
v 56.758704582870635 28.498896382706718 31.499830129969553
v 56.7587045828715 28.498896382709113 32.50016987000724
v 56.71825643830019 28.49892645662846 33.500490451949204
v 56.63713257472518 28.498821798560535 34.50087160972213
v 56.51482790705455 28.498266107155967 35.50173389283963
v 56.35046553985029 28.496817335569183 36.504022553688564
v 56.19044193867279 28.615941980492384 37.36276626975863
v 56.02769294026141 28.809295145274575 38.10293260413666
v 56.11264520183912 29.56652939166105 25.8430577403501
v 56.26769293921565 29.496973425773707 26.493593469338872
v 56.473889136716856 29.498525721399428 27.49746978316578
v 56.63713257472722 29.49912839043715 28.498821798733097
v 56.7586987568613 29.499181668404496 29.499181668404038
v 56.83938065062714 29.499017766749994 30.499398316880697
v 56.879623408362946 29.498874034604174 31.499768601775354
v 56.87962340836348 29.498874034609983 32.500231398222255
v 56.83938065062765 29.499017766731416 33.50060168314136
v 56.758698756862294 29.499181668389365 34.500818331537864
v 56.637132574726 29.499128390414505 35.50117820136471
v 56.473889136715954 29.49852572140009 36.502530216794746
v 56.267692939214186 29.4969734252574 37.50640653077942
v 56.11264520183674 29.566529389919182 38.15694226012479
v 56.14372493337197 30.586557054282046 25.639608647967254
v 56.35049286738573 30.498605688221218 26.49518458807638
v 56.555695532821076 30.4993282185634 27.498145127714615
v 56.718256438300315 30.499509547994272 28.498926456630777
v 56.83938065062652 30.499398316877155 29.499017766720932
v 56.91980283722286 30.499200596375836 30.499200596374344
v 56.95992655958267 30.499063471445123 31.499685732794394
v 56.95992655958279 30.499063471444767 32.50031426720365
v 56.91980283722262 30.499200596375342 33.50079940362368
v 56.839380650626715 30.49939831686746 34.50098223327153
v 56.71825643830109 30.499509547897834 35.50107354335863
v 56.555695532822405 30.499328218468033 36.50185487229595
v 56.350492867386635 30.498605688366595 37.504815411888636
v 56.143724933374685 30.586557054148827 38.3603913520373
v 56.0 32.0 25.0
v 56.150626552375286 31.540470897305003 25.517750289029355
v 56.39173656795229 31.499595354872287 26.49586888621773
v 56.59646528530914 31.499800486850997 27.498383640918995
v 56.75870458287092 31.499830129969713 28.498896382705745
v 56.879623408362995 31.499768601775525 29.498874034603844
v 56.959926559582705 31.499685732794354 30.499063471445556
v 56.99999788671547 31.499657725700143 31.499657725700285
v 56.99999788671549 31.499657725700093 32.5003422743001
v 56.95992655958261 31.499685732801286 33.500936528553474
v 56.87962340836283 31.499768601788464 34.50112596539146
v 56.75870458287162 31.49983012995475 35.5011036172916
v 56.59646528530995 31.499800486850216 36.50161635908241
v 56.39173656795309 31.499595354869193 37.50413111378151
v 56.15062655237705 31.540470897307976 38.4822497109609
v 56.0 32.0 39.0
v 56.0 32.0 25.0
v 56.15062655237548 32.45952910265412 25.51775028904108
v 56.391736567951305 32.50040464508262 26.49586888621666
v 56.59646528530806 32.500199513178096 27.498383640905036
v 56.75870458287158 32.50016987001006 28.498896382708402
v 56.87962340836343 32.5002313982221 29.498874034609525
v 56.95992655958277 32.50031426720358 30.499063471444288
v 56.99999788671549 32.500342274300294 31.499657725700285
v 56.99999788671547 32.500342274300635 32.500342274300486
v 56.959926559582684 32.500314267203784 33.500936528556224
v 56.87962340836326 32.50023139822225 34.50112596539182
v 56.75870458287162 32.50016987004425 35.501103617294255
v 56.59646528530886 32.50019951320794 36.50161635909178
v 56.39173656795309 32.500404645018 37.50413111378151
v 56.15062655237802 32.459529102691285 38.48224971095135
v 56.0 32.0 39.0
v 56.143724933375516 33.41344294571705 25.63960864797557
v 56.350492867385206 33.50139431166112 26.49518458809261
v 56.5556955328213 33.5006717814579 27.498145127721646
v 56.7182564383002 33.50049045196048 28.498926456613273
v 56.83938065062815 33.500601683165016 29.499017766725654
v 56.91980283722279 33.500799403623766 30.499200596375648
v 56.95992655958264 33.50093652855329 31.499685732799797
v 56.95992655958269 33.500936528556565 32.50031426720497
v 56.91980283722251 33.500799403616625 33.50079940361703
v 56.83938065062773 33.50060168314267 34.50098223326462
v 56.718256438300074 33.5004904520443 35.501073543362516
v 56.555695532820366 33.50067178131997 36.50185487225688
v 56.350492867383664 33.501394311499595 37.50481541187764
v 56.143724933373065 33.41344294562001 38.36039135205279
v 56.1126452018174 34.43347060850839 25.84305774033272
v 56.267692939213525 34.50302657435148 26.49359346925468
v 56.47388913671486 34.501474278721034 27.497469783188492
v 56.637132574726245 34.50087160971735 28.498821798626746
v 56.758698756862294 34.500818331538945 29.499181668388367
v 56.83938065062738 34.500982233269276 30.49939831686838
v 56.87962340836282 34.50112596539166 31.49976860178844
v 56.879623408363365 34.50112596539201 32.50023139822259
v 56.839380650627625 34.500982233276154 33.500601683140395
v 56.75869875686107 34.50081833160877 34.50081833160769
v 56.6371325747248 34.5008716096053 35.50117820134246
v 56.47388913671289 34.50147427862034 36.50253021689585
v 56.26769293921973 34.503026574078525 37.50640653074484
v 56.11264520185412 34.43347061006779 38.1569422601943
v 56.02769294026141 35.190704854725425 25.897067395863335
v 56.19044193866799 35.3840580195365 26.637233730540235
v 56.35046553985057 35.50318266458508 27.495977446397397
v 56.51482790705397 35.50173389281875 28.498266107138573
v 56.63713257472656 35.50117820133655 29.499128390408575
v 56.7182564383002 35.50107354335259 30.499509547984818
v 56.758704582871395 35.50110361729238 31.499830129954624
v 56.758704582871644 35.501103617294284 32.50016987004392
v 56.718256438299 35.501073543378354 33.500490452017004
v 56.6371325747255 35.501178201325004 34.50087160961647
v 56.51482790705452 35.5017338926925 35.50173389281092
v 56.35046553985083 35.5031826644483 36.504022553435135
v 56.19044193869257 35.384058020391706 37.3627662696916
v 56.02769294026141 35.190704854725425 38.10293260413666
v 56.0528759954651 36.39041442517908 26.766023334687276
v 56.20342990652037 36.452604245255145 27.54739575489397
v 56.350465539850006 36.50402255369015 28.496817335567915
v 56.47388913671534 36.50253021679691 29.498525721398476
v 56.55569553282223 36.50185487229514 30.499328218467824
v 56.59646528530988 36.50161635908423 31.499800486850113
v 56.5964652853087 36.501616359090235 32.500199513207875
v 56.555695532820366 36.50185487225933 33.50067178131981
v 56.47388913671331 36.50253021685183 34.50147427845483
v 56.35046553985111 36.50402255343564 35.5031826644488
v 56.20342990654112 36.45260424573643 36.45260424601592
v 56.05287599555345 36.39041442717488 37.23397666455069
v 56.05287599547825 37.23397666506951 27.60958557494298
v 56.19044193867193 37.36276626976014 28.61594198049854
v 56.26769293921197 37.50640653078688 29.49697342528404
v 56.350492867387324 37.50481541189103 30.498605688361785
v 56.39173656795155 37.50413111378293 31.499595354853238
v 56.39173656795172 37.504131113778946 32.500404645070404
v 56.35049286738337 37.50481541183721 33.501394311519505
v 56.26769293922225 37.506406530739206 34.503026574075825
v 56.190441938696914 37.36276626968163 35.38405802038001
v 56.052875995547495 37.233976664571514 36.39041442718678
v 56.02769294026141 38.10293260413666 28.809295145274575
v 56.11264520183355 38.15694226014183 29.566529389916756
v 56.1437249333767 38.36039135203274 30.586557054150656
v 56.150626552377574 38.48224971095928 31.540470897307216
v 56.15062655238069 38.48224971094621 32.45952910269044
v 56.14372493337375 38.36039135204473 33.41344294561769
v 56.11264520185799 38.15694226016356 34.433470610063154
v 56.02769294026141 38.10293260413666 35.190704854725425
v 56.0 39.0 32.0
v 56.0 39.0 32.0
v 57.0 32.0 32.0
v 57.0 32.0 32.0
v 57.0 32.0 32.0
v 57.0 32.0 32.0
f 1 3 4 2
f 5 9 10 6
f 6 10 11 7
f 8 14 15 9
f 9 15 16 10
f 10 16 17 11
f 11 17 18 12
f 13 21 22 14
f 14 22 23 15
f 15 23 24 16
f 16 24 25 17
f 17 25 26 18
f 18 26 27 19
f 20 31 32 21
f 21 32 33 22
f 22 33 34 23
f 23 34 35 24
f 24 35 36 25
f 25 36 37 26
f 26 37 38 27
f 27 38 39 28
f 29 42 43 30
f 30 43 44 31
f 31 44 45 32
f 32 45 46 33
f 33 46 47 34
f 34 47 48 35
f 35 48 49 36
f 36 49 50 37
f 37 50 51 38
f 38 51 52 39
f 40 55 56 41
f 41 56 57 42
f 42 57 58 43
f 43 58 59 44
f 44 59 60 45
f 2 61 60 1
f 45 60 61 46
f 46 61 62 47
f 47 62 63 48
f 48 63 64 49
f 49 64 65 50
f 50 65 66 51
f 51 66 67 52
f 53 69 70 54
f 54 70 71 55
f 55 71 72 56
f 56 72 73 57
f 57 73 74 58
f 58 74 75 59
f 1 60 76 3
f 59 75 76 60
f 4 77 61 2
f 3 76 77 4
f 61 77 78 62
f 62 78 79 63
f 63 79 80 64
f 64 80 81 65
f 65 81 82 66
f 66 82 83 67
f 67 83 84 68
f 70 85 86 71
f 71 86 87 72
f 72 87 88 73
f 73 88 89 74
f 74 89 90 75
f 75 90 91 76
f 76 91 92 77
f 77 92 93 78
f 78 93 94 79
f 79 94 95 80
f 80 95 96 81
f 81 96 97 82
f 82 97 98 83
f 85 99 100 86
f 86 100 101 87
f 87 101 102 88
f 88 102 103 89
f 89 103 104 90
f 90 104 105 91
f 91 105 106 92
f 92 106 107 93
f 93 107 108 94
f 94 108 109 95
f 95 109 110 96
f 96 110 111 97
f 97 111 112 98
f 99 113 114 100
f 100 114 115 101
f 101 115 116 102
f 102 116 117 103
f 103 117 118 104
f 104 118 119 105
f 105 119 120 106
f 106 120 121 107
f 107 121 122 108
f 108 122 123 109
f 109 123 124 110
f 110 124 125 111
f 111 125 126 112
f 114 127 128 115
f 115 128 129 116
f 116 129 130 117
f 117 130 131 118
f 118 131 132 119
f 119 132 133 120
f 120 133 134 121
f 121 134 135 122
f 122 135 136 123
f 123 136 137 124
f 124 137 138 125
f 128 139 140 129
f 129 140 141 130
f 130 141 142 131
f 131 142 143 132
f 132 143 144 133
f 133 144 145 134
f 134 145 146 135
f 135 146 147 136
f 136 147 148 137
f 140 149 150 141
f 141 150 151 142
f 142 151 152 143
f 143 152 153 144
f 144 153 154 145
f 145 154 155 146
f 146 155 156 147
f 152 157 158 153
f 159 163 164 160
f 160 164 165 161
f 6 168 167 5
f 7 169 168 6
f 162 168 169 163
f 163 169 170 164
f 164 170 171 165
f 165 171 172 166
f 5 167 175 9
f 9 175 174 8
f 11 176 169 7
f 12 177 176 11
f 169 176 177 170
f 170 177 178 171
f 171 178 179 172
f 172 179 180 173
f 8 174 183 14
f 14 183 182 13
f 18 184 177 12
f 19 185 184 18
f 177 184 185 178
f 178 185 186 179
f 179 186 187 180
f 180 187 188 181
f 13 182 190 21
f 21 190 189 20
f 27 191 185 19
f 28 192 191 27
f 185 191 192 186
f 186 192 193 187
f 187 193 194 188
f 30 197 196 29
f 20 189 198 31
f 31 198 197 30
f 39 199 192 28
f 192 199 200 193
f 193 200 201 194
f 194 201 202 195
f 41 204 203 40
f 29 196 205 42
f 42 205 204 41
f 197 206 205 196
f 52 207 199 39
f 199 207 208 200
f 200 208 209 201
f 201 209 210 202
f 54 212 211 53
f 40 203 213 55
f 55 213 212 54
f 204 214 213 203
f 67 215 207 52
f 68 216 215 67
f 207 215 216 208
f 208 216 217 209
f 209 217 218 210
f 53 211 221 69
f 69 221 222 70
f 212 222 221 211
f 84 224 216 68
f 83 223 224 84
f 216 224 225 217
f 217 225 226 218
f 219 227 228 220
f 220 228 229 221
f 70 222 230 85
f 221 229 230 222
f 98 231 223 83
f 223 231 232 224
f 224 232 233 225
f 225 233 234 226
f 227 235 236 228
f 228 236 237 229
f 85 230 238 99
f 229 237 238 230
f 112 239 231 98
f 231 239 240 232
f 232 240 241 233
f 233 241 242 234
f 235 243 244 236
f 236 244 245 237
f 99 238 246 113
f 237 245 246 238
f 113 246 247 114
f 126 249 239 112
f 125 248 249 126
f 239 249 250 240
f 240 250 251 241
f 241 251 252 242
f 244 253 254 245
f 245 254 255 246
f 114 247 256 127
f 246 255 256 247
f 127 256 257 128
f 138 259 248 125
f 137 258 259 138
f 248 259 260 249
f 249 260 261 250
f 250 261 262 251
f 253 263 264 254
f 254 264 265 255
f 255 265 266 256
f 128 257 267 139
f 256 266 267 257
f 139 267 268 140
f 148 270 258 137
f 147 269 270 148
f 258 270 271 259
f 259 271 272 260
f 260 272 273 261
f 261 273 274 262
f 264 275 276 265
f 265 276 277 266
f 266 277 278 267
f 140 268 279 149
f 267 278 279 268
f 149 279 280 150
f 150 280 281 151
f 151 281 282 152
f 153 283 284 154
f 154 284 285 155
f 156 286 269 147
f 155 285 286 156
f 269 286 287 270
f 270 287 288 271
f 271 288 289 272
f 272 289 290 273
f 276 291 292 277
f 277 292 293 278
f 278 293 294 279
f 279 294 295 280
f 280 295 296 281
f 152 282 297 157
f 281 296 297 282
f 158 298 283 153
f 157 297 298 158
f 283 298 299 284
f 284 299 300 285
f 285 300 301 286
f 286 301 302 287
f 287 302 303 288
f 288 303 304 289
f 292 305 306 293
f 293 306 307 294
f 294 307 308 295
f 295 308 309 296
f 296 309 310 297
f 297 310 311 298
f 298 311 312 299
f 299 312 313 300
f 300 313 314 301
f 301 314 315 302
f 302 315 316 303
f 307 317 318 308
f 308 318 319 309
f 309 319 320 310
f 310 320 321 311
f 311 321 322 312
f 312 322 323 313
f 313 323 324 314
f 325 328 329 326
f 160 332 331 159
f 161 333 332 160
f 327 332 333 328
f 328 333 334 329
f 329 334 335 330
f 159 331 338 163
f 163 338 337 162
f 165 339 333 161
f 166 340 339 165
f 333 339 340 334
f 334 340 341 335
f 335 341 342 336
f 162 337 345 168
f 168 345 344 167
f 338 346 345 337
f 172 347 340 166
f 173 348 347 172
f 340 347 348 341
f 341 348 349 342
f 342 349 350 343
f 167 344 353 175
f 175 353 352 174
f 345 354 353 344
f 180 355 348 173
f 181 356 355 180
f 348 355 356 349
f 349 356 357 350
f 350 357 358 351
f 174 352 360 183
f 183 360 359 182
f 353 361 360 352
f 188 362 356 181
f 356 362 363 357
f 357 363 364 358
f 182 359 367 190
f 190 367 366 189
f 360 368 367 359
f 194 369 362 188
f 195 370 369 194
f 362 369 370 363
f 363 370 371 364
f 364 371 372 365
f 189 366 374 198
f 198 374 373 197
f 367 375 374 366
f 202 376 370 195
f 370 376 377 371
f 371 377 378 372
f 205 380 379 204
f 197 373 381 206
f 206 381 380 205
f 210 382 376 202
f 376 382 383 377
f 377 383 384 378
f 213 386 385 212
f 204 379 387 214
f 214 387 386 213
f 380 388 387 379
f 218 389 382 210
f 382 389 390 383
f 383 390 391 384
f 220 393 392 219
f 221 394 393 220
f 212 385 395 222
f 222 395 394 221
f 386 396 395 385
f 226 397 389 218
f 389 397 398 390
f 390 398 399 391
f 219 392 402 227
f 393 403 402 392
f 234 404 397 226
f 397 404 405 398
f 398 405 406 399
f 400 407 408 401
f 227 402 409 235
f 401 408 409 402
f 242 410 404 234
f 404 410 411 405
f 405 411 412 406
f 407 413 414 408
f 235 409 415 243
f 408 414 415 409
f 243 415 416 244
f 252 418 410 242
f 251 417 418 252
f 410 418 419 411
f 411 419 420 412
f 413 421 422 414
f 414 422 423 415
f 244 416 424 253
f 415 423 424 416
f 262 425 417 251
f 417 425 426 418
f 418 426 427 419
f 419 427 428 420
f 422 429 430 423
f 253 424 431 263
f 423 430 431 424
f 263 431 432 264
f 274 434 425 262
f 273 433 434 274
f 425 434 435 426
f 426 435 436 427
f 429 437 438 430
f 430 438 439 431
f 264 432 440 275
f 431 439 440 432
f 275 440 441 276
f 290 443 433 273
f 289 442 443 290
f 433 443 444 434
f 434 444 445 435
f 435 445 446 436
f 438 447 448 439
f 439 448 449 440
f 276 441 450 291
f 440 449 450 441
f 291 450 451 292
f 304 453 442 289
f 303 452 453 304
f 442 453 454 443
f 443 454 455 444
f 444 455 456 445
f 448 457 458 449
f 449 458 459 450
f 292 451 460 305
f 450 459 460 451
f 305 460 461 306
f 306 461 462 307
f 314 463 464 315
f 316 465 452 303
f 315 464 465 316
f 452 465 466 453
f 453 466 467 454
f 454 467 468 455
f 458 469 470 459
f 459 470 471 460
f 460 471 472 461
f 307 462 473 317
f 461 472 473 462
f 317 473 474 318
f 318 474 475 319
f 319 475 476 320
f 320 476 477 321
f 321 477 478 322
f 322 478 479 323
f 324 480 463 314
f 323 479 480 324
f 463 480 481 464
f 464 481 482 465
f 465 482 483 466
f 466 483 484 467
f 470 485 486 471
f 471 486 487 472
f 472 487 488 473
f 473 488 489 474
f 474 489 490 475
f 475 490 491 476
f 476 491 492 477
f 477 492 493 478
f 478 493 494 479
f 479 494 495 480
f 480 495 496 481
f 481 496 497 482
f 482 497 498 483
f 487 499 500 488
f 488 500 501 489
f 489 501 502 490
f 490 502 503 491
f 491 503 504 492
f 492 504 505 493
f 493 505 506 494
f 494 506 507 495
f 495 507 508 496
f 326 513 512 325
f 509 512 513 510
f 510 513 514 511
f 325 512 518 328
f 328 518 517 327
f 329 519 513 326
f 330 520 519 329
f 513 519 520 514
f 514 520 521 515
f 515 521 522 516
f 327 517 525 332
f 332 525 524 331
f 335 526 520 330
f 336 527 526 335
f 520 526 527 521
f 521 527 528 522
f 522 528 529 523
f 331 524 530 338
f 525 531 530 524
f 342 532 527 336
f 343 533 532 342
f 527 532 533 528
f 528 533 534 529
f 338 530 537 346
f 346 537 536 345
f 350 538 533 343
f 351 539 538 350
f 533 538 539 534
f 534 539 540 535
f 345 536 543 354
f 354 543 542 353
f 358 544 539 351
f 539 544 545 540
f 540 545 546 541
f 353 542 548 361
f 361 548 547 360
f 364 549 544 358
f 365 550 549 364
f 544 549 550 545
f 545 550 551 546
f 360 547 553 368
f 368 553 552 367
f 372 554 550 365
f 550 554 555 551
f 374 558 557 373
f 367 552 559 375
f 375 559 558 374
f 378 560 554 372
f 554 560 561 555
f 555 561 562 556
f 373 557 564 381
f 381 564 563 380
f 558 565 564 557
f 384 566 560 378
f 560 566 567 561
f 561 567 568 562
f 387 570 569 386
f 380 563 571 388
f 388 571 570 387
f 391 572 566 384
f 566 572 573 567
f 567 573 574 568
f 394 576 575 393
f 395 577 576 394
f 386 569 578 396
f 396 578 577 395
f 399 579 572 391
f 572 579 580 573
f 573 580 581 574
f 401 583 582 400
f 402 584 583 401
f 393 575 585 403
f 403 585 584 402
f 576 586 585 575
f 406 587 579 399
f 579 587 588 580
f 580 588 589 581
f 400 582 592 407
f 412 593 587 406
f 587 593 594 588
f 588 594 595 589
f 590 596 597 591
f 407 592 598 413
f 591 597 598 592
f 420 599 593 412
f 593 599 600 594
f 594 600 601 595
f 413 598 603 421
f 597 602 603 598
f 421 603 604 422
f 428 606 599 420
f 427 605 606 428
f 599 606 607 600
f 602 608 609 603
f 422 604 610 429
f 603 609 610 604
f 436 611 605 427
f 605 611 612 606
f 606 612 613 607
f 608 614 615 609
f 429 610 616 437
f 609 615 616 610
f 437 616 617 438
f 446 619 611 436
f 445 618 619 446
f 611 619 620 612
f 612 620 621 613
f 615 622 623 616
f 438 617 624 447
f 616 623 624 617
f 447 624 625 448
f 456 627 618 445
f 455 626 627 456
f 618 627 628 619
f 619 628 629 620
f 623 630 631 624
f 448 625 632 457
f 624 631 632 625
f 457 632 633 458
f 468 635 626 455
f 467 634 635 468
f 626 635 636 627
f 627 636 637 628
f 630 638 639 631
f 631 639 640 632
f 458 633 641 469
f 632 640 641 633
f 469 641 642 470
f 484 644 634 467
f 483 643 644 484
f 634 644 645 635
f 635 645 646 636
f 636 646 647 637
f 639 648 649 640
f 640 649 650 641
f 470 642 651 485
f 641 650 651 642
f 485 651 652 486
f 486 652 653 487
f 496 654 655 497
f 498 656 643 483
f 497 655 656 498
f 643 656 657 644
f 644 657 658 645
f 645 658 659 646
f 650 660 661 651
f 651 661 662 652
f 487 653 663 499
f 652 662 663 653
f 499 663 664 500
f 500 664 665 501
f 501 665 666 502
f 502 666 667 503
f 503 667 668 504
f 504 668 669 505
f 505 669 670 506
f 506 670 671 507
f 508 672 654 496
f 507 671 672 508
f 654 672 673 655
f 655 673 674 656
f 656 674 675 657
f 661 676 677 662
f 662 677 678 663
f 663 678 679 664
f 664 679 680 665
f 665 680 681 666
f 666 681 682 667
f 667 682 683 668
f 668 683 684 669
f 669 684 685 670
f 670 685 686 671
f 671 686 687 672
f 672 687 688 673
f 673 688 689 674
f 679 690 691 680
f 680 691 692 681
f 681 692 693 682
f 682 693 694 683
f 683 694 695 684
f 684 695 696 685
f 685 696 697 686
f 698 700 701 699
f 510 705 704 509
f 511 706 705 510
f 700 705 706 701
f 701 706 707 702
f 702 707 708 703
f 509 704 710 512
f 705 711 710 704
f 514 712 706 511
f 515 713 712 514
f 706 712 713 707
f 516 714 713 515
f 707 713 714 708
f 708 714 715 709
f 512 710 718 518
f 518 718 717 517
f 522 719 714 516
f 523 720 719 522
f 714 719 720 715
f 715 720 721 716
f 517 717 723 525
f 529 724 720 523
f 720 724 725 721
f 721 725 726 722
f 525 723 728 531
f 531 728 727 530
f 534 729 724 529
f 535 730 729 534
f 724 729 730 725
f 725 730 731 726
f 530 727 734 537
f 537 734 733 536
f 540 735 730 535
f 541 736 735 540
f 730 735 736 731
f 731 736 737 732
f 536 733 739 543
f 543 739 738 542
f 546 740 736 541
f 736 740 741 737
f 542 738 744 548
f 548 744 743 547
f 551 745 740 546
f 740 745 746 741
f 741 746 747 742
f 547 743 749 553
f 553 749 748 552
f 555 750 745 551
f 556 751 750 555
f 745 750 751 746
f 746 751 752 747
f 552 748 754 559
f 559 754 753 558
f 562 755 751 556
f 751 755 756 752
f 564 758 757 563
f 558 753 759 565
f 565 759 758 564
f 568 760 755 562
f 755 760 761 756
f 570 763 762 569
f 563 757 764 571
f 571 764 763 570
f 574 765 760 568
f 760 765 766 761
f 577 769 768 576
f 569 762 770 578
f 578 770 769 577
f 763 771 770 762
f 581 772 765 574
f 765 772 773 766
f 766 773 774 767
f 583 776 775 582
f 584 777 776 583
f 585 778 777 584
f 576 768 779 586
f 586 779 778 585
f 589 780 772 581
f 772 780 781 773
f 591 784 783 590
f 582 775 785 592
f 592 785 784 591
f 776 786 785 775
f 595 787 780 589
f 780 787 788 781
f 590 783 790 596
f 782 789 790 783
f 596 790 791 597
f 601 793 787 595
f 600 792 793 601
f 787 793 794 788
f 789 795 796 790
f 597 791 797 602
f 790 796 797 791
f 607 798 792 600
f 792 798 799 793
f 793 799 800 794
f 795 801 802 796
f 602 797 803 608
f 796 802 803 797
f 613 804 798 607
f 798 804 805 799
f 799 805 806 800
f 608 803 808 614
f 802 807 808 803
f 614 808 809 615
f 621 811 804 613
f 620 810 811 621
f 804 811 812 805
f 807 813 814 808
f 615 809 815 622
f 808 814 815 809
f 622 815 816 623
f 629 818 810 620
f 628 817 818 629
f 810 818 819 811
f 811 819 820 812
f 814 821 822 815
f 623 816 823 630
f 815 822 823 816
f 637 824 817 628
f 817 824 825 818
f 818 825 826 819
f 821 827 828 822
f 630 823 829 638
f 822 828 829 823
f 638 829 830 639
f 647 832 824 637
f 646 831 832 647
f 824 832 833 825
f 825 833 834 826
f 828 835 836 829
f 639 830 837 648
f 829 836 837 830
f 648 837 838 649
f 649 838 839 650
f 657 840 841 658
f 659 842 831 646
f 658 841 842 659
f 831 842 843 832
f 832 843 844 833
f 836 845 846 837
f 837 846 847 838
f 650 839 848 660
f 838 847 848 839
f 660 848 849 661
f 675 851 840 657
f 674 850 851 675
f 840 851 852 841
f 841 852 853 842
f 842 853 854 843
f 846 855 856 847
f 847 856 857 848
f 661 849 858 676
f 848 857 858 849
f 676 858 859 677
f 677 859 860 678
f 678 860 861 679
f 686 862 863 687
f 687 863 864 688
f 689 865 850 674
f 688 864 865 689
f 850 865 866 851
f 851 866 867 852
f 852 867 868 853
f 857 869 870 858
f 858 870 871 859
f 859 871 872 860
f 679 861 873 690
f 860 872 873 861
f 690 873 874 691
f 691 874 875 692
f 692 875 876 693
f 693 876 877 694
f 694 877 878 695
f 695 878 879 696
f 697 880 862 686
f 696 879 880 697
f 862 880 881 863
f 863 881 882 864
f 864 882 883 865
f 865 883 884 866
f 871 885 886 872
f 872 886 887 873
f 873 887 888 874
f 874 888 889 875
f 875 889 890 876
f 876 890 891 877
f 877 891 892 878
f 878 892 893 879
f 879 893 894 880
f 880 894 895 881
f 881 895 896 882
f 890 897 898 891
f 699 902 901 698
f 899 902 903 900
f 698 901 905 700
f 701 906 902 699
f 902 906 905 901
f 702 907 906 701
f 902 906 907 903
f 703 908 907 702
f 903 907 908 904
f 700 905 910 705
f 708 911 908 703
f 709 912 911 708
f 908 911 912 909
f 705 910 915 711
f 711 915 914 710
f 715 916 912 709
f 716 917 916 715
f 912 916 917 913
f 710 914 920 718
f 718 920 919 717
f 721 921 917 716
f 722 922 921 721
f 917 921 922 918
f 717 919 924 723
f 920 925 924 919
f 726 926 922 722
f 922 926 927 923
f 723 924 930 728
f 728 930 929 727
f 731 931 926 726
f 732 932 931 731
f 926 931 932 927
f 927 932 933 928
f 727 929 935 734
f 734 935 934 733
f 737 936 932 732
f 932 936 937 933
f 733 934 940 739
f 739 940 939 738
f 741 941 936 737
f 742 942 941 741
f 936 941 942 937
f 937 942 943 938
f 738 939 945 744
f 744 945 944 743
f 940 946 945 939
f 747 947 942 742
f 942 947 948 943
f 743 944 950 749
f 749 950 949 748
f 945 951 950 944
f 752 952 947 747
f 947 952 953 948
f 748 949 955 754
f 754 955 954 753
f 756 956 952 752
f 952 956 957 953
f 758 960 959 757
f 753 954 961 759
f 759 961 960 758
f 761 962 956 756
f 956 962 963 957
f 957 963 964 958
f 757 959 966 764
f 764 966 965 763
f 960 967 966 959
f 766 968 962 761
f 767 969 968 766
f 962 968 969 963
f 963 969 970 964
f 769 972 971 768
f 770 973 972 769
f 763 965 974 771
f 771 974 973 770
f 774 976 969 767
f 773 975 976 774
f 969 976 977 970
f 777 979 978 776
f 778 980 979 777
f 768 971 981 779
f 779 981 980 778
f 972 982 981 971
f 781 983 975 773
f 975 983 984 976
f 976 984 985 977
f 783 988 987 782
f 784 989 988 783
f 785 990 989 784
f 776 978 991 786
f 786 991 990 785
f 979 992 991 978
f 788 993 983 781
f 983 993 994 984
f 984 994 995 985
f 782 987 997 789
f 986 996 997 987
f 794 998 993 788
f 993 998 999 994
f 789 997 1001 795
f 996 1000 1001 997
f 800 1002 998 794
f 998 1002 1003 999
f 795 1001 1005 801
f 1000 1004 1005 1001
f 801 1005 1006 802
f 806 1008 1002 800
f 805 1007 1008 806
f 1002 1008 1009 1003
f 1004 1010 1011 1005
f 802 1006 1012 807
f 1005 1011 1012 1006
f 812 1013 1007 805
f 1007 1013 1014 1008
f 1008 1014 1015 1009
f 807 1012 1017 813
f 1011 1016 1017 1012
f 813 1017 1018 814
f 820 1020 1013 812
f 819 1019 1020 820
f 1013 1020 1021 1014
f 1016 1022 1023 1017
f 814 1018 1024 821
f 1017 1023 1024 1018
f 826 1025 1019 819
f 1019 1025 1026 1020
f 1020 1026 1027 1021
f 821 1024 1029 827
f 1023 1028 1029 1024
f 827 1029 1030 828
f 834 1032 1025 826
f 833 1031 1032 834
f 1025 1032 1033 1026
f 828 1030 1035 835
f 1029 1034 1035 1030
f 835 1035 1036 836
f 844 1038 1031 833
f 843 1037 1038 844
f 1031 1038 1039 1032
f 836 1036 1041 845
f 1035 1040 1041 1036
f 845 1041 1042 846
f 854 1044 1037 843
f 853 1043 1044 854
f 1037 1044 1045 1038
f 846 1042 1047 855
f 1041 1046 1047 1042
f 855 1047 1048 856
f 856 1048 1049 857
f 866 1050 1051 867
f 868 1052 1043 853
f 867 1051 1052 868
f 1043 1052 1053 1044
f 1047 1054 1055 1048
f 857 1049 1056 869
f 1048 1055 1056 1049
f 869 1056 1057 870
f 870 1057 1058 871
f 882 1059 1060 883
f 884 1061 1050 866
f 883 1060 1061 884
f 1050 1061 1062 1051
f 1051 1062 1063 1052
f 1055 1064 1065 1056
f 1056 1065 1066 1057
f 871 1058 1067 885
f 1057 1066 1067 1058
f 885 1067 1068 886
f 886 1068 1069 887
f 887 1069 1070 888
f 888 1070 1071 889
f 889 1071 1072 890
f 891 1073 1074 892
f 892 1074 1075 893
f 893 1075 1076 894
f 894 1076 1077 895
f 896 1078 1059 882
f 895 1077 1078 896
f 1059 1078 1079 1060
f 1060 1079 1080 1061
f 1061 1080 1081 1062
f 1066 1082 1083 1067
f 1067 1083 1084 1068
f 1068 1084 1085 1069
f 1069 1085 1086 1070
f 1070 1086 1087 1071
f 890 1072 1088 897
f 1071 1087 1088 1072
f 898 1089 1073 891
f 897 1088 1089 898
f 1073 1089 1090 1074
f 1074 1090 1091 1075
f 1075 1091 1092 1076
f 1076 1092 1093 1077
f 1077 1093 1094 1078
f 1078 1094 1095 1079
f 1086 1096 1097 1087
f 1087 1097 1098 1088
f 1088 1098 1099 1089
f 1089 1099 1100 1090
f 1090 1100 1101 1091
f 900 1105 1104 899
f 1102 1104 1105 1103
f 899 1104 1108 902
f 903 1109 1105 900
f 904 1110 1109 903
f 1105 1109 1110 1106
f 1106 1110 1111 1107
f 902 1108 1114 906
f 906 1114 1113 905
f 908 1115 1110 904
f 909 1116 1115 908
f 1110 1115 1116 1111
f 1111 1116 1117 1112
f 905 1113 1119 910
f 912 1120 1116 909
f 913 1121 1120 912
f 1116 1120 1121 1117
f 1117 1121 1122 1118
f 910 1119 1125 915
f 915 1125 1124 914
f 917 1126 1121 913
f 918 1127 1126 917
f 1121 1126 1127 1122
f 1122 1127 1128 1123
f 914 1124 1130 920
f 922 1131 1127 918
f 923 1132 1131 922
f 1127 1131 1132 1128
f 1128 1132 1133 1129
f 920 1130 1135 925
f 925 1135 1134 924
f 927 1136 1132 923
f 928 1137 1136 927
f 1132 1136 1137 1133
f 924 1134 1140 930
f 930 1140 1139 929
f 933 1141 1137 928
f 1137 1141 1142 1138
f 929 1139 1144 935
f 935 1144 1143 934
f 937 1145 1141 933
f 938 1146 1145 937
f 1141 1145 1146 1142
f 934 1143 1148 940
f 1144 1149 1148 1143
f 943 1150 1146 938
f 1146 1150 1151 1147
f 940 1148 1153 946
f 946 1153 1152 945
f 948 1154 1150 943
f 1150 1154 1155 1151
f 950 1157 1156 949
f 945 1152 1158 951
f 951 1158 1157 950
f 953 1159 1154 948
f 1154 1159 1160 1155
f 949 1156 1163 955
f 955 1163 1162 954
f 1157 1164 1163 1156
f 957 1165 1159 953
f 958 1166 1165 957
f 1159 1165 1166 1160
f 1160 1166 1167 1161
f 954 1162 1169 961
f 961 1169 1168 960
f 964 1170 1166 958
f 1166 1170 1171 1167
f 966 1173 1172 965
f 960 1168 1174 967
f 967 1174 1173 966
f 970 1175 1170 964
f 1170 1175 1176 1171
f 973 1178 1177 972
f 965 1172 1179 974
f 974 1179 1178 973
f 977 1180 1175 970
f 1175 1180 1181 1176
f 980 1183 1182 979
f 981 1184 1183 980
f 972 1177 1185 982
f 982 1185 1184 981
f 985 1186 1180 977
f 1180 1186 1187 1181
f 987 1191 1190 986
f 988 1192 1191 987
f 989 1193 1192 988
f 990 1194 1193 989
f 991 1195 1194 990
f 979 1182 1196 992
f 992 1196 1195 991
f 995 1198 1186 985
f 994 1197 1198 995
f 1186 1198 1199 1187
f 1188 1200 1201 1189
f 986 1190 1202 996
f 1189 1201 1202 1190
f 999 1203 1197 994
f 1197 1203 1204 1198
f 1198 1204 1205 1199
f 996 1202 1207 1000
f 1201 1206 1207 1202
f 1003 1208 1203 999
f 1203 1208 1209 1204
f 1000 1207 1211 1004
f 1206 1210 1211 1207
f 1009 1212 1208 1003
f 1208 1212 1213 1209
f 1004 1211 1215 1010
f 1210 1214 1215 1211
f 1010 1215 1216 1011
f 1015 1218 1212 1009
f 1014 1217 1218 1015
f 1212 1218 1219 1213
f 1011 1216 1221 1016
f 1215 1220 1221 1216
f 1021 1222 1217 1014
f 1217 1222 1223 1218
f 1016 1221 1225 1022
f 1220 1224 1225 1221
f 1022 1225 1226 1023
f 1027 1228 1222 1021
f 1026 1227 1228 1027
f 1222 1228 1229 1223
f 1023 1226 1231 1028
f 1225 1230 1231 1226
f 1028 1231 1232 1029
f 1033 1234 1227 1026
f 1032 1233 1234 1033
f 1227 1234 1235 1228
f 1230 1236 1237 1231
f 1029 1232 1238 1034
f 1231 1237 1238 1232
f 1034 1238 1239 1035
f 1039 1241 1233 1032
f 1038 1240 1241 1039
f 1233 1241 1242 1234
f 1234 1242 1243 1235
f 1237 1244 1245 1238
f 1035 1239 1246 1040
f 1238 1245 1246 1239
f 1040 1246 1247 1041
f 1045 1249 1240 1038
f 1044 1248 1249 1045
f 1240 1249 1250 1241
f 1241 1250 1251 1242
f 1245 1252 1253 1246
f 1041 1247 1254 1046
f 1246 1253 1254 1247
f 1046 1254 1255 1047
f 1053 1257 1248 1044
f 1052 1256 1257 1053
f 1248 1257 1258 1249
f 1249 1258 1259 1250
f 1253 1260 1261 1254
f 1047 1255 1262 1054
f 1254 1261 1262 1255
f 1054 1262 1263 1055
f 1063 1265 1256 1052
f 1062 1264 1265 1063
f 1256 1265 1266 1257
f 1257 1266 1267 1258
f 1261 1268 1269 1262
f 1055 1263 1270 1064
f 1262 1269 1270 1263
f 1064 1270 1271 1065
f 1065 1271 1272 1066
f 1079 1273 1274 1080
f 1081 1275 1264 1062
f 1080 1274 1275 1081
f 1264 1275 1276 1265
f 1265 1276 1277 1266
f 1270 1278 1279 1271
f 1066 1272 1280 1082
f 1271 1279 1280 1272
f 1082 1280 1281 1083
f 1083 1281 1282 1084
f 1084 1282 1283 1085
f 1085 1283 1284 1086
f 1091 1285 1286 1092
f 1092 1286 1287 1093
f 1093 1287 1288 1094
f 1095 1289 1273 1079
f 1094 1288 1289 1095
f 1273 1289 1290 1274
f 1274 1290 1291 1275
f 1280 1292 1293 1281
f 1281 1293 1294 1282
f 1282 1294 1295 1283
f 1086 1284 1296 1096
f 1283 1295 1296 1284
f 1096 1296 1297 1097
f 1097 1297 1298 1098
f 1098 1298 1299 1099
f 1099 1299 1300 1100
f 1101 1301 1285 1091
f 1100 1300 1301 1101
f 1285 1301 1302 1286
f 1286 1302 1303 1287
f 1287 1303 1304 1288
f 1288 1304 1305 1289
f 1295 1306 1307 1296
f 1296 1307 1308 1297
f 1297 1308 1309 1298
f 1298 1309 1310 1299
f 1299 1310 1311 1300
f 1300 1311 1312 1301
f 1301 1312 1313 1302
f 1103 1315 1314 1102
f 1102 1314 1318 1104
f 1105 1319 1315 1103
f 1106 1320 1319 1105
f 1315 1319 1320 1316
f 1107 1321 1320 1106
f 1316 1320 1321 1317
f 1104 1318 1323 1108
f 1111 1324 1321 1107
f 1112 1325 1324 1111
f 1321 1324 1325 1322
f 1108 1323 1328 1114
f 1114 1328 1327 1113
f 1117 1329 1325 1112
f 1118 1330 1329 1117
f 1325 1329 1330 1326
f 1113 1327 1332 1119
f 1122 1333 1330 1118
f 1123 1334 1333 1122
f 1330 1333 1334 1331
f 1119 1332 1337 1125
f 1125 1337 1336 1124
f 1128 1338 1334 1123
f 1129 1339 1338 1128
f 1334 1338 1339 1335
f 1124 1336 1341 1130
f 1133 1342 1339 1129
f 1339 1342 1343 1340
f 1130 1341 1345 1135
f 1135 1345 1344 1134
f 1137 1346 1342 1133
f 1138 1347 1346 1137
f 1342 1346 1347 1343
f 1134 1344 1350 1140
f 1140 1350 1349 1139
f 1142 1351 1347 1138
f 1347 1351 1352 1348
f 1139 1349 1353 1144
f 1146 1354 1351 1142
f 1147 1355 1354 1146
f 1351 1354 1355 1352
f 1144 1353 1358 1149
f 1149 1358 1357 1148
f 1151 1359 1355 1147
f 1355 1359 1360 1356
f 1148 1357 1362 1153
f 1153 1362 1361 1152
f 1155 1363 1359 1151
f 1359 1363 1364 1360
f 1152 1361 1366 1158
f 1158 1366 1365 1157
f 1160 1367 1363 1155
f 1161 1368 1367 1160
f 1363 1367 1368 1364
f 1163 1371 1370 1162
f 1157 1365 1372 1164
f 1164 1372 1371 1163
f 1167 1373 1368 1161
f 1368 1373 1374 1369
f 1162 1370 1376 1169
f 1169 1376 1375 1168
f 1171 1377 1373 1167
f 1373 1377 1378 1374
f 1173 1380 1379 1172
f 1168 1375 1381 1174
f 1174 1381 1380 1173
f 1176 1382 1377 1171
f 1377 1382 1383 1378
f 1178 1385 1384 1177
f 1172 1379 1386 1179
f 1179 1386 1385 1178
f 1181 1387 1382 1176
f 1382 1387 1388 1383
f 1183 1390 1389 1182
f 1184 1391 1390 1183
f 1177 1384 1392 1185
f 1185 1392 1391 1184
f 1187 1393 1387 1181
f 1387 1393 1394 1388
f 1189 1397 1396 1188
f 1190 1398 1397 1189
f 1191 1399 1398 1190
f 1192 1400 1399 1191
f 1193 1401 1400 1192
f 1194 1402 1401 1193
f 1195 1403 1402 1194
f 1182 1389 1404 1196
f 1196 1404 1403 1195
f 1199 1405 1393 1187
f 1393 1405 1406 1394
f 1188 1396 1408 1200
f 1395 1407 1408 1396
f 1200 1408 1409 1201
f 1205 1411 1405 1199
f 1204 1410 1411 1205
f 1405 1411 1412 1406
f 1201 1409 1414 1206
f 1408 1413 1414 1409
f 1209 1415 1410 1204
f 1410 1415 1416 1411
f 1206 1414 1418 1210
f 1413 1417 1418 1414
f 1213 1419 1415 1209
f 1415 1419 1420 1416
f 1210 1418 1422 1214
f 1417 1421 1422 1418
f 1214 1422 1423 1215
f 1219 1425 1419 1213
f 1218 1424 1425 1219
f 1419 1425 1426 1420
f 1215 1423 1428 1220
f 1422 1427 1428 1423
f 1223 1429 1424 1218
f 1424 1429 1430 1425
f 1220 1428 1432 1224
f 1427 1431 1432 1428
f 1224 1432 1433 1225
f 1229 1435 1429 1223
f 1228 1434 1435 1229
f 1429 1435 1436 1430
f 1225 1433 1438 1230
f 1432 1437 1438 1433
f 1235 1439 1434 1228
f 1434 1439 1440 1435
f 1230 1438 1442 1236
f 1437 1441 1442 1438
f 1236 1442 1443 1237
f 1243 1445 1439 1235
f 1242 1444 1445 1243
f 1439 1445 1446 1440
f 1237 1443 1448 1244
f 1442 1447 1448 1443
f 1244 1448 1449 1245
f 1251 1451 1444 1242
f 1250 1450 1451 1251
f 1444 1451 1452 1445
f 1245 1449 1454 1252
f 1448 1453 1454 1449
f 1252 1454 1455 1253
f 1259 1457 1450 1250
f 1258 1456 1457 1259
f 1450 1457 1458 1451
f 1253 1455 1460 1260
f 1454 1459 1460 1455
f 1260 1460 1461 1261
f 1267 1463 1456 1258
f 1266 1462 1463 1267
f 1456 1463 1464 1457
f 1261 1461 1466 1268
f 1460 1465 1466 1461
f 1268 1466 1467 1269
f 1269 1467 1468 1270
f 1275 1469 1470 1276
f 1277 1471 1462 1266
f 1276 1470 1471 1277
f 1462 1471 1472 1463
f 1466 1473 1474 1467
f 1270 1468 1475 1278
f 1467 1474 1475 1468
f 1278 1475 1476 1279
f 1279 1476 1477 1280
f 1289 1478 1479 1290
f 1291 1480 1469 1275
f 1290 1479 1480 1291
f 1469 1480 1481 1470
f 1470 1481 1482 1471
f 1475 1483 1484 1476
f 1280 1477 1485 1292
f 1476 1484 1485 1477
f 1292 1485 1486 1293
f 1293 1486 1487 1294
f 1294 1487 1488 1295
f 1302 1489 1490 1303
f 1303 1490 1491 1304
f 1305 1492 1478 1289
f 1304 1491 1492 1305
f 1478 1492 1493 1479
f 1479 1493 1494 1480
f 1485 1495 1496 1486
f 1486 1496 1497 1487
f 1295 1488 1498 1306
f 1487 1497 1498 1488
f 1306 1498 1499 1307
f 1307 1499 1500 1308
f 1308 1500 1501 1309
f 1309 1501 1502 1310
f 1310 1502 1503 1311
f 1311 1503 1504 1312
f 1313 1505 1489 1302
f 1312 1504 1505 1313
f 1489 1505 1506 1490
f 1490 1506 1507 1491
f 1491 1507 1508 1492
f 1498 1509 1510 1499
f 1499 1510 1511 1500
f 1500 1511 1512 1501
f 1501 1512 1513 1502
f 1502 1513 1514 1503
f 1503 1514 1515 1504
f 1504 1515 1516 1505
f 1315 1521 1520 1314
f 1316 1522 1521 1315
f 1517 1521 1522 1518
f 1317 1523 1522 1316
f 1518 1522 1523 1519
f 1314 1520 1526 1318
f 1321 1527 1523 1317
f 1322 1528 1527 1321
f 1523 1527 1528 1524
f 1524 1528 1529 1525
f 1318 1526 1531 1323
f 1325 1532 1528 1322
f 1326 1533 1532 1325
f 1528 1532 1533 1529
f 1529 1533 1534 1530
f 1323 1531 1537 1328
f 1328 1537 1536 1327
f 1330 1538 1533 1326
f 1331 1539 1538 1330
f 1533 1538 1539 1534
f 1534 1539 1540 1535
f 1327 1536 1542 1332
f 1334 1543 1539 1331
f 1335 1544 1543 1334
f 1539 1543 1544 1540
f 1540 1544 1545 1541
f 1332 1542 1547 1337
f 1337 1547 1546 1336
f 1339 1548 1544 1335
f 1340 1549 1548 1339
f 1544 1548 1549 1545
f 1336 1546 1551 1341
f 1343 1552 1549 1340
f 1549 1552 1553 1550
f 1341 1551 1555 1345
f 1345 1555 1554 1344
f 1347 1556 1552 1343
f 1348 1557 1556 1347
f 1552 1556 1557 1553
f 1344 1554 1560 1350
f 1350 1560 1559 1349
f 1352 1561 1557 1348
f 1557 1561 1562 1558
f 1349 1559 1563 1353
f 1355 1564 1561 1352
f 1356 1565 1564 1355
f 1561 1564 1565 1562
f 1353 1563 1568 1358
f 1358 1568 1567 1357
f 1360 1569 1565 1356
f 1565 1569 1570 1566
f 1357 1567 1572 1362
f 1362 1572 1571 1361
f 1364 1573 1569 1360
f 1569 1573 1574 1570
f 1361 1571 1576 1366
f 1366 1576 1575 1365
f 1368 1577 1573 1364
f 1369 1578 1577 1368
f 1573 1577 1578 1574
f 1371 1580 1579 1370
f 1365 1575 1581 1372
f 1372 1581 1580 1371
f 1374 1582 1578 1369
f 1370 1579 1585 1376
f 1376 1585 1584 1375
f 1378 1586 1582 1374
f 1582 1586 1587 1583
f 1380 1589 1588 1379
f 1375 1584 1590 1381
f 1381 1590 1589 1380
f 1383 1591 1586 1378
f 1586 1591 1592 1587
f 1385 1594 1593 1384
f 1379 1588 1595 1386
f 1386 1595 1594 1385
f 1388 1596 1591 1383
f 1591 1596 1597 1592
f 1390 1599 1598 1389
f 1391 1600 1599 1390
f 1384 1593 1601 1392
f 1392 1601 1600 1391
f 1394 1602 1596 1388
f 1596 1602 1603 1597
f 1396 1605 1604 1395
f 1397 1606 1605 1396
f 1398 1607 1606 1397
f 1399 1608 1607 1398
f 1400 1609 1608 1399
f 1401 1610 1609 1400
f 1402 1611 1610 1401
f 1403 1612 1611 1402
f 1389 1598 1613 1404
f 1404 1613 1612 1403
f 1406 1614 1602 1394
f 1602 1614 1615 1603
f 1395 1604 1616 1407
f 1407 1616 1617 1408
f 1412 1619 1614 1406
f 1411 1618 1619 1412
f 1408 1617 1621 1413
f 1616 1620 1621 1617
f 1416 1622 1618 1411
f 1618 1622 1623 1619
f 1413 1621 1625 1417
f 1620 1624 1625 1621
f 1420 1626 1622 1416
f 1622 1626 1627 1623
f 1417 1625 1629 1421
f 1624 1628 1629 1625
f 1421 1629 1630 1422
f 1426 1632 1626 1420
f 1425 1631 1632 1426
f 1626 1632 1633 1627
f 1422 1630 1635 1427
f 1629 1634 1635 1630
f 1430 1636 1631 1425
f 1631 1636 1637 1632
f 1427 1635 1639 1431
f 1634 1638 1639 1635
f 1431 1639 1640 1432
f 1436 1642 1636 1430
f 1435 1641 1642 1436
f 1636 1642 1643 1637
f 1432 1640 1645 1437
f 1639 1644 1645 1640
f 1440 1646 1641 1435
f 1641 1646 1647 1642
f 1437 1645 1649 1441
f 1644 1648 1649 1645
f 1441 1649 1650 1442
f 1446 1652 1646 1440
f 1445 1651 1652 1446
f 1646 1652 1653 1647
f 1442 1650 1655 1447
f 1649 1654 1655 1650
f 1447 1655 1656 1448
f 1452 1658 1651 1445
f 1451 1657 1658 1452
f 1651 1658 1659 1652
f 1654 1660 1661 1655
f 1448 1656 1662 1453
f 1655 1661 1662 1656
f 1453 1662 1663 1454
f 1458 1665 1657 1451
f 1457 1664 1665 1458
f 1657 1665 1666 1658
f 1658 1666 1667 1659
f 1661 1668 1669 1662
f 1454 1663 1670 1459
f 1662 1669 1670 1663
f 1459 1670 1671 1460
f 1464 1673 1664 1457
f 1463 1672 1673 1464
f 1664 1673 1674 1665
f 1665 1674 1675 1666
f 1669 1676 1677 1670
f 1460 1671 1678 1465
f 1670 1677 1678 1671
f 1465 1678 1679 1466
f 1472 1681 1672 1463
f 1471 1680 1681 1472
f 1672 1681 1682 1673
f 1673 1682 1683 1674
f 1677 1684 1685 1678
f 1466 1679 1686 1473
f 1678 1685 1686 1679
f 1473 1686 1687 1474
f 1474 1687 1688 1475
f 1480 1689 1690 1481
f 1482 1691 1680 1471
f 1481 1690 1691 1482
f 1680 1691 1692 1681
f 1681 1692 1693 1682
f 1686 1694 1695 1687
f 1475 1688 1696 1483
f 1687 1695 1696 1688
f 1483 1696 1697 1484
f 1484 1697 1698 1485
f 1492 1699 1700 1493
f 1494 1701 1689 1480
f 1493 1700 1701 1494
f 1689 1701 1702 1690
f 1690 1702 1703 1691
f 1696 1704 1705 1697
f 1485 1698 1706 1495
f 1697 1705 1706 1698
f 1495 1706 1707 1496
f 1496 1707 1708 1497
f 1497 1708 1709 1498
f 1505 1710 1711 1506
f 1506 1711 1712 1507
f 1508 1713 1699 1492
f 1507 1712 1713 1508
f 1699 1713 1714 1700
f 1700 1714 1715 1701
f 1706 1716 1717 1707
f 1707 1717 1718 1708
f 1498 1709 1719 1509
f 1708 1718 1719 1709
f 1509 1719 1720 1510
f 1510 1720 1721 1511
f 1511 1721 1722 1512
f 1512 1722 1723 1513
f 1513 1723 1724 1514
f 1514 1724 1725 1515
f 1516 1726 1710 1505
f 1515 1725 1726 1516
f 1710 1726 1727 1711
f 1711 1727 1728 1712
f 1712 1728 1729 1713
f 1720 1730 1731 1721
f 1721 1731 1732 1722
f 1722 1732 1733 1723
f 1723 1733 1734 1724
f 1724 1734 1735 1725
f 1518 1740 1739 1517
f 1736 1739 1740 1737
f 1519 1741 1740 1518
f 1737 1740 1741 1738
f 1517 1739 1745 1521
f 1521 1745 1744 1520
f 1523 1746 1741 1519
f 1524 1747 1746 1523
f 1741 1746 1747 1742
f 1525 1748 1747 1524
f 1742 1747 1748 1743
f 1520 1744 1750 1526
f 1529 1751 1748 1525
f 1530 1752 1751 1529
f 1748 1751 1752 1749
f 1526 1750 1754 1531
f 1534 1755 1752 1530
f 1535 1756 1755 1534
f 1752 1755 1756 1753
f 1531 1754 1759 1537
f 1537 1759 1758 1536
f 1540 1760 1756 1535
f 1541 1761 1760 1540
f 1756 1760 1761 1757
f 1536 1758 1763 1542
f 1545 1764 1761 1541
f 1761 1764 1765 1762
f 1542 1763 1767 1547
f 1547 1767 1766 1546
f 1549 1768 1764 1545
f 1550 1769 1768 1549
f 1764 1768 1769 1765
f 1546 1766 1771 1551
f 1553 1772 1769 1550
f 1769 1772 1773 1770
f 1551 1771 1775 1555
f 1555 1775 1774 1554
f 1557 1776 1772 1553
f 1558 1777 1776 1557
f 1772 1776 1777 1773
f 1554 1774 1780 1560
f 1560 1780 1779 1559
f 1562 1781 1777 1558
f 1777 1781 1782 1778
f 1559 1779 1783 1563
f 1565 1784 1781 1562
f 1566 1785 1784 1565
f 1781 1784 1785 1782
f 1563 1783 1788 1568
f 1568 1788 1787 1567
f 1570 1789 1785 1566
f 1785 1789 1790 1786
f 1567 1787 1792 1572
f 1572 1792 1791 1571
f 1574 1793 1789 1570
f 1789 1793 1794 1790
f 1571 1791 1796 1576
f 1576 1796 1795 1575
f 1578 1797 1793 1574
f 1793 1797 1798 1794
f 1580 1800 1799 1579
f 1575 1795 1801 1581
f 1581 1801 1800 1580
f 1582 1802 1797 1578
f 1583 1803 1802 1582
f 1797 1802 1803 1798
f 1579 1799 1805 1585
f 1585 1805 1804 1584
f 1587 1806 1803 1583
f 1589 1808 1807 1588
f 1584 1804 1809 1590
f 1590 1809 1808 1589
f 1592 1810 1806 1587
f 1594 1813 1812 1593
f 1588 1807 1814 1595
f 1595 1814 1813 1594
f 1597 1815 1810 1592
f 1810 1815 1816 1811
f 1599 1818 1817 1598
f 1600 1819 1818 1599
f 1593 1812 1820 1601
f 1601 1820 1819 1600
f 1603 1821 1815 1597
f 1605 1824 1823 1604
f 1606 1825 1824 1605
f 1607 1826 1825 1606
f 1608 1827 1826 1607
f 1609 1828 1827 1608
f 1610 1829 1828 1609
f 1611 1830 1829 1610
f 1612 1831 1830 1611
f 1598 1817 1832 1613
f 1613 1832 1831 1612
f 1615 1834 1821 1603
f 1614 1833 1834 1615
f 1604 1823 1836 1616
f 1822 1835 1836 1823
f 1619 1837 1833 1614
f 1833 1837 1838 1834
f 1616 1836 1840 1620
f 1835 1839 1840 1836
f 1623 1841 1837 1619
f 1837 1841 1842 1838
f 1620 1840 1844 1624
f 1839 1843 1844 1840
f 1627 1845 1841 1623
f 1841 1845 1846 1842
f 1624 1844 1848 1628
f 1843 1847 1848 1844
f 1628 1848 1849 1629
f 1633 1851 1845 1627
f 1632 1850 1851 1633
f 1845 1851 1852 1846
f 1629 1849 1854 1634
f 1848 1853 1854 1849
f 1637 1855 1850 1632
f 1850 1855 1856 1851
f 1634 1854 1858 1638
f 1853 1857 1858 1854
f 1638 1858 1859 1639
f 1643 1861 1855 1637
f 1642 1860 1861 1643
f 1855 1861 1862 1856
f 1639 1859 1864 1644
f 1858 1863 1864 1859
f 1647 1865 1860 1642
f 1860 1865 1866 1861
f 1644 1864 1868 1648
f 1863 1867 1868 1864
f 1648 1868 1869 1649
f 1653 1871 1865 1647
f 1652 1870 1871 1653
f 1865 1871 1872 1866
f 1649 1869 1874 1654
f 1868 1873 1874 1869
f 1659 1875 1870 1652
f 1870 1875 1876 1871
f 1654 1874 1878 1660
f 1873 1877 1878 1874
f 1660 1878 1879 1661
f 1667 1881 1875 1659
f 1666 1880 1881 1667
f 1875 1881 1882 1876
f 1661 1879 1884 1668
f 1878 1883 1884 1879
f 1668 1884 1885 1669
f 1675 1887 1880 1666
f 1674 1886 1887 1675
f 1880 1887 1888 1881
f 1669 1885 1890 1676
f 1884 1889 1890 1885
f 1676 1890 1891 1677
f 1683 1893 1886 1674
f 1682 1892 1893 1683
f 1886 1893 1894 1887
f 1677 1891 1896 1684
f 1890 1895 1896 1891
f 1684 1896 1897 1685
f 1685 1897 1898 1686
f 1691 1899 1900 1692
f 1693 1901 1892 1682
f 1692 1900 1901 1693
f 1892 1901 1902 1893
f 1896 1903 1904 1897
f 1686 1898 1905 1694
f 1897 1904 1905 1898
f 1694 1905 1906 1695
f 1695 1906 1907 1696
f 1701 1908 1909 1702
f 1703 1910 1899 1691
f 1702 1909 1910 1703
f 1899 1910 1911 1900
f 1900 1911 1912 1901
f 1905 1913 1914 1906
f 1696 1907 1915 1704
f 1906 1914 1915 1907
f 1704 1915 1916 1705
f 1705 1916 1917 1706
f 1713 1918 1919 1714
f 1715 1920 1908 1701
f 1714 1919 1920 1715
f 1908 1920 1921 1909
f 1909 1921 1922 1910
f 1915 1923 1924 1916
f 1706 1917 1925 1716
f 1916 1924 1925 1917
f 1716 1925 1926 1717
f 1717 1926 1927 1718
f 1718 1927 1928 1719
f 1719 1928 1929 1720
f 1725 1930 1931 1726
f 1726 1931 1932 1727
f 1727 1932 1933 1728
f 1729 1934 1918 1713
f 1728 1933 1934 1729
f 1918 1934 1935 1919
f 1919 1935 1936 1920
f 1925 1937 1938 1926
f 1926 1938 1939 1927
f 1927 1939 1940 1928
f 1720 1929 1941 1730
f 1928 1940 1941 1929
f 1730 1941 1942 1731
f 1731 1942 1943 1732
f 1732 1943 1944 1733
f 1733 1944 1945 1734
f 1735 1946 1930 1725
f 1734 1945 1946 1735
f 1930 1946 1947 1931
f 1931 1947 1948 1932
f 1932 1948 1949 1933
f 1933 1949 1950 1934
f 1943 1951 1952 1944
f 1737 1957 1956 1736
f 1953 1956 1957 1954
f 1738 1958 1957 1737
f 1954 1957 1958 1955
f 1736 1956 1960 1739
f 1741 1961 1958 1738
f 1742 1962 1961 1741
f 1958 1961 1962 1959
f 1743 1963 1962 1742
f 1739 1960 1966 1745
f 1745 1966 1965 1744
f 1748 1967 1963 1743
f 1749 1968 1967 1748
f 1963 1967 1968 1964
f 1744 1965 1970 1750
f 1752 1971 1968 1749
f 1753 1972 1971 1752
f 1968 1971 1972 1969
f 1750 1970 1974 1754
f 1756 1975 1972 1753
f 1757 1976 1975 1756
f 1972 1975 1976 1973
f 1754 1974 1979 1759
f 1759 1979 1978 1758
f 1761 1980 1976 1757
f 1762 1981 1980 1761
f 1976 1980 1981 1977
f 1758 1978 1982 1763
f 1765 1983 1981 1762
f 1763 1982 1986 1767
f 1767 1986 1985 1766
f 1769 1987 1983 1765
f 1770 1988 1987 1769
f 1983 1987 1988 1984
f 1766 1985 1990 1771
f 1773 1991 1988 1770
f 1988 1991 1992 1989
f 1771 1990 1994 1775
f 1775 1994 1993 1774
f 1777 1995 1991 1773
f 1778 1996 1995 1777
f 1991 1995 1996 1992
f 1774 1993 1999 1780
f 1780 1999 1998 1779
f 1782 2000 1996 1778
f 1996 2000 2001 1997
f 1779 1998 2002 1783
f 1785 2003 2000 1782
f 1786 2004 2003 1785
f 2000 2003 2004 2001
f 1783 2002 2006 1788
f 1788 2006 2005 1787
f 1790 2007 2004 1786
f 1787 2005 2010 1792
f 1792 2010 2009 1791
f 1794 2011 2007 1790
f 2007 2011 2012 2008
f 1791 2009 2014 1796
f 1796 2014 2013 1795
f 1798 2015 2011 1794
f 2011 2015 2016 2012
f 1800 2018 2017 1799
f 1795 2013 2019 1801
f 1801 2019 2018 1800
f 1803 2020 2015 1798
f 2015 2020 2021 2016
f 1799 2017 2023 1805
f 1805 2023 2022 1804
f 1806 2024 2020 1803
f 2020 2024 2025 2021
f 1808 2027 2026 1807
f 1804 2022 2028 1809
f 1809 2028 2027 1808
f 1810 2029 2024 1806
f 1811 2030 2029 1810
f 2024 2029 2030 2025
f 1813 2032 2031 1812
f 1807 2026 2033 1814
f 1814 2033 2032 1813
f 1816 2035 2030 1811
f 1815 2034 2035 1816
f 1818 2037 2036 1817
f 1819 2038 2037 1818
f 1812 2031 2039 1820
f 1820 2039 2038 1819
f 1821 2040 2034 1815
f 2034 2040 2041 2035
f 1823 2044 2043 1822
f 1824 2045 2044 1823
f 1825 2046 2045 1824
f 1826 2047 2046 1825
f 1827 2048 2047 1826
f 1828 2049 2048 1827
f 1829 2050 2049 1828
f 1830 2051 2050 1829
f 1831 2052 2051 1830
f 1817 2036 2053 1832
f 1832 2053 2052 1831
f 1834 2054 2040 1821
f 2040 2054 2055 2041
f 1822 2043 2057 1835
f 2042 2056 2057 2043
f 1838 2058 2054 1834
f 2054 2058 2059 2055
f 1835 2057 2061 1839
f 2056 2060 2061 2057
f 1842 2062 2058 1838
f 2058 2062 2063 2059
f 1839 2061 2065 1843
f 2060 2064 2065 2061
f 1846 2066 2062 1842
f 2062 2066 2067 2063
f 1843 2065 2068 1847
f 1847 2068 2069 1848
f 1852 2071 2066 1846
f 1851 2070 2071 1852
f 1848 2069 2073 1853
f 2068 2072 2073 2069
f 1856 2074 2070 1851
f 2070 2074 2075 2071
f 1853 2073 2077 1857
f 2072 2076 2077 2073
f 1857 2077 2078 1858
f 1862 2080 2074 1856
f 1861 2079 2080 1862
f 2074 2080 2081 2075
f 1858 2078 2083 1863
f 2077 2082 2083 2078
f 1866 2084 2079 1861
f 2079 2084 2085 2080
f 1863 2083 2087 1867
f 2082 2086 2087 2083
f 1867 2087 2088 1868
f 1872 2090 2084 1866
f 1871 2089 2090 1872
f 2084 2090 2091 2085
f 1868 2088 2093 1873
f 2087 2092 2093 2088
f 1876 2094 2089 1871
f 2089 2094 2095 2090
f 1873 2093 2096 1877
f 1877 2096 2097 1878
f 1882 2099 2094 1876
f 1881 2098 2099 1882
f 1878 2097 2101 1883
f 2096 2100 2101 2097
f 1883 2101 2102 1884
f 1888 2104 2098 1881
f 1887 2103 2104 1888
f 2098 2104 2105 2099
f 1884 2102 2107 1889
f 2101 2106 2107 2102
f 1889 2107 2108 1890
f 1894 2110 2103 1887
f 1893 2109 2110 1894
f 2103 2110 2111 2104
f 1890 2108 2113 1895
f 2107 2112 2113 2108
f 1895 2113 2114 1896
f 1902 2116 2109 1893
f 1901 2115 2116 1902
f 2109 2116 2117 2110
f 1896 2114 2119 1903
f 2113 2118 2119 2114
f 1903 2119 2120 1904
f 1904 2120 2121 1905
f 1910 2122 2123 1911
f 1912 2124 2115 1901
f 1911 2123 2124 1912
f 2115 2124 2125 2116
f 1905 2121 2127 1913
f 2120 2126 2127 2121
f 1913 2127 2128 1914
f 1914 2128 2129 1915
f 1920 2130 2131 1921
f 1922 2132 2122 1910
f 1921 2131 2132 1922
f 2122 2132 2133 2123
f 2127 2134 2135 2128
f 1915 2129 2136 1923
f 2128 2135 2136 2129
f 1923 2136 2137 1924
f 1924 2137 2138 1925
f 1934 2139 2140 1935
f 1936 2141 2130 1920
f 1935 2140 2141 1936
f 2130 2141 2142 2131
f 2131 2142 2143 2132
f 2136 2144 2145 2137
f 1925 2138 2146 1937
f 2137 2145 2146 2138
f 1937 2146 2147 1938
f 1938 2147 2148 1939
f 1939 2148 2149 1940
f 1940 2149 2150 1941
f 1941 2150 2151 1942
f 1942 2151 2152 1943
f 1944 2153 2154 1945
f 1945 2154 2155 1946
f 1946 2155 2156 1947
f 1947 2156 2157 1948
f 1948 2157 2158 1949
f 1950 2159 2139 1934
f 1949 2158 2159 1950
f 2139 2159 2160 2140
f 2140 2160 2161 2141
f 2147 2162 2163 2148
f 2148 2163 2164 2149
f 2149 2164 2165 2150
f 2150 2165 2166 2151
f 1943 2152 2167 1951
f 2151 2166 2167 2152
f 1952 2168 2153 1944
f 1951 2167 2168 1952
f 2153 2168 2169 2154
f 2154 2169 2170 2155
f 2155 2170 2171 2156
f 2156 2171 2172 2157
f 2157 2172 2173 2158
f 1954 2177 2176 1953
f 2174 2176 2177 2175
f 1955 2178 2177 1954
f 1953 2176 2180 1956
f 1958 2181 2178 1955
f 1959 2182 2181 1958
f 2178 2181 2182 2179
f 1956 2180 2184 1960
f 1962 2185 2182 1959
f 1963 2186 2185 1962
f 2182 2185 2186 2183
f 1964 2187 2186 1963
f 1960 2184 2190 1966
f 1966 2190 2189 1965
f 1968 2191 2187 1964
f 1969 2192 2191 1968
f 2187 2191 2192 2188
f 1965 2189 2194 1970
f 1972 2195 2192 1969
f 1973 2196 2195 1972
f 2192 2195 2196 2193
f 1970 2194 2198 1974
f 1976 2199 2196 1973
f 1977 2200 2199 1976
f 2196 2199 2200 2197
f 1974 2198 2202 1979
f 1979 2202 2201 1978
f 1981 2203 2200 1977
f 1978 2201 2205 1982
f 1983 2206 2203 1981
f 1984 2207 2206 1983
f 2203 2206 2207 2204
f 1982 2205 2210 1986
f 1986 2210 2209 1985
f 1988 2211 2207 1984
f 1989 2212 2211 1988
f 2207 2211 2212 2208
f 1985 2209 2213 1990
f 1992 2214 2212 1989
f 1990 2213 2217 1994
f 1994 2217 2216 1993
f 1996 2218 2214 1992
f 1997 2219 2218 1996
f 2214 2218 2219 2215
f 1993 2216 2221 1999
f 1999 2221 2220 1998
f 2001 2222 2219 1997
f 1998 2220 2225 2002
f 2004 2226 2222 2001
f 2222 2226 2227 2223
f 2002 2225 2229 2006
f 2006 2229 2228 2005
f 2224 2228 2229 2225
f 2007 2230 2226 2004
f 2008 2231 2230 2007
f 2226 2230 2231 2227
f 2005 2228 2233 2010
f 2010 2233 2232 2009
f 2012 2234 2231 2008
f 2009 2232 2237 2014
f 2014 2237 2236 2013
f 2016 2238 2234 2012
f 2018 2241 2240 2017
f 2013 2236 2242 2019
f 2019 2242 2241 2018
f 2235 2241 2242 2236
f 2021 2243 2238 2016
f 2238 2243 2244 2239
f 2017 2240 2246 2023
f 2023 2246 2245 2022
f 2025 2247 2243 2021
f 2243 2247 2248 2244
f 2027 2250 2249 2026
f 2022 2245 2251 2028
f 2028 2251 2250 2027
f 2030 2252 2247 2025
f 2247 2252 2253 2248
f 2032 2255 2254 2031
f 2026 2249 2256 2033
f 2033 2256 2255 2032
f 2035 2257 2252 2030
f 2252 2257 2258 2253
f 2037 2260 2259 2036
f 2038 2261 2260 2037
f 2031 2254 2262 2039
f 2039 2262 2261 2038
f 2041 2263 2257 2035
f 2257 2263 2264 2258
f 2043 2267 2266 2042
f 2044 2268 2267 2043
f 2045 2269 2268 2044
f 2046 2270 2269 2045
f 2047 2271 2270 2046
f 2048 2272 2271 2047
f 2049 2273 2272 2048
f 2050 2274 2273 2049
f 2051 2275 2274 2050
f 2052 2276 2275 2051
f 2036 2259 2277 2053
f 2053 2277 2276 2052
f 2055 2278 2263 2041
f 2263 2278 2279 2264
f 2042 2266 2281 2056
f 2265 2280 2281 2266
f 2059 2282 2278 2055
f 2278 2282 2283 2279
f 2056 2281 2284 2060
f 2063 2285 2282 2059
f 2060 2284 2286 2064
f 2064 2286 2287 2065
f 2067 2289 2285 2063
f 2066 2288 2289 2067
f 2065 2287 2291 2068
f 2286 2290 2291 2287
f 2071 2292 2288 2066
f 2288 2292 2293 2289
f 2068 2291 2295 2072
f 2290 2294 2295 2291
f 2075 2296 2292 2071
f 2292 2296 2297 2293
f 2072 2295 2298 2076
f 2076 2298 2299 2077
f 2081 2301 2296 2075
f 2080 2300 2301 2081
f 2077 2299 2303 2082
f 2298 2302 2303 2299
f 2085 2304 2300 2080
f 2300 2304 2305 2301
f 2082 2303 2306 2086
f 2086 2306 2307 2087
f 2091 2309 2304 2085
f 2090 2308 2309 2091
f 2087 2307 2311 2092
f 2306 2310 2311 2307
f 2092 2311 2312 2093
f 2095 2314 2308 2090
f 2094 2313 2314 2095
f 2308 2314 2315 2309
f 2093 2312 2317 2096
f 2311 2316 2317 2312
f 2099 2318 2313 2094
f 2313 2318 2319 2314
f 2096 2317 2320 2100
f 2100 2320 2321 2101
f 2105 2323 2318 2099
f 2104 2322 2323 2105
f 2101 2321 2325 2106
f 2320 2324 2325 2321
f 2106 2325 2326 2107
f 2111 2328 2322 2104
f 2110 2327 2328 2111
f 2322 2328 2329 2323
f 2107 2326 2331 2112
f 2325 2330 2331 2326
f 2112 2331 2332 2113
f 2117 2334 2327 2110
f 2116 2333 2334 2117
f 2327 2334 2335 2328
f 2113 2332 2337 2118
f 2331 2336 2337 2332
f 2118 2337 2338 2119
f 2119 2338 2339 2120
f 2123 2340 2341 2124
f 2125 2342 2333 2116
f 2124 2341 2342 2125
f 2333 2342 2343 2334
f 2120 2339 2345 2126
f 2338 2344 2345 2339
f 2126 2345 2346 2127
f 2133 2348 2340 2123
f 2132 2347 2348 2133
f 2340 2348 2349 2341
f 2127 2346 2351 2134
f 2345 2350 2351 2346
f 2134 2351 2352 2135
f 2135 2352 2353 2136
f 2141 2354 2355 2142
f 2143 2356 2347 2132
f 2142 2355 2356 2143
f 2347 2356 2357 2348
f 2136 2353 2359 2144
f 2352 2358 2359 2353
f 2144 2359 2360 2145
f 2145 2360 2361 2146
f 2146 2361 2362 2147
f 2158 2363 2364 2159
f 2159 2364 2365 2160
f 2161 2366 2354 2141
f 2160 2365 2366 2161
f 2354 2366 2367 2355
f 2360 2368 2369 2361
f 2147 2362 2370 2162
f 2361 2369 2370 2362
f 2162 2370 2371 2163
f 2163 2371 2372 2164
f 2164 2372 2373 2165
f 2165 2373 2374 2166
f 2166 2374 2375 2167
f 2167 2375 2376 2168
f 2168 2376 2377 2169
f 2169 2377 2378 2170
f 2170 2378 2379 2171
f 2171 2379 2380 2172
f 2173 2381 2363 2158
f 2172 2380 2381 2173
f 2363 2381 2382 2364
f 2364 2382 2383 2365
f 2372 2384 2385 2373
f 2373 2385 2386 2374
f 2374 2386 2387 2375
f 2375 2387 2388 2376
f 2376 2388 2389 2377
f 2377 2389 2390 2378
f 2378 2390 2391 2379
f 2175 2395 2394 2174
f 2392 2394 2395 2393
f 2174 2394 2397 2176
f 2177 2398 2395 2175
f 2178 2399 2398 2177
f 2395 2398 2399 2396
f 2179 2400 2399 2178
f 2176 2397 2402 2180
f 2182 2403 2400 2179
f 2183 2404 2403 2182
f 2400 2403 2404 2401
f 2180 2402 2407 2184
f 2186 2408 2404 2183
f 2187 2409 2408 2186
f 2404 2408 2409 2405
f 2188 2410 2409 2187
f 2184 2407 2413 2190
f 2190 2413 2412 2189
f 2406 2412 2413 2407
f 2192 2414 2410 2188
f 2193 2415 2414 2192
f 2410 2414 2415 2411
f 2189 2412 2417 2194
f 2196 2418 2415 2193
f 2197 2419 2418 2196
f 2415 2418 2419 2416
f 2194 2417 2421 2198
f 2200 2422 2419 2197
f 2198 2421 2425 2202
f 2202 2425 2424 2201
f 2420 2424 2425 2421
f 2203 2426 2422 2200
f 2204 2427 2426 2203
f 2422 2426 2427 2423
f 2201 2424 2429 2205
f 2207 2430 2427 2204
f 2208 2431 2430 2207
f 2427 2430 2431 2428
f 2205 2429 2433 2210
f 2210 2433 2432 2209
f 2212 2434 2431 2208
f 2209 2432 2437 2213
f 2214 2438 2434 2212
f 2215 2439 2438 2214
f 2434 2438 2439 2435
f 2213 2437 2442 2217
f 2217 2442 2441 2216
f 2436 2441 2442 2437
f 2219 2443 2439 2215
f 2439 2443 2444 2440
f 2216 2441 2446 2221
f 2221 2446 2445 2220
f 2222 2447 2443 2219
f 2223 2448 2447 2222
f 2443 2447 2448 2444
f 2220 2445 2450 2225
f 2225 2450 2449 2224
f 2227 2451 2448 2223
f 2224 2449 2454 2228
f 2231 2455 2451 2227
f 2451 2455 2456 2452
f 2228 2454 2459 2233
f 2233 2459 2458 2232
f 2453 2458 2459 2454
f 2234 2460 2455 2231
f 2455 2460 2461 2456
f 2236 2463 2462 2235
f 2232 2458 2464 2237
f 2237 2464 2463 2236
f 2457 2463 2464 2458
f 2238 2465 2460 2234
f 2239 2466 2465 2238
f 2460 2465 2466 2461
f 2235 2462 2468 2241
f 2241 2468 2467 2240
f 2244 2469 2466 2239
f 2240 2467 2472 2246
f 2246 2472 2471 2245
f 2248 2473 2469 2244
f 2250 2475 2474 2249
f 2245 2471 2476 2251
f 2251 2476 2475 2250
f 2470 2475 2476 2471
f 2253 2477 2473 2248
f 2255 2480 2479 2254
f 2249 2474 2481 2256
f 2256 2481 2480 2255
f 2258 2482 2477 2253
f 2260 2485 2484 2259
f 2261 2486 2485 2260
f 2254 2479 2487 2262
f 2262 2487 2486 2261
f 2478 2486 2487 2479
f 2264 2488 2482 2258
f 2266 2490 2489 2265
f 2267 2491 2490 2266
f 2268 2492 2491 2267
f 2269 2493 2492 2268
f 2270 2494 2493 2269
f 2271 2495 2494 2270
f 2272 2496 2495 2271
f 2273 2497 2496 2272
f 2274 2498 2497 2273
f 2275 2499 2498 2274
f 2276 2500 2499 2275
f 2259 2484 2501 2277
f 2277 2501 2500 2276
f 2483 2500 2501 2484
f 2279 2502 2488 2264
f 2265 2489 2503 2280
f 2280 2503 2504 2281
f 2283 2506 2502 2279
f 2282 2505 2506 2283
f 2281 2504 2508 2284
f 2503 2507 2508 2504
f 2285 2509 2505 2282
f 2505 2509 2510 2506
f 2284 2508 2512 2286
f 2507 2511 2512 2508
f 2289 2513 2509 2285
f 2509 2513 2514 2510
f 2286 2512 2516 2290
f 2511 2515 2516 2512
f 2293 2517 2513 2289
f 2513 2517 2518 2514
f 2290 2516 2519 2294
f 2294 2519 2520 2295
f 2297 2522 2517 2293
f 2296 2521 2522 2297
f 2295 2520 2524 2298
f 2519 2523 2524 2520
f 2301 2525 2521 2296
f 2521 2525 2526 2522
f 2298 2524 2528 2302
f 2523 2527 2528 2524
f 2302 2528 2529 2303
f 2305 2531 2525 2301
f 2304 2530 2531 2305
f 2525 2531 2532 2526
f 2303 2529 2534 2306
f 2528 2533 2534 2529
f 2309 2535 2530 2304
f 2530 2535 2536 2531
f 2306 2534 2537 2310
f 2310 2537 2538 2311
f 2315 2540 2535 2309
f 2314 2539 2540 2315
f 2311 2538 2542 2316
f 2537 2541 2542 2538
f 2316 2542 2543 2317
f 2319 2545 2539 2314
f 2318 2544 2545 2319
f 2539 2545 2546 2540
f 2317 2543 2548 2320
f 2542 2547 2548 2543
f 2323 2549 2544 2318
f 2544 2549 2550 2545
f 2320 2548 2551 2324
f 2324 2551 2552 2325
f 2329 2554 2549 2323
f 2328 2553 2554 2329
f 2325 2552 2556 2330
f 2551 2555 2556 2552
f 2330 2556 2557 2331
f 2335 2559 2553 2328
f 2334 2558 2559 2335
f 2553 2559 2560 2554
f 2331 2557 2562 2336
f 2556 2561 2562 2557
f 2336 2562 2563 2337
f 2337 2563 2564 2338
f 2341 2565 2566 2342
f 2343 2567 2558 2334
f 2342 2566 2567 2343
f 2558 2567 2568 2559
f 2338 2564 2570 2344
f 2563 2569 2570 2564
f 2344 2570 2571 2345
f 2349 2573 2565 2341
f 2348 2572 2573 2349
f 2565 2573 2574 2566
f 2345 2571 2576 2350
f 2570 2575 2576 2571
f 2350 2576 2577 2351
f 2351 2577 2578 2352
f 2355 2579 2580 2356
f 2357 2581 2572 2348
f 2356 2580 2581 2357
f 2572 2581 2582 2573
f 2352 2578 2584 2358
f 2577 2583 2584 2578
f 2358 2584 2585 2359
f 2359 2585 2586 2360
f 2365 2587 2588 2366
f 2367 2589 2579 2355
f 2366 2588 2589 2367
f 2579 2589 2590 2580
f 2584 2591 2592 2585
f 2360 2586 2593 2368
f 2585 2592 2593 2586
f 2368 2593 2594 2369
f 2369 2594 2595 2370
f 2370 2595 2596 2371
f 2371 2596 2597 2372
f 2379 2598 2599 2380
f 2380 2599 2600 2381
f 2381 2600 2601 2382
f 2383 2602 2587 2365
f 2382 2601 2602 2383
f 2587 2602 2603 2588
f 2588 2603 2604 2589
f 2594 2605 2606 2595
f 2595 2606 2607 2596
f 2372 2597 2608 2384
f 2596 2607 2608 2597
f 2384 2608 2609 2385
f 2385 2609 2610 2386
f 2386 2610 2611 2387
f 2387 2611 2612 2388
f 2388 2612 2613 2389
f 2389 2613 2614 2390
f 2391 2615 2598 2379
f 2390 2614 2615 2391
f 2598 2615 2616 2599
f 2599 2616 2617 2600
f 2600 2617 2618 2601
f 2393 2620 2619 2392
f 2392 2619 2622 2394
f 2395 2623 2620 2393
f 2396 2624 2623 2395
f 2620 2623 2624 2621
f 2394 2622 2626 2397
f 2399 2627 2624 2396
f 2400 2628 2627 2399
f 2624 2627 2628 2625
f 2401 2629 2628 2400
f 2397 2626 2632 2402
f 2404 2633 2629 2401
f 2405 2634 2633 2404
f 2629 2633 2634 2630
f 2402 2632 2637 2407
f 2407 2637 2636 2406
f 2631 2636 2637 2632
f 2409 2638 2634 2405
f 2410 2639 2638 2409
f 2634 2638 2639 2635
f 2411 2640 2639 2410
f 2406 2636 2641 2412
f 2415 2642 2640 2411
f 2416 2643 2642 2415
f 2412 2641 2644 2417
f 2419 2645 2643 2416
f 2417 2644 2648 2421
f 2421 2648 2647 2420
f 2422 2649 2645 2419
f 2423 2650 2649 2422
f 2645 2649 2650 2646
f 2420 2647 2652 2424
f 2427 2653 2650 2423
f 2428 2654 2653 2427
f 2650 2653 2654 2651
f 2424 2652 2656 2429
f 2431 2657 2654 2428
f 2429 2656 2660 2433
f 2433 2660 2659 2432
f 2655 2659 2660 2656
f 2434 2661 2657 2431
f 2435 2662 2661 2434
f 2657 2661 2662 2658
f 2432 2659 2665 2437
f 2437 2665 2664 2436
f 2439 2666 2662 2435
f 2440 2667 2666 2439
f 2662 2666 2667 2663
f 2436 2664 2668 2441
f 2444 2669 2667 2440
f 2441 2668 2671 2446
f 2446 2671 2670 2445
f 2448 2672 2669 2444
f 2445 2670 2675 2450
f 2450 2675 2674 2449
f 2451 2676 2672 2448
f 2452 2677 2676 2451
f 2672 2676 2677 2673
f 2449 2674 2679 2454
f 2454 2679 2678 2453
f 2456 2680 2677 2452
f 2453 2678 2682 2458
f 2458 2682 2681 2457
f 2461 2683 2680 2456
f 2457 2681 2686 2463
f 2463 2686 2685 2462
f 2466 2687 2683 2461
f 2683 2687 2688 2684
f 2462 2685 2690 2468
f 2468 2690 2689 2467
f 2469 2691 2687 2466
f 2687 2691 2692 2688
f 2471 2694 2693 2470
f 2467 2689 2695 2472
f 2472 2695 2694 2471
f 2473 2696 2691 2469
f 2691 2696 2697 2692
f 2470 2693 2700 2475
f 2475 2700 2699 2474
f 2477 2701 2696 2473
f 2696 2701 2702 2697
f 2479 2704 2703 2478
f 2480 2705 2704 2479
f 2474 2699 2706 2481
f 2481 2706 2705 2480
f 2698 2705 2706 2699
f 2482 2707 2701 2477
f 2701 2707 2708 2702
f 2484 2714 2713 2483
f 2485 2715 2714 2484
f 2478 2703 2716 2486
f 2486 2716 2715 2485
f 2488 2717 2707 2482
f 2707 2717 2718 2708
f 2709 2719 2720 2710
f 2490 2721 2720 2489
f 2710 2720 2721 2711
f 2491 2722 2721 2490
f 2492 2723 2722 2491
f 2493 2724 2723 2492
f 2494 2725 2724 2493
f 2495 2726 2725 2494
f 2496 2727 2726 2495
f 2497 2728 2727 2496
f 2498 2729 2728 2497
f 2499 2730 2729 2498
f 2483 2713 2731 2500
f 2500 2731 2730 2499
f 2712 2730 2731 2713
f 2502 2732 2717 2488
f 2717 2732 2733 2718
f 2489 2720 2735 2503
f 2719 2734 2735 2720
f 2506 2736 2732 2502
f 2732 2736 2737 2733
f 2503 2735 2739 2507
f 2734 2738 2739 2735
f 2510 2740 2736 2506
f 2736 2740 2741 2737
f 2507 2739 2742 2511
f 2514 2743 2740 2510
f 2511 2742 2744 2515
f 2515 2744 2745 2516
f 2518 2747 2743 2514
f 2517 2746 2747 2518
f 2516 2745 2749 2519
f 2744 2748 2749 2745
f 2522 2750 2746 2517
f 2746 2750 2751 2747
f 2519 2749 2752 2523
f 2526 2753 2750 2522
f 2523 2752 2754 2527
f 2527 2754 2755 2528
f 2532 2757 2753 2526
f 2531 2756 2757 2532
f 2528 2755 2759 2533
f 2754 2758 2759 2755
f 2533 2759 2760 2534
f 2536 2762 2756 2531
f 2535 2761 2762 2536
f 2756 2762 2763 2757
f 2534 2760 2765 2537
f 2759 2764 2765 2760
f 2540 2766 2761 2535
f 2761 2766 2767 2762
f 2537 2765 2768 2541
f 2541 2768 2769 2542
f 2546 2771 2766 2540
f 2545 2770 2771 2546
f 2542 2769 2773 2547
f 2768 2772 2773 2769
f 2547 2773 2774 2548
f 2550 2776 2770 2545
f 2549 2775 2776 2550
f 2770 2776 2777 2771
f 2548 2774 2779 2551
f 2773 2778 2779 2774
f 2554 2780 2775 2549
f 2775 2780 2781 2776
f 2551 2779 2782 2555
f 2555 2782 2783 2556
f 2560 2785 2780 2554
f 2559 2784 2785 2560
f 2556 2783 2786 2561
f 2561 2786 2787 2562
f 2562 2787 2788 2563
f 2566 2789 2790 2567
f 2568 2791 2784 2559
f 2567 2790 2791 2568
f 2563 2788 2793 2569
f 2787 2792 2793 2788
f 2569 2793 2794 2570
f 2574 2796 2789 2566
f 2573 2795 2796 2574
f 2789 2796 2797 2790
f 2570 2794 2799 2575
f 2793 2798 2799 2794
f 2575 2799 2800 2576
f 2576 2800 2801 2577
f 2580 2802 2803 2581
f 2582 2804 2795 2573
f 2581 2803 2804 2582
f 2795 2804 2805 2796
f 2577 2801 2807 2583
f 2800 2806 2807 2801
f 2583 2807 2808 2584
f 2590 2810 2802 2580
f 2589 2809 2810 2590
f 2802 2810 2811 2803
f 2584 2808 2813 2591
f 2807 2812 2813 2808
f 2591 2813 2814 2592
f 2592 2814 2815 2593
f 2593 2815 2816 2594
f 2601 2817 2818 2602
f 2602 2818 2819 2603
f 2604 2820 2809 2589
f 2603 2819 2820 2604
f 2809 2820 2821 2810
f 2594 2816 2823 2605
f 2815 2822 2823 2816
f 2605 2823 2824 2606
f 2606 2824 2825 2607
f 2607 2825 2826 2608
f 2608 2826 2827 2609
f 2609 2827 2828 2610
f 2610 2828 2829 2611
f 2611 2829 2830 2612
f 2612 2830 2831 2613
f 2613 2831 2832 2614
f 2614 2832 2833 2615
f 2615 2833 2834 2616
f 2616 2834 2835 2617
f 2618 2836 2817 2601
f 2617 2835 2836 2618
f 2817 2836 2837 2818
f 2825 2838 2839 2826
f 2826 2839 2840 2827
f 2827 2840 2841 2828
f 2828 2841 2842 2829
f 2829 2842 2843 2830
f 2830 2843 2844 2831
f 2831 2844 2845 2832
f 2832 2845 2846 2833
f 2833 2846 2847 2834
f 2620 2851 2850 2619
f 2848 2850 2851 2849
f 2621 2852 2851 2620
f 2619 2850 2854 2622
f 2624 2855 2852 2621
f 2625 2856 2855 2624
f 2852 2855 2856 2853
f 2622 2854 2859 2626
f 2628 2860 2856 2625
f 2629 2861 2860 2628
f 2856 2860 2861 2857
f 2630 2862 2861 2629
f 2626 2859 2865 2632
f 2632 2865 2864 2631
f 2858 2864 2865 2859
f 2634 2866 2862 2630
f 2635 2867 2866 2634
f 2862 2866 2867 2863
f 2631 2864 2869 2636
f 2639 2870 2867 2635
f 2640 2871 2870 2639
f 2867 2870 2871 2868
f 2636 2869 2873 2641
f 2642 2874 2871 2640
f 2643 2875 2874 2642
f 2871 2874 2875 2872
f 2641 2873 2878 2644
f 2645 2879 2875 2643
f 2646 2880 2879 2645
f 2875 2879 2880 2876
f 2644 2878 2883 2648
f 2648 2883 2882 2647
f 2877 2882 2883 2878
f 2650 2884 2880 2646
f 2651 2885 2884 2650
f 2880 2884 2885 2881
f 2647 2882 2886 2652
f 2654 2887 2885 2651
f 2652 2886 2890 2656
f 2656 2890 2889 2655
f 2657 2891 2887 2654
f 2658 2892 2891 2657
f 2887 2891 2892 2888
f 2655 2889 2894 2659
f 2662 2895 2892 2658
f 2663 2896 2895 2662
f 2892 2895 2896 2893
f 2659 2894 2898 2665
f 2665 2898 2897 2664
f 2667 2899 2896 2663
f 2664 2897 2902 2668
f 2669 2903 2899 2667
f 2899 2903 2904 2900
f 2668 2902 2906 2671
f 2671 2906 2905 2670
f 2901 2905 2906 2902
f 2672 2907 2903 2669
f 2673 2908 2907 2672
f 2903 2907 2908 2904
f 2670 2905 2910 2675
f 2675 2910 2909 2674
f 2677 2911 2908 2673
f 2674 2909 2914 2679
f 2679 2914 2913 2678
f 2680 2915 2911 2677
f 2911 2915 2916 2912
f 2678 2913 2918 2682
f 2682 2918 2917 2681
f 2683 2919 2915 2680
f 2684 2920 2919 2683
f 2915 2919 2920 2916
f 2681 2917 2922 2686
f 2686 2922 2921 2685
f 2688 2923 2920 2684
f 2685 2921 2926 2690
f 2690 2926 2925 2689
f 2692 2927 2923 2688
f 2694 2929 2928 2693
f 2689 2925 2930 2695
f 2695 2930 2929 2694
f 2924 2929 2930 2925
f 2697 2931 2927 2692
f 2699 2933 2932 2698
f 2693 2928 2934 2700
f 2700 2934 2933 2699
f 2702 2935 2931 2697
f 2704 2938 2937 2703
f 2698 2932 2939 2705
f 2705 2939 2938 2704
f 2708 2940 2935 2702
f 2710 2942 2941 2709
f 2711 2943 2942 2710
f 2713 2947 2946 2712
f 2714 2948 2947 2713
f 2715 2949 2948 2714
f 2703 2937 2950 2716
f 2716 2950 2949 2715
f 2936 2949 2950 2937
f 2718 2951 2940 2708
f 2709 2941 2952 2719
f 2721 2953 2943 2711
f 2722 2954 2953 2721
f 2943 2953 2954 2944
f 2723 2955 2954 2722
f 2724 2956 2955 2723
f 2725 2957 2956 2724
f 2726 2958 2957 2725
f 2727 2959 2958 2726
f 2728 2960 2959 2727
f 2729 2961 2960 2728
f 2712 2946 2962 2730
f 2730 2962 2961 2729
f 2945 2961 2962 2946
f 2733 2963 2951 2718
f 2719 2952 2964 2734
f 2737 2965 2963 2733
f 2734 2964 2966 2738
f 2738 2966 2967 2739
f 2741 2969 2965 2737
f 2740 2968 2969 2741
f 2739 2967 2971 2742
f 2966 2970 2971 2967
f 2743 2972 2968 2740
f 2968 2972 2973 2969
f 2742 2971 2975 2744
f 2970 2974 2975 2971
f 2747 2976 2972 2743
f 2972 2976 2977 2973
f 2744 2975 2978 2748
f 2748 2978 2979 2749
f 2751 2981 2976 2747
f 2750 2980 2981 2751
f 2749 2979 2983 2752
f 2978 2982 2983 2979
f 2753 2984 2980 2750
f 2980 2984 2985 2981
f 2752 2983 2987 2754
f 2982 2986 2987 2983
f 2757 2988 2984 2753
f 2984 2988 2989 2985
f 2754 2987 2990 2758
f 2758 2990 2991 2759
f 2763 2993 2988 2757
f 2762 2992 2993 2763
f 2759 2991 2995 2764
f 2990 2994 2995 2991
f 2764 2995 2996 2765
f 2767 2998 2992 2762
f 2766 2997 2998 2767
f 2992 2998 2999 2993
f 2765 2996 3001 2768
f 2995 3000 3001 2996
f 2771 3002 2997 2766
f 2997 3002 3003 2998
f 2768 3001 3004 2772
f 2772 3004 3005 2773
f 2777 3007 3002 2771
f 2776 3006 3007 2777
f 2773 3005 3009 2778
f 3004 3008 3009 3005
f 2778 3009 3010 2779
f 2781 3012 3006 2776
f 2780 3011 3012 2781
f 3006 3012 3013 3007
f 2779 3010 3015 2782
f 3009 3014 3015 3010
f 2782 3015 3016 2783
f 2785 3018 3011 2780
f 2784 3017 3018 2785
f 3011 3018 3019 3012
f 2783 3016 3021 2786
f 3015 3020 3021 3016
f 2786 3021 3022 2787
f 2791 3024 3017 2784
f 2790 3023 3024 2791
f 3017 3024 3025 3018
f 2787 3022 3027 2792
f 3021 3026 3027 3022
f 2792 3027 3028 2793
f 2797 3030 3023 2790
f 2796 3029 3030 2797
f 3023 3030 3031 3024
f 2793 3028 3033 2798
f 3027 3032 3033 3028
f 2798 3033 3034 2799
f 2799 3034 3035 2800
f 2803 3036 3037 2804
f 2805 3038 3029 2796
f 2804 3037 3038 2805
f 3029 3038 3039 3030
f 2800 3035 3041 2806
f 3034 3040 3041 3035
f 2806 3041 3042 2807
f 2811 3044 3036 2803
f 2810 3043 3044 2811
f 3036 3044 3045 3037
f 2807 3042 3047 2812
f 3041 3046 3047 3042
f 2812 3047 3048 2813
f 2813 3048 3049 2814
f 2814 3049 3050 2815
f 2818 3051 3052 2819
f 2819 3052 3053 2820
f 2821 3054 3043 2810
f 2820 3053 3054 2821
f 3043 3054 3055 3044
f 3048 3056 3057 3049
f 2815 3050 3058 2822
f 3049 3057 3058 3050
f 2822 3058 3059 2823
f 2823 3059 3060 2824
f 2824 3060 3061 2825
f 2834 3062 3063 2835
f 2835 3063 3064 2836
f 2837 3065 3051 2818
f 2836 3064 3065 2837
f 3051 3065 3066 3052
f 3052 3066 3067 3053
f 3059 3068 3069 3060
f 2825 3061 3070 2838
f 3060 3069 3070 3061
f 2838 3070 3071 2839
f 2839 3071 3072 2840
f 2840 3072 3073 2841
f 2841 3073 3074 2842
f 2842 3074 3075 2843
f 2843 3075 3076 2844
f 2844 3076 3077 2845
f 2845 3077 3078 2846
f 2847 3079 3062 2834
f 2846 3078 3079 2847
f 3062 3079 3080 3063
f 3063 3080 3081 3064
f 2849 3084 3083 2848
f 2848 3083 3087 2850
f 3082 3086 3087 3083
f 2851 3088 3084 2849
f 2852 3089 3088 2851
f 3084 3088 3089 3085
f 2853 3090 3089 2852
f 2850 3087 3093 2854
f 3086 3092 3093 3087
f 2856 3094 3090 2853
f 2857 3095 3094 2856
f 3090 3094 3095 3091
f 2854 3093 3098 2859
f 2859 3098 3097 2858
f 3092 3097 3098 3093
f 2861 3099 3095 2857
f 2862 3100 3099 2861
f 3095 3099 3100 3096
f 2863 3101 3100 2862
f 2858 3097 3102 2864
f 2867 3103 3101 2863
f 2868 3104 3103 2867
f 2864 3102 3105 2869
f 2871 3106 3104 2868
f 2872 3107 3106 2871
f 2869 3105 3109 2873
f 2875 3110 3107 2872
f 2876 3111 3110 2875
f 2873 3109 3113 2878
f 2878 3113 3112 2877
f 3108 3112 3113 3109
f 2880 3114 3111 2876
f 2881 3115 3114 2880
f 2877 3112 3116 2882
f 2885 3117 3115 2881
f 2882 3116 3120 2886
f 2887 3121 3117 2885
f 2888 3122 3121 2887
f 3117 3121 3122 3118
f 2886 3120 3125 2890
f 2890 3125 3124 2889
f 3119 3124 3125 3120
f 2892 3126 3122 2888
f 2893 3127 3126 2892
f 3122 3126 3127 3123
f 2889 3124 3129 2894
f 2896 3130 3127 2893
f 2894 3129 3133 2898
f 2898 3133 3132 2897
f 3128 3132 3133 3129
f 2899 3134 3130 2896
f 2900 3135 3134 2899
f 3130 3134 3135 3131
f 2897 3132 3137 2902
f 2902 3137 3136 2901
f 2904 3138 3135 2900
f 2901 3136 3140 2905
f 2908 3141 3138 2904
f 2905 3140 3145 2910
f 2910 3145 3144 2909
f 3139 3144 3145 3140
f 2911 3146 3141 2908
f 2912 3147 3146 2911
f 3141 3146 3147 3142
f 2909 3144 3150 2914
f 2914 3150 3149 2913
f 3143 3149 3150 3144
f 2916 3151 3147 2912
f 2913 3149 3154 2918
f 2918 3154 3153 2917
f 3148 3153 3154 3149
f 2920 3155 3151 2916
f 2917 3153 3158 2922
f 2922 3158 3157 2921
f 3152 3157 3158 3153
f 2923 3159 3155 2920
f 2925 3162 3161 2924
f 2921 3157 3163 2926
f 2926 3163 3162 2925
f 3156 3162 3163 3157
f 2927 3164 3159 2923
f 3159 3164 3165 3160
f 2924 3161 3168 2929
f 2929 3168 3167 2928
f 2931 3169 3164 2927
f 3164 3169 3170 3165
f 2933 3173 3172 2932
f 2928 3167 3174 2934
f 2934 3174 3173 2933
f 3166 3173 3174 3167
f 2935 3175 3169 2931
f 3169 3175 3176 3170
f 2937 3181 3180 2936
f 2938 3182 3181 2937
f 2932 3172 3183 2939
f 2939 3183 3182 2938
f 3171 3182 3183 3172
f 2940 3184 3175 2935
f 3175 3184 3185 3176
f 3177 3186 3187 3178
f 2942 3188 3187 2941
f 2943 3189 3188 2942
f 2944 3190 3189 2943
f 2946 3198 3197 2945
f 2947 3199 3198 2946
f 2948 3200 3199 2947
f 2936 3180 3201 2949
f 2949 3201 3200 2948
f 3179 3200 3201 3180
f 2951 3202 3184 2940
f 3184 3202 3203 3185
f 2941 3187 3205 2952
f 3186 3204 3205 3187
f 2954 3206 3190 2944
f 2955 3207 3206 2954
f 3190 3206 3207 3191
f 2956 3208 3207 2955
f 3191 3207 3208 3192
f 2957 3209 3208 2956
f 3192 3208 3209 3193
f 2958 3210 3209 2957
f 3193 3209 3210 3194
f 2959 3211 3210 2958
f 3194 3210 3211 3195
f 2960 3212 3211 2959
f 3195 3211 3212 3196
f 2945 3197 3213 2961
f 2961 3213 3212 2960
f 3196 3212 3213 3197
f 2963 3214 3202 2951
f 3202 3214 3215 3203
f 2952 3205 3217 2964
f 3204 3216 3217 3205
f 2965 3218 3214 2963
f 3214 3218 3219 3215
f 2964 3217 3220 2966
f 2969 3221 3218 2965
f 2966 3220 3222 2970
f 2973 3223 3221 2969
f 2970 3222 3224 2974
f 2974 3224 3225 2975
f 2977 3227 3223 2973
f 2976 3226 3227 2977
f 2975 3225 3229 2978
f 3224 3228 3229 3225
f 2981 3230 3226 2976
f 3226 3230 3231 3227
f 2978 3229 3232 2982
f 2985 3233 3230 2981
f 2982 3232 3234 2986
f 2986 3234 3235 2987
f 2989 3237 3233 2985
f 2988 3236 3237 2989
f 2987 3235 3239 2990
f 3234 3238 3239 3235
f 2993 3240 3236 2988
f 3236 3240 3241 3237
f 2990 3239 3242 2994
f 2994 3242 3243 2995
f 2999 3245 3240 2993
f 2998 3244 3245 2999
f 2995 3243 3247 3000
f 3242 3246 3247 3243
f 3000 3247 3248 3001
f 3003 3250 3244 2998
f 3002 3249 3250 3003
f 3244 3250 3251 3245
f 3001 3248 3253 3004
f 3247 3252 3253 3248
f 3007 3254 3249 3002
f 3249 3254 3255 3250
f 3004 3253 3256 3008
f 3008 3256 3257 3009
f 3013 3259 3254 3007
f 3012 3258 3259 3013
f 3009 3257 3260 3014
f 3014 3260 3261 3015
f 3019 3263 3258 3012
f 3018 3262 3263 3019
f 3015 3261 3264 3020
f 3020 3264 3265 3021
f 3025 3267 3262 3018
f 3024 3266 3267 3025
f 3021 3265 3268 3026
f 3026 3268 3269 3027
f 3031 3271 3266 3024
f 3030 3270 3271 3031
f 3027 3269 3272 3032
f 3032 3272 3273 3033
f 3033 3273 3274 3034
f 3037 3275 3276 3038
f 3039 3277 3270 3030
f 3038 3276 3277 3039
f 3034 3274 3279 3040
f 3273 3278 3279 3274
f 3040 3279 3280 3041
f 3045 3282 3275 3037
f 3044 3281 3282 3045
f 3275 3282 3283 3276
f 3041 3280 3285 3046
f 3279 3284 3285 3280
f 3046 3285 3286 3047
f 3047 3286 3287 3048
f 3053 3288 3289 3054
f 3055 3290 3281 3044
f 3054 3289 3290 3055
f 3281 3290 3291 3282
f 3048 3287 3293 3056
f 3286 3292 3293 3287
f 3056 3293 3294 3057
f 3057 3294 3295 3058
f 3058 3295 3296 3059
f 3064 3297 3298 3065
f 3065 3298 3299 3066
f 3067 3300 3288 3053
f 3066 3299 3300 3067
f 3288 3300 3301 3289
f 3059 3296 3303 3068
f 3295 3302 3303 3296
f 3068 3303 3304 3069
f 3069 3304 3305 3070
f 3070 3305 3306 3071
f 3071 3306 3307 3072
f 3072 3307 3308 3073
f 3073 3308 3309 3074
f 3074 3309 3310 3075
f 3075 3310 3311 3076
f 3076 3311 3312 3077
f 3077 3312 3313 3078
f 3078 3313 3314 3079
f 3079 3314 3315 3080
f 3081 3316 3297 3064
f 3080 3315 3316 3081
f 3297 3316 3317 3298
f 3306 3318 3319 3307
f 3307 3319 3320 3308
f 3308 3320 3321 3309
f 3309 3321 3322 3310
f 3310 3322 3323 3311
f 3311 3323 3324 3312
f 3312 3324 3325 3313
f 3083 3329 3328 3082
f 3326 3328 3329 3327
f 3084 3330 3329 3083
f 3085 3331 3330 3084
f 3082 3328 3332 3086
f 3089 3333 3331 3085
f 3090 3334 3333 3089
f 3091 3335 3334 3090
f 3086 3332 3336 3092
f 3095 3337 3335 3091
f 3096 3338 3337 3095
f 3092 3336 3340 3097
f 3100 3341 3338 3096
f 3101 3342 3341 3100
f 3338 3341 3342 3339
f 3097 3340 3344 3102
f 3103 3345 3342 3101
f 3104 3346 3345 3103
f 3342 3345 3346 3343
f 3102 3344 3349 3105
f 3106 3350 3346 3104
f 3107 3351 3350 3106
f 3346 3350 3351 3347
f 3105 3349 3354 3109
f 3109 3354 3353 3108
f 3348 3353 3354 3349
f 3110 3355 3351 3107
f 3111 3356 3355 3110
f 3351 3355 3356 3352
f 3108 3353 3358 3112
f 3114 3359 3356 3111
f 3115 3360 3359 3114
f 3356 3359 3360 3357
f 3112 3358 3363 3116
f 3117 3364 3360 3115
f 3118 3365 3364 3117
f 3360 3364 3365 3361
f 3116 3363 3367 3120
f 3120 3367 3366 3119
f 3362 3366 3367 3363
f 3122 3368 3365 3118
f 3123 3369 3368 3122
f 3119 3366 3371 3124
f 3127 3372 3369 3123
f 3124 3371 3374 3129
f 3129 3374 3373 3128
f 3370 3373 3374 3371
f 3130 3375 3372 3127
f 3131 3376 3375 3130
f 3128 3373 3378 3132
f 3135 3379 3376 3131
f 3132 3378 3381 3137
f 3137 3381 3380 3136
f 3377 3380 3381 3378
f 3138 3382 3379 3135
f 3136 3380 3385 3140
f 3140 3385 3384 3139
f 3141 3386 3382 3138
f 3142 3387 3386 3141
f 3382 3386 3387 3383
f 3139 3384 3389 3144
f 3144 3389 3388 3143
f 3147 3390 3387 3142
f 3143 3388 3392 3149
f 3149 3392 3391 3148
f 3151 3393 3390 3147
f 3148 3391 3396 3153
f 3153 3396 3395 3152
f 3155 3397 3393 3151
f 3393 3397 3398 3394
f 3152 3395 3400 3157
f 3157 3400 3399 3156
f 3159 3401 3397 3155
f 3160 3402 3401 3159
f 3397 3401 3402 3398
f 3156 3399 3405 3162
f 3162 3405 3404 3161
f 3165 3406 3402 3160
f 3167 3409 3408 3166
f 3161 3404 3410 3168
f 3168 3410 3409 3167
f 3403 3409 3410 3404
f 3170 3411 3406 3165
f 3172 3414 3413 3171
f 3166 3408 3415 3173
f 3173 3415 3414 3172
f 3407 3414 3415 3408
f 3176 3416 3411 3170
f 3178 3418 3417 3177
f 3180 3422 3421 3179
f 3181 3423 3422 3180
f 3171 3413 3424 3182
f 3182 3424 3423 3181
f 3412 3423 3424 3413
f 3185 3425 3416 3176
f 3177 3417 3426 3186
f 3187 3427 3418 3178
f 3188 3428 3427 3187
f 3418 3427 3428 3419
f 3189 3429 3428 3188
f 3190 3430 3429 3189
f 3191 3431 3430 3190
f 3192 3432 3431 3191
f 3193 3433 3432 3192
f 3194 3434 3433 3193
f 3195 3435 3434 3194
f 3196 3436 3435 3195
f 3197 3437 3436 3196
f 3198 3438 3437 3197
f 3199 3439 3438 3198
f 3179 3421 3440 3200
f 3200 3440 3439 3199
f 3420 3439 3440 3421
f 3203 3441 3425 3185
f 3186 3426 3442 3204
f 3215 3443 3441 3203
f 3204 3442 3444 3216
f 3216 3444 3445 3217
f 3219 3447 3443 3215
f 3218 3446 3447 3219
f 3217 3445 3449 3220
f 3444 3448 3449 3445
f 3221 3450 3446 3218
f 3446 3450 3451 3447
f 3220 3449 3453 3222
f 3448 3452 3453 3449
f 3223 3454 3450 3221
f 3450 3454 3455 3451
f 3222 3453 3456 3224
f 3227 3457 3454 3223
f 3224 3456 3458 3228
f 3228 3458 3459 3229
f 3231 3461 3457 3227
f 3230 3460 3461 3231
f 3229 3459 3463 3232
f 3458 3462 3463 3459
f 3233 3464 3460 3230
f 3460 3464 3465 3461
f 3232 3463 3466 3234
f 3237 3467 3464 3233
f 3234 3466 3468 3238
f 3238 3468 3469 3239
f 3241 3471 3467 3237
f 3240 3470 3471 3241
f 3239 3469 3472 3242
f 3245 3473 3470 3240
f 3242 3472 3474 3246
f 3246 3474 3475 3247
f 3251 3477 3473 3245
f 3250 3476 3477 3251
f 3247 3475 3478 3252
f 3252 3478 3479 3253
f 3255 3481 3476 3250
f 3254 3480 3481 3255
f 3253 3479 3483 3256
f 3478 3482 3483 3479
f 3256 3483 3484 3257
f 3259 3486 3480 3254
f 3258 3485 3486 3259
f 3480 3486 3487 3481
f 3257 3484 3489 3260
f 3483 3488 3489 3484
f 3260 3489 3490 3261
f 3263 3492 3485 3258
f 3262 3491 3492 3263
f 3485 3492 3493 3486
f 3261 3490 3495 3264
f 3489 3494 3495 3490
f 3264 3495 3496 3265
f 3267 3498 3491 3262
f 3266 3497 3498 3267
f 3491 3498 3499 3492
f 3265 3496 3501 3268
f 3495 3500 3501 3496
f 3268 3501 3502 3269
f 3271 3504 3497 3266
f 3270 3503 3504 3271
f 3497 3504 3505 3498
f 3269 3502 3507 3272
f 3501 3506 3507 3502
f 3272 3507 3508 3273
f 3277 3510 3503 3270
f 3276 3509 3510 3277
f 3503 3510 3511 3504
f 3273 3508 3513 3278
f 3507 3512 3513 3508
f 3278 3513 3514 3279
f 3283 3516 3509 3276
f 3282 3515 3516 3283
f 3509 3516 3517 3510
f 3279 3514 3518 3284
f 3284 3518 3519 3285
f 3285 3519 3520 3286
f 3289 3521 3522 3290
f 3291 3523 3515 3282
f 3290 3522 3523 3291
f 3286 3520 3524 3292
f 3292 3524 3525 3293
f 3293 3525 3526 3294
f 3294 3526 3527 3295
f 3298 3528 3529 3299
f 3299 3529 3530 3300
f 3301 3531 3521 3289
f 3300 3530 3531 3301
f 3295 3527 3533 3302
f 3526 3532 3533 3527
f 3302 3533 3534 3303
f 3303 3534 3535 3304
f 3304 3535 3536 3305
f 3305 3536 3537 3306
f 3313 3538 3539 3314
f 3314 3539 3540 3315
f 3315 3540 3541 3316
f 3317 3542 3528 3298
f 3316 3541 3542 3317
f 3528 3542 3543 3529
f 3535 3544 3545 3536
f 3306 3537 3546 3318
f 3536 3545 3546 3537
f 3318 3546 3547 3319
f 3319 3547 3548 3320
f 3320 3548 3549 3321
f 3321 3549 3550 3322
f 3322 3550 3551 3323
f 3323 3551 3552 3324
f 3325 3553 3538 3313
f 3324 3552 3553 3325
f 3538 3553 3554 3539
f 3539 3554 3555 3540
f 3327 3557 3556 3326
f 3326 3556 3559 3328
f 3329 3560 3557 3327
f 3330 3561 3560 3329
f 3557 3560 3561 3558
f 3331 3562 3561 3330
f 3328 3559 3564 3332
f 3333 3565 3562 3331
f 3334 3566 3565 3333
f 3562 3565 3566 3563
f 3335 3567 3566 3334
f 3332 3564 3569 3336
f 3337 3570 3567 3335
f 3338 3571 3570 3337
f 3567 3570 3571 3568
f 3339 3572 3571 3338
f 3336 3569 3574 3340
f 3342 3575 3572 3339
f 3343 3576 3575 3342
f 3340 3574 3578 3344
f 3573 3577 3578 3574
f 3346 3579 3576 3343
f 3347 3580 3579 3346
f 3344 3578 3582 3349
f 3349 3582 3581 3348
f 3577 3581 3582 3578
f 3351 3583 3580 3347
f 3352 3584 3583 3351
f 3348 3581 3585 3353
f 3356 3586 3584 3352
f 3357 3587 3586 3356
f 3353 3585 3589 3358
f 3360 3590 3587 3357
f 3361 3591 3590 3360
f 3358 3589 3593 3363
f 3363 3593 3592 3362
f 3588 3592 3593 3589
f 3365 3594 3591 3361
f 3362 3592 3596 3366
f 3368 3597 3594 3365
f 3369 3598 3597 3368
f 3594 3597 3598 3595
f 3366 3596 3600 3371
f 3371 3600 3599 3370
f 3372 3601 3598 3369
f 3370 3599 3604 3373
f 3375 3605 3601 3372
f 3376 3606 3605 3375
f 3601 3605 3606 3602
f 3373 3604 3608 3378
f 3378 3608 3607 3377
f 3603 3607 3608 3604
f 3379 3609 3606 3376
f 3377 3607 3612 3380
f 3382 3613 3609 3379
f 3383 3614 3613 3382
f 3609 3613 3614 3610
f 3380 3612 3617 3385
f 3385 3617 3616 3384
f 3611 3616 3617 3612
f 3387 3618 3614 3383
f 3384 3616 3621 3389
f 3389 3621 3620 3388
f 3615 3620 3621 3616
f 3390 3622 3618 3387
f 3388 3620 3626 3392
f 3392 3626 3625 3391
f 3619 3625 3626 3620
f 3393 3627 3622 3390
f 3394 3628 3627 3393
f 3622 3627 3628 3623
f 3391 3625 3631 3396
f 3396 3631 3630 3395
f 3624 3630 3631 3625
f 3398 3632 3628 3394
f 3395 3630 3636 3400
f 3400 3636 3635 3399
f 3629 3635 3636 3630
f 3402 3637 3632 3398
f 3404 3643 3642 3403
f 3633 3642 3643 3634
f 3399 3635 3644 3405
f 3405 3644 3643 3404
f 3634 3643 3644 3635
f 3406 3645 3637 3402
f 3638 3646 3647 3639
f 3639 3647 3648 3640
f 3408 3649 3648 3407
f 3640 3648 3649 3641
f 3403 3642 3650 3409
f 3409 3650 3649 3408
f 3641 3649 3650 3642
f 3411 3651 3645 3406
f 3413 3656 3655 3412
f 3646 3655 3656 3647
f 3407 3648 3657 3414
f 3414 3657 3656 3413
f 3647 3656 3657 3648
f 3416 3658 3651 3411
f 3652 3660 3661 3653
f 3418 3662 3661 3417
f 3419 3663 3662 3418
f 3421 3669 3668 3420
f 3422 3670 3669 3421
f 3412 3655 3671 3423
f 3423 3671 3670 3422
f 3654 3670 3671 3655
f 3425 3672 3658 3416
f 3658 3672 3673 3659
f 3417 3661 3674 3426
f 3428 3675 3663 3419
f 3429 3676 3675 3428
f 3663 3675 3676 3664
f 3430 3677 3676 3429
f 3664 3676 3677 3665
f 3431 3678 3677 3430
f 3432 3679 3678 3431
f 3433 3680 3679 3432
f 3434 3681 3680 3433
f 3435 3682 3681 3434
f 3436 3683 3682 3435
f 3437 3684 3683 3436
f 3438 3685 3684 3437
f 3666 3684 3685 3667
f 3420 3668 3686 3439
f 3439 3686 3685 3438
f 3667 3685 3686 3668
f 3441 3687 3672 3425
f 3426 3674 3688 3442
f 3443 3689 3687 3441
f 3442 3688 3690 3444
f 3447 3691 3689 3443
f 3444 3690 3692 3448
f 3451 3693 3691 3447
f 3448 3692 3694 3452
f 3452 3694 3695 3453
f 3455 3697 3693 3451
f 3454 3696 3697 3455
f 3453 3695 3699 3456
f 3694 3698 3699 3695
f 3457 3700 3696 3454
f 3696 3700 3701 3697
f 3456 3699 3702 3458
f 3461 3703 3700 3457
f 3458 3702 3704 3462
f 3462 3704 3705 3463
f 3465 3707 3703 3461
f 3464 3706 3707 3465
f 3463 3705 3709 3466
f 3704 3708 3709 3705
f 3467 3710 3706 3464
f 3706 3710 3711 3707
f 3466 3709 3712 3468
f 3468 3712 3713 3469
f 3471 3715 3710 3467
f 3470 3714 3715 3471
f 3469 3713 3717 3472
f 3712 3716 3717 3713
f 3473 3718 3714 3470
f 3714 3718 3719 3715
f 3472 3717 3720 3474
f 3474 3720 3721 3475
f 3477 3723 3718 3473
f 3476 3722 3723 3477
f 3475 3721 3725 3478
f 3720 3724 3725 3721
f 3481 3726 3722 3476
f 3722 3726 3727 3723
f 3478 3725 3728 3482
f 3482 3728 3729 3483
f 3487 3731 3726 3481
f 3486 3730 3731 3487
f 3483 3729 3732 3488
f 3488 3732 3733 3489
f 3493 3735 3730 3486
f 3492 3734 3735 3493
f 3489 3733 3736 3494
f 3494 3736 3737 3495
f 3499 3739 3734 3492
f 3498 3738 3739 3499
f 3495 3737 3740 3500
f 3500 3740 3741 3501
f 3505 3743 3738 3498
f 3504 3742 3743 3505
f 3501 3741 3744 3506
f 3506 3744 3745 3507
f 3511 3747 3742 3504
f 3510 3746 3747 3511
f 3507 3745 3748 3512
f 3512 3748 3749 3513
f 3513 3749 3750 3514
f 3515 3751 3752 3516
f 3517 3753 3746 3510
f 3516 3752 3753 3517
f 3514 3750 3755 3518
f 3749 3754 3755 3750
f 3518 3755 3756 3519
f 3519 3756 3757 3520
f 3521 3758 3759 3522
f 3523 3760 3751 3515
f 3522 3759 3760 3523
f 3751 3760 3761 3752
f 3520 3757 3763 3524
f 3756 3762 3763 3757
f 3524 3763 3764 3525
f 3525 3764 3765 3526
f 3529 3766 3767 3530
f 3531 3768 3758 3521
f 3530 3767 3768 3531
f 3758 3768 3769 3759
f 3526 3765 3771 3532
f 3764 3770 3771 3765
f 3532 3771 3772 3533
f 3533 3772 3773 3534
f 3534 3773 3774 3535
f 3540 3775 3776 3541
f 3541 3776 3777 3542
f 3543 3778 3766 3529
f 3542 3777 3778 3543
f 3766 3778 3779 3767
f 3535 3774 3781 3544
f 3773 3780 3781 3774
f 3544 3781 3782 3545
f 3545 3782 3783 3546
f 3546 3783 3784 3547
f 3547 3784 3785 3548
f 3548 3785 3786 3549
f 3549 3786 3787 3550
f 3550 3787 3788 3551
f 3551 3788 3789 3552
f 3552 3789 3790 3553
f 3553 3790 3791 3554
f 3555 3792 3775 3540
f 3554 3791 3792 3555
f 3775 3792 3793 3776
f 3786 3794 3795 3787
f 3796 3798 3799 3797
f 3557 3800 3799 3556
f 3558 3801 3800 3557
f 3556 3799 3804 3559
f 3798 3803 3804 3799
f 3561 3805 3801 3558
f 3562 3806 3805 3561
f 3801 3805 3806 3802
f 3563 3807 3806 3562
f 3559 3804 3810 3564
f 3803 3809 3810 3804
f 3566 3811 3807 3563
f 3567 3812 3811 3566
f 3807 3811 3812 3808
f 3568 3813 3812 3567
f 3564 3810 3815 3569
f 3809 3814 3815 3810
f 3571 3816 3813 3568
f 3572 3817 3816 3571
f 3569 3815 3820 3574
f 3574 3820 3819 3573
f 3814 3819 3820 3815
f 3575 3821 3817 3572
f 3576 3822 3821 3575
f 3817 3821 3822 3818
f 3573 3819 3824 3577
f 3579 3825 3822 3576
f 3580 3826 3825 3579
f 3822 3825 3826 3823
f 3577 3824 3828 3581
f 3583 3829 3826 3580
f 3584 3830 3829 3583
f 3826 3829 3830 3827
f 3581 3828 3833 3585
f 3586 3834 3830 3584
f 3587 3835 3834 3586
f 3830 3834 3835 3831
f 3585 3833 3838 3589
f 3589 3838 3837 3588
f 3832 3837 3838 3833
f 3590 3839 3835 3587
f 3591 3840 3839 3590
f 3835 3839 3840 3836
f 3588 3837 3841 3592
f 3594 3842 3840 3591
f 3595 3843 3842 3594
f 3592 3841 3845 3596
f 3598 3846 3843 3595
f 3596 3845 3849 3600
f 3600 3849 3848 3599
f 3844 3848 3849 3845
f 3601 3850 3846 3598
f 3602 3851 3850 3601
f 3846 3850 3851 3847
f 3599 3848 3853 3604
f 3604 3853 3852 3603
f 3606 3854 3851 3602
f 3603 3852 3857 3607
f 3609 3858 3854 3606
f 3610 3859 3858 3609
f 3854 3858 3859 3855
f 3607 3857 3861 3612
f 3612 3861 3860 3611
f 3856 3860 3861 3857
f 3614 3862 3859 3610
f 3611 3860 3864 3616
f 3616 3864 3863 3615
f 3618 3865 3862 3614
f 3615 3863 3868 3620
f 3620 3868 3867 3619
f 3622 3869 3865 3618
f 3623 3870 3869 3622
f 3865 3869 3870 3866
f 3619 3867 3874 3625
f 3625 3874 3873 3624
f 3628 3875 3870 3623
f 3871 3879 3880 3872
f 3624 3873 3881 3630
f 3630 3881 3880 3629
f 3872 3880 3881 3873
f 3632 3882 3875 3628
f 3876 3885 3886 3877
f 3877 3886 3887 3878
f 3634 3888 3887 3633
f 3878 3887 3888 3879
f 3629 3880 3889 3635
f 3635 3889 3888 3634
f 3879 3888 3889 3880
f 3637 3890 3882 3632
f 3639 3893 3892 3638
f 3883 3892 3893 3884
f 3640 3894 3893 3639
f 3884 3893 3894 3885
f 3641 3895 3894 3640
f 3885 3894 3895 3886
f 3633 3887 3896 3642
f 3642 3896 3895 3641
f 3886 3895 3896 3887
f 3645 3897 3890 3637
f 3890 3897 3898 3891
f 3638 3892 3899 3646
f 3651 3900 3897 3645
f 3897 3900 3901 3898
f 3653 3903 3902 3652
f 3646 3899 3907 3655
f 3655 3907 3906 3654
f 3658 3908 3900 3651
f 3659 3909 3908 3658
f 3900 3908 3909 3901
f 3652 3902 3910 3660
f 3661 3911 3903 3653
f 3660 3910 3911 3661
f 3662 3912 3911 3661
f 3903 3911 3912 3904
f 3663 3913 3912 3662
f 3664 3914 3913 3663
f 3665 3915 3914 3664
f 3667 3923 3922 3666
f 3668 3924 3923 3667
f 3669 3925 3924 3668
f 3654 3906 3926 3670
f 3670 3926 3925 3669
f 3905 3925 3926 3906
f 3673 3928 3909 3659
f 3672 3927 3928 3673
f 3661 3911 3930 3674
f 3910 3929 3930 3911
f 3677 3931 3915 3665
f 3678 3932 3931 3677
f 3915 3931 3932 3916
f 3679 3933 3932 3678
f 3916 3932 3933 3917
f 3680 3934 3933 3679
f 3917 3933 3934 3918
f 3681 3935 3934 3680
f 3918 3934 3935 3919
f 3682 3936 3935 3681
f 3919 3935 3936 3920
f 3683 3937 3936 3682
f 3920 3936 3937 3921
f 3666 3922 3938 3684
f 3684 3938 3937 3683
f 3921 3937 3938 3922
f 3687 3939 3927 3672
f 3927 3939 3940 3928
f 3674 3930 3942 3688
f 3929 3941 3942 3930
f 3689 3943 3939 3687
f 3939 3943 3944 3940
f 3688 3942 3946 3690
f 3941 3945 3946 3942
f 3691 3947 3943 3689
f 3943 3947 3948 3944
f 3690 3946 3949 3692
f 3693 3950 3947 3691
f 3692 3949 3951 3694
f 3697 3952 3950 3693
f 3694 3951 3953 3698
f 3698 3953 3954 3699
f 3701 3956 3952 3697
f 3700 3955 3956 3701
f 3699 3954 3958 3702
f 3953 3957 3958 3954
f 3703 3959 3955 3700
f 3955 3959 3960 3956
f 3702 3958 3961 3704
f 3707 3962 3959 3703
f 3704 3961 3963 3708
f 3708 3963 3964 3709
f 3711 3966 3962 3707
f 3710 3965 3966 3711
f 3709 3964 3968 3712
f 3963 3967 3968 3964
f 3715 3969 3965 3710
f 3965 3969 3970 3966
f 3712 3968 3971 3716
f 3716 3971 3972 3717
f 3719 3974 3969 3715
f 3718 3973 3974 3719
f 3717 3972 3976 3720
f 3971 3975 3976 3972
f 3723 3977 3973 3718
f 3973 3977 3978 3974
f 3720 3976 3979 3724
f 3724 3979 3980 3725
f 3727 3982 3977 3723
f 3726 3981 3982 3727
f 3725 3980 3983 3728
f 3728 3983 3984 3729
f 3731 3986 3981 3726
f 3730 3985 3986 3731
f 3729 3984 3988 3732
f 3983 3987 3988 3984
f 3732 3988 3989 3733
f 3735 3991 3985 3730
f 3734 3990 3991 3735
f 3985 3991 3992 3986
f 3733 3989 3994 3736
f 3988 3993 3994 3989
f 3736 3994 3995 3737
f 3739 3997 3990 3734
f 3738 3996 3997 3739
f 3990 3997 3998 3991
f 3737 3995 4000 3740
f 3994 3999 4000 3995
f 3740 4000 4001 3741
f 3743 4003 3996 3738
f 3742 4002 4003 3743
f 3996 4003 4004 3997
f 3741 4001 4006 3744
f 4000 4005 4006 4001
f 3744 4006 4007 3745
f 3747 4009 4002 3742
f 3746 4008 4009 3747
f 4002 4009 4010 4003
f 3745 4007 4012 3748
f 4006 4011 4012 4007
f 3748 4012 4013 3749
f 3753 4015 4008 3746
f 3752 4014 4015 3753
f 4008 4015 4016 4009
f 3749 4013 4017 3754
f 3754 4017 4018 3755
f 3755 4018 4019 3756
f 3759 4020 4021 3760
f 3761 4022 4014 3752
f 3760 4021 4022 3761
f 3756 4019 4024 3762
f 4018 4023 4024 4019
f 3762 4024 4025 3763
f 3763 4025 4026 3764
f 3767 4027 4028 3768
f 3769 4029 4020 3759
f 3768 4028 4029 3769
f 4020 4029 4030 4021
f 3764 4026 4032 3770
f 4025 4031 4032 4026
f 3770 4032 4033 3771
f 3771 4033 4034 3772
f 3772 4034 4035 3773
f 3776 4036 4037 3777
f 3777 4037 4038 3778
f 3779 4039 4027 3767
f 3778 4038 4039 3779
f 4027 4039 4040 4028
f 3773 4035 4042 3780
f 4034 4041 4042 4035
f 3780 4042 4043 3781
f 3781 4043 4044 3782
f 3782 4044 4045 3783
f 3783 4045 4046 3784
f 3784 4046 4047 3785
f 3785 4047 4048 3786
f 3787 4049 4050 3788
f 3788 4050 4051 3789
f 3789 4051 4052 3790
f 3790 4052 4053 3791
f 3791 4053 4054 3792
f 3793 4055 4036 3776
f 3792 4054 4055 3793
f 4036 4055 4056 4037
f 4045 4057 4058 4046
f 4046 4058 4059 4047
f 3786 4048 4060 3794
f 4047 4059 4060 4048
f 3795 4061 4049 3787
f 3794 4060 4061 3795
f 4049 4061 4062 4050
f 4050 4062 4063 4051
f 4051 4063 4064 4052
f 3797 4066 4065 3796
f 3796 4065 4068 3798
f 3799 4069 4066 3797
f 3800 4070 4069 3799
f 4066 4069 4070 4067
f 3801 4071 4070 3800
f 3802 4072 4071 3801
f 3798 4068 4073 3803
f 3806 4074 4072 3802
f 3807 4075 4074 3806
f 3808 4076 4075 3807
f 3803 4073 4077 3809
f 3812 4078 4076 3808
f 3813 4079 4078 3812
f 3809 4077 4081 3814
f 3816 4082 4079 3813
f 3817 4083 4082 3816
f 4079 4082 4083 4080
f 3818 4084 4083 3817
f 3814 4081 4085 3819
f 3822 4086 4084 3818
f 3823 4087 4086 3822
f 3819 4085 4089 3824
f 3826 4090 4087 3823
f 3827 4091 4090 3826
f 3824 4089 4093 3828
f 4088 4092 4093 4089
f 3830 4094 4091 3827
f 3831 4095 4094 3830
f 3828 4093 4097 3833
f 3833 4097 4096 3832
f 4092 4096 4097 4093
f 3835 4098 4095 3831
f 3836 4099 4098 3835
f 3832 4096 4101 3837
f 3840 4102 4099 3836
f 3837 4101 4105 3841
f 4100 4104 4105 4101
f 3842 4106 4102 3840
f 3843 4107 4106 3842
f 4102 4106 4107 4103
f 3841 4105 4109 3845
f 3845 4109 4108 3844
f 4104 4108 4109 4105
f 3846 4110 4107 3843
f 3847 4111 4110 3846
f 3844 4108 4113 3848
f 3851 4114 4111 3847
f 3848 4113 4117 3853
f 3853 4117 4116 3852
f 4112 4116 4117 4113
f 3854 4118 4114 3851
f 3855 4119 4118 3854
f 3852 4116 4121 3857
f 3857 4121 4120 3856
f 4115 4120 4121 4116
f 3859 4122 4119 3855
f 3856 4120 4124 3860
f 3862 4125 4122 3859
f 3860 4124 4131 3864
f 3864 4131 4130 3863
f 4123 4130 4131 4124
f 3865 4132 4125 3862
f 3866 4133 4132 3865
f 4125 4132 4133 4126
f 4127 4137 4138 4128
f 4128 4138 4139 4129
f 3863 4130 4140 3868
f 3868 4140 4139 3867
f 4129 4139 4140 4130
f 3870 4141 4133 3866
f 4134 4145 4146 4135
f 4135 4146 4147 4136
f 3872 4148 4147 3871
f 4136 4147 4148 4137
f 3873 4149 4148 3872
f 4137 4148 4149 4138
f 3867 4139 4150 3874
f 3874 4150 4149 3873
f 4138 4149 4150 4139
f 3875 4151 4141 3870
f 4142 4152 4153 4143
f 4143 4153 4154 4144
f 3877 4155 4154 3876
f 4144 4154 4155 4145
f 3878 4156 4155 3877
f 4145 4155 4156 4146
f 3871 4147 4157 3879
f 3879 4157 4156 3878
f 4146 4156 4157 4147
f 3882 4158 4151 3875
f 3884 4161 4160 3883
f 4152 4160 4161 4153
f 3876 4154 4162 3885
f 3885 4162 4161 3884
f 4153 4161 4162 4154
f 3890 4163 4158 3882
f 3891 4164 4163 3890
f 4158 4163 4164 4159
f 3883 4160 4165 3892
f 3898 4166 4164 3891
f 3892 4165 4170 3899
f 3901 4171 4166 3898
f 3903 4173 4172 3902
f 4167 4172 4173 4168
f 3904 4174 4173 3903
f 3906 4180 4179 3905
f 3899 4170 4181 3907
f 3907 4181 4180 3906
f 4169 4180 4181 4170
f 3909 4182 4171 3901
f 3902 4172 4183 3910
f 3912 4184 4174 3904
f 3913 4185 4184 3912
f 4174 4184 4185 4175
f 3914 4186 4185 3913
f 4175 4185 4186 4176
f 3915 4187 4186 3914
f 3916 4188 4187 3915
f 3917 4189 4188 3916
f 3918 4190 4189 3917
f 3919 4191 4190 3918
f 3920 4192 4191 3919
f 3921 4193 4192 3920
f 3922 4194 4193 3921
f 3923 4195 4194 3922
f 3924 4196 4195 3923
f 4177 4195 4196 4178
f 3905 4179 4197 3925
f 3925 4197 4196 3924
f 4178 4196 4197 4179
f 3928 4198 4182 3909
f 3910 4183 4199 3929
f 3940 4200 4198 3928
f 3929 4199 4201 3941
f 3944 4202 4200 3940
f 3941 4201 4203 3945
f 3945 4203 4204 3946
f 3948 4206 4202 3944
f 3947 4205 4206 3948
f 3946 4204 4208 3949
f 4203 4207 4208 4204
f 3950 4209 4205 3947
f 4205 4209 4210 4206
f 3949 4208 4211 3951
f 3952 4212 4209 3950
f 3951 4211 4213 3953
f 3956 4214 4212 3952
f 3953 4213 4215 3957
f 3957 4215 4216 3958
f 3960 4218 4214 3956
f 3959 4217 4218 3960
f 3958 4216 4220 3961
f 4215 4219 4220 4216
f 3962 4221 4217 3959
f 4217 4221 4222 4218
f 3961 4220 4223 3963
f 3966 4224 4221 3962
f 3963 4223 4225 3967
f 3967 4225 4226 3968
f 3970 4228 4224 3966
f 3969 4227 4228 3970
f 3968 4226 4229 3971
f 3974 4230 4227 3969
f 3971 4229 4231 3975
f 3975 4231 4232 3976
f 3978 4234 4230 3974
f 3977 4233 4234 3978
f 3976 4232 4235 3979
f 3979 4235 4236 3980
f 3982 4238 4233 3977
f 3981 4237 4238 3982
f 3980 4236 4240 3983
f 4235 4239 4240 4236
f 3986 4241 4237 3981
f 4237 4241 4242 4238
f 3983 4240 4243 3987
f 3987 4243 4244 3988
f 3992 4246 4241 3986
f 3991 4245 4246 3992
f 3988 4244 4247 3993
f 3993 4247 4248 3994
f 3998 4250 4245 3991
f 3997 4249 4250 3998
f 3994 4248 4251 3999
f 3999 4251 4252 4000
f 4004 4254 4249 3997
f 4003 4253 4254 4004
f 4000 4252 4255 4005
f 4005 4255 4256 4006
f 4010 4258 4253 4003
f 4009 4257 4258 4010
f 4006 4256 4259 4011
f 4011 4259 4260 4012
f 4012 4260 4261 4013
f 4014 4262 4263 4015
f 4016 4264 4257 4009
f 4015 4263 4264 4016
f 4013 4261 4266 4017
f 4260 4265 4266 4261
f 4017 4266 4267 4018
f 4022 4269 4262 4014
f 4021 4268 4269 4022
f 4262 4269 4270 4263
f 4018 4267 4271 4023
f 4023 4271 4272 4024
f 4024 4272 4273 4025
f 4028 4274 4275 4029
f 4030 4276 4268 4021
f 4029 4275 4276 4030
f 4025 4273 4277 4031
f 4031 4277 4278 4032
f 4032 4278 4279 4033
f 4033 4279 4280 4034
f 4037 4281 4282 4038
f 4038 4282 4283 4039
f 4040 4284 4274 4028
f 4039 4283 4284 4040
f 4034 4280 4286 4041
f 4279 4285 4286 4280
f 4041 4286 4287 4042
f 4042 4287 4288 4043
f 4043 4288 4289 4044
f 4044 4289 4290 4045
f 4052 4291 4292 4053
f 4053 4292 4293 4054
f 4054 4293 4294 4055
f 4056 4295 4281 4037
f 4055 4294 4295 4056
f 4281 4295 4296 4282
f 4045 4290 4298 4057
f 4289 4297 4298 4290
f 4057 4298 4299 4058
f 4058 4299 4300 4059
f 4059 4300 4301 4060
f 4060 4301 4302 4061
f 4061 4302 4303 4062
f 4062 4303 4304 4063
f 4064 4305 4291 4052
f 4063 4304 4305 4064
f 4291 4305 4306 4292
f 4066 4309 4308 4065
f 4067 4310 4309 4066
f 4065 4308 4312 4068
f 4307 4311 4312 4308
f 4070 4313 4310 4067
f 4071 4314 4313 4070
f 4072 4315 4314 4071
f 4068 4312 4318 4073
f 4311 4317 4318 4312
f 4074 4319 4315 4072
f 4075 4320 4319 4074
f 4315 4319 4320 4316
f 4076 4321 4320 4075
f 4073 4318 4323 4077
f 4317 4322 4323 4318
f 4078 4324 4321 4076
f 4079 4325 4324 4078
f 4080 4326 4325 4079
f 4077 4323 4328 4081
f 4322 4327 4328 4323
f 4083 4329 4326 4080
f 4084 4330 4329 4083
f 4081 4328 4332 4085
f 4327 4331 4332 4328
f 4086 4333 4330 4084
f 4087 4334 4333 4086
f 4085 4332 4336 4089
f 4089 4336 4335 4088
f 4331 4335 4336 4332
f 4090 4337 4334 4087
f 4091 4338 4337 4090
f 4088 4335 4339 4092
f 4094 4340 4338 4091
f 4095 4341 4340 4094
f 4092 4339 4343 4096
f 4098 4344 4341 4095
f 4099 4345 4344 4098
f 4096 4343 4347 4101
f 4101 4347 4346 4100
f 4342 4346 4347 4343
f 4102 4348 4345 4099
f 4103 4349 4348 4102
f 4100 4346 4351 4104
f 4107 4352 4349 4103
f 4104 4351 4354 4108
f 4350 4353 4354 4351
f 4110 4355 4352 4107
f 4111 4356 4355 4110
f 4108 4354 4359 4113
f 4113 4359 4358 4112
f 4353 4358 4359 4354
f 4114 4360 4356 4111
f 4112 4358 4363 4116
f 4116 4363 4362 4115
f 4357 4362 4363 4358
f 4118 4364 4360 4114
f 4119 4365 4364 4118
f 4360 4364 4365 4361
f 4115 4362 4368 4120
f 4122 4369 4365 4119
f 4366 4374 4375 4367
f 4120 4368 4376 4124
f 4124 4376 4375 4123
f 4367 4375 4376 4368
f 4125 4377 4369 4122
f 4126 4378 4377 4125
f 4370 4382 4383 4371
f 4371 4383 4384 4372
f 4128 4385 4384 4127
f 4372 4384 4385 4373
f 4129 4386 4385 4128
f 4373 4385 4386 4374
f 4123 4375 4387 4130
f 4130 4387 4386 4129
f 4374 4386 4387 4375
f 4133 4388 4378 4126
f 4379 4390 4391 4380
f 4380 4391 4392 4381
f 4135 4393 4392 4134
f 4381 4392 4393 4382
f 4136 4394 4393 4135
f 4382 4393 4394 4383
f 4127 4384 4395 4137
f 4137 4395 4394 4136
f 4383 4394 4395 4384
f 4141 4396 4388 4133
f 4143 4398 4397 4142
f 4389 4397 4398 4390
f 4144 4399 4398 4143
f 4390 4398 4399 4391
f 4134 4392 4400 4145
f 4145 4400 4399 4144
f 4391 4399 4400 4392
f 4151 4401 4396 4141
f 4142 4397 4403 4152
f 4158 4404 4401 4151
f 4159 4405 4404 4158
f 4401 4404 4405 4402
f 4152 4403 4406 4160
f 4164 4407 4405 4159
f 4160 4406 4408 4165
f 4166 4409 4407 4164
f 4168 4411 4410 4167
f 4165 4408 4415 4170
f 4170 4415 4414 4169
f 4171 4416 4409 4166
f 4167 4410 4417 4172
f 4173 4418 4411 4168
f 4174 4419 4418 4173
f 4411 4418 4419 4412
f 4175 4420 4419 4174
f 4176 4421 4420 4175
f 4178 4431 4430 4177
f 4179 4432 4431 4178
f 4169 4414 4433 4180
f 4180 4433 4432 4179
f 4413 4432 4433 4414
f 4182 4434 4416 4171
f 4172 4417 4435 4183
f 4186 4436 4421 4176
f 4187 4437 4436 4186
f 4421 4436 4437 4422
f 4188 4438 4437 4187
f 4422 4437 4438 4423
f 4189 4439 4438 4188
f 4423 4438 4439 4424
f 4190 4440 4439 4189
f 4424 4439 4440 4425
f 4191 4441 4440 4190
f 4425 4440 4441 4426
f 4192 4442 4441 4191
f 4426 4441 4442 4427
f 4193 4443 4442 4192
f 4427 4442 4443 4428
f 4194 4444 4443 4193
f 4428 4443 4444 4429
f 4177 4430 4445 4195
f 4195 4445 4444 4194
f 4429 4444 4445 4430
f 4198 4446 4434 4182
f 4183 4435 4447 4199
f 4200 4448 4446 4198
f 4199 4447 4449 4201
f 4202 4450 4448 4200
f 4201 4449 4451 4203
f 4206 4452 4450 4202
f 4203 4451 4453 4207
f 4207 4453 4454 4208
f 4210 4456 4452 4206
f 4209 4455 4456 4210
f 4208 4454 4458 4211
f 4453 4457 4458 4454
f 4212 4459 4455 4209
f 4455 4459 4460 4456
f 4211 4458 4461 4213
f 4214 4462 4459 4212
f 4213 4461 4463 4215
f 4218 4464 4462 4214
f 4215 4463 4465 4219
f 4219 4465 4466 4220
f 4222 4468 4464 4218
f 4221 4467 4468 4222
f 4220 4466 4469 4223
f 4224 4470 4467 4221
f 4223 4469 4471 4225
f 4225 4471 4472 4226
f 4228 4474 4470 4224
f 4227 4473 4474 4228
f 4226 4472 4476 4229
f 4471 4475 4476 4472
f 4230 4477 4473 4227
f 4473 4477 4478 4474
f 4229 4476 4479 4231
f 4231 4479 4480 4232
f 4234 4482 4477 4230
f 4233 4481 4482 4234
f 4232 4480 4483 4235
f 4238 4484 4481 4233
f 4235 4483 4485 4239
f 4239 4485 4486 4240
f 4242 4488 4484 4238
f 4241 4487 4488 4242
f 4240 4486 4489 4243
f 4243 4489 4490 4244
f 4246 4492 4487 4241
f 4245 4491 4492 4246
f 4244 4490 4493 4247
f 4247 4493 4494 4248
f 4250 4496 4491 4245
f 4249 4495 4496 4250
f 4248 4494 4497 4251
f 4251 4497 4498 4252
f 4254 4500 4495 4249
f 4253 4499 4500 4254
f 4252 4498 4501 4255
f 4255 4501 4502 4256
f 4258 4504 4499 4253
f 4257 4503 4504 4258
f 4256 4502 4505 4259
f 4259 4505 4506 4260
f 4264 4508 4503 4257
f 4263 4507 4508 4264
f 4260 4506 4509 4265
f 4265 4509 4510 4266
f 4266 4510 4511 4267
f 4268 4512 4513 4269
f 4270 4514 4507 4263
f 4269 4513 4514 4270
f 4267 4511 4515 4271
f 4271 4515 4516 4272
f 4272 4516 4517 4273
f 4274 4518 4519 4275
f 4276 4520 4512 4268
f 4275 4519 4520 4276
f 4273 4517 4522 4277
f 4516 4521 4522 4517
f 4277 4522 4523 4278
f 4278 4523 4524 4279
f 4282 4525 4526 4283
f 4284 4527 4518 4274
f 4283 4526 4527 4284
f 4518 4527 4528 4519
f 4279 4524 4529 4285
f 4285 4529 4530 4286
f 4286 4530 4531 4287
f 4287 4531 4532 4288
f 4288 4532 4533 4289
f 4292 4534 4535 4293
f 4293 4535 4536 4294
f 4294 4536 4537 4295
f 4296 4538 4525 4282
f 4295 4537 4538 4296
f 4289 4533 4540 4297
f 4532 4539 4540 4533
f 4297 4540 4541 4298
f 4298 4541 4542 4299
f 4299 4542 4543 4300
f 4300 4543 4544 4301
f 4301 4544 4545 4302
f 4302 4545 4546 4303
f 4303 4546 4547 4304
f 4304 4547 4548 4305
f 4306 4549 4534 4292
f 4305 4548 4549 4306
f 4534 4549 4550 4535
f 4308 4554 4553 4307
f 4551 4553 4554 4552
f 4309 4555 4554 4308
f 4310 4556 4555 4309
f 4307 4553 4558 4311
f 4313 4559 4556 4310
f 4314 4560 4559 4313
f 4556 4559 4560 4557
f 4315 4561 4560 4314
f 4316 4562 4561 4315
f 4311 4558 4563 4317
f 4320 4564 4562 4316
f 4321 4565 4564 4320
f 4317 4563 4567 4322
f 4324 4568 4565 4321
f 4325 4569 4568 4324
f 4565 4568 4569 4566
f 4326 4570 4569 4325
f 4322 4567 4571 4327
f 4329 4572 4570 4326
f 4330 4573 4572 4329
f 4327 4571 4575 4331
f 4333 4576 4573 4330
f 4334 4577 4576 4333
f 4331 4575 4580 4335
f 4574 4579 4580 4575
f 4337 4581 4577 4334
f 4338 4582 4581 4337
f 4577 4581 4582 4578
f 4335 4580 4585 4339
f 4579 4584 4585 4580
f 4340 4586 4582 4338
f 4341 4587 4586 4340
f 4582 4586 4587 4583
f 4339 4585 4589 4343
f 4343 4589 4588 4342
f 4584 4588 4589 4585
f 4344 4590 4587 4341
f 4345 4591 4590 4344
f 4342 4588 4593 4346
f 4348 4594 4591 4345
f 4349 4595 4594 4348
f 4346 4593 4597 4351
f 4351 4597 4596 4350
f 4592 4596 4597 4593
f 4352 4598 4595 4349
f 4350 4596 4601 4353
f 4355 4602 4598 4352
f 4356 4603 4602 4355
f 4598 4602 4603 4599
f 4353 4601 4605 4358
f 4358 4605 4604 4357
f 4600 4604 4605 4601
f 4360 4606 4603 4356
f 4361 4607 4606 4360
f 4357 4604 4609 4362
f 4365 4610 4607 4361
f 4367 4612 4611 4366
f 4362 4609 4613 4368
f 4368 4613 4612 4367
f 4608 4612 4613 4609
f 4369 4614 4610 4365
f 4371 4621 4620 4370
f 4372 4622 4621 4371
f 4373 4623 4622 4372
f 4366 4611 4624 4374
f 4374 4624 4623 4373
f 4377 4625 4614 4369
f 4378 4626 4625 4377
f 4614 4625 4626 4615
f 4616 4627 4628 4617
f 4380 4629 4628 4379
f 4617 4628 4629 4618
f 4381 4630 4629 4380
f 4618 4629 4630 4619
f 4370 4620 4631 4382
f 4382 4631 4630 4381
f 4619 4630 4631 4620
f 4388 4632 4626 4378
f 4379 4628 4634 4390
f 4390 4634 4633 4389
f 4627 4633 4634 4628
f 4396 4635 4632 4388
f 4389 4633 4637 4397
f 4401 4638 4635 4396
f 4402 4639 4638 4401
f 4635 4638 4639 4636
f 4397 4637 4640 4403
f 4405 4641 4639 4402
f 4403 4640 4642 4406
f 4407 4643 4641 4405
f 4406 4642 4647 4408
f 4409 4648 4643 4407
f 4411 4650 4649 4410
f 4644 4649 4650 4645
f 4412 4651 4650 4411
f 4414 4659 4658 4413
f 4408 4647 4660 4415
f 4415 4660 4659 4414
f 4646 4659 4660 4647
f 4416 4661 4648 4409
f 4410 4649 4662 4417
f 4419 4663 4651 4412
f 4420 4664 4663 4419
f 4651 4663 4664 4652
f 4421 4665 4664 4420
f 4652 4664 4665 4653
f 4422 4666 4665 4421
f 4653 4665 4666 4654
f 4423 4667 4666 4422
f 4424 4668 4667 4423
f 4425 4669 4668 4424
f 4426 4670 4669 4425
f 4427 4671 4670 4426
f 4428 4672 4671 4427
f 4429 4673 4672 4428
f 4430 4674 4673 4429
f 4655 4673 4674 4656
f 4431 4675 4674 4430
f 4656 4674 4675 4657
f 4413 4658 4676 4432
f 4432 4676 4675 4431
f 4657 4675 4676 4658
f 4434 4677 4661 4416
f 4417 4662 4678 4435
f 4446 4679 4677 4434
f 4435 4678 4680 4447
f 4448 4681 4679 4446
f 4447 4680 4682 4449
f 4450 4683 4681 4448
f 4449 4682 4684 4451
f 4452 4685 4683 4450
f 4451 4684 4686 4453
f 4456 4687 4685 4452
f 4453 4686 4688 4457
f 4457 4688 4689 4458
f 4460 4691 4687 4456
f 4459 4690 4691 4460
f 4458 4689 4693 4461
f 4688 4692 4693 4689
f 4462 4694 4690 4459
f 4690 4694 4695 4691
f 4461 4693 4696 4463
f 4464 4697 4694 4462
f 4463 4696 4698 4465
f 4465 4698 4699 4466
f 4468 4701 4697 4464
f 4467 4700 4701 4468
f 4466 4699 4703 4469
f 4698 4702 4703 4699
f 4470 4704 4700 4467
f 4700 4704 4705 4701
f 4469 4703 4706 4471
f 4474 4707 4704 4470
f 4471 4706 4708 4475
f 4475 4708 4709 4476
f 4478 4711 4707 4474
f 4477 4710 4711 4478
f 4476 4709 4712 4479
f 4479 4712 4713 4480
f 4482 4715 4710 4477
f 4481 4714 4715 4482
f 4480 4713 4717 4483
f 4712 4716 4717 4713
f 4484 4718 4714 4481
f 4714 4718 4719 4715
f 4483 4717 4720 4485
f 4485 4720 4721 4486
f 4488 4723 4718 4484
f 4487 4722 4723 4488
f 4486 4721 4724 4489
f 4489 4724 4725 4490
f 4492 4727 4722 4487
f 4491 4726 4727 4492
f 4490 4725 4728 4493
f 4493 4728 4729 4494
f 4496 4731 4726 4491
f 4495 4730 4731 4496
f 4494 4729 4733 4497
f 4728 4732 4733 4729
f 4497 4733 4734 4498
f 4500 4736 4730 4495
f 4499 4735 4736 4500
f 4730 4736 4737 4731
f 4498 4734 4739 4501
f 4733 4738 4739 4734
f 4501 4739 4740 4502
f 4504 4742 4735 4499
f 4503 4741 4742 4504
f 4735 4742 4743 4736
f 4502 4740 4744 4505
f 4505 4744 4745 4506
f 4508 4747 4741 4503
f 4507 4746 4747 4508
f 4506 4745 4748 4509
f 4509 4748 4749 4510
f 4510 4749 4750 4511
f 4512 4751 4752 4513
f 4514 4753 4746 4507
f 4513 4752 4753 4514
f 4511 4750 4755 4515
f 4749 4754 4755 4750
f 4515 4755 4756 4516
f 4520 4758 4751 4512
f 4519 4757 4758 4520
f 4751 4758 4759 4752
f 4516 4756 4760 4521
f 4521 4760 4761 4522
f 4522 4761 4762 4523
f 4523 4762 4763 4524
f 4525 4764 4765 4526
f 4526 4765 4766 4527
f 4528 4767 4757 4519
f 4527 4766 4767 4528
f 4524 4763 4769 4529
f 4762 4768 4769 4763
f 4529 4769 4770 4530
f 4530 4770 4771 4531
f 4531 4771 4772 4532
f 4535 4773 4774 4536
f 4536 4774 4775 4537
f 4538 4776 4764 4525
f 4537 4775 4776 4538
f 4764 4776 4777 4765
f 4532 4772 4779 4539
f 4771 4778 4779 4772
f 4539 4779 4780 4540
f 4540 4780 4781 4541
f 4541 4781 4782 4542
f 4542 4782 4783 4543
f 4543 4783 4784 4544
f 4544 4784 4785 4545
f 4545 4785 4786 4546
f 4546 4786 4787 4547
f 4547 4787 4788 4548
f 4548 4788 4789 4549
f 4550 4790 4773 4535
f 4549 4789 4790 4550
f 4773 4790 4791 4774
f 4552 4794 4793 4551
f 4551 4793 4796 4553
f 4792 4795 4796 4793
f 4554 4797 4794 4552
f 4555 4798 4797 4554
f 4556 4799 4798 4555
f 4557 4800 4799 4556
f 4553 4796 4802 4558
f 4795 4801 4802 4796
f 4560 4803 4800 4557
f 4561 4804 4803 4560
f 4562 4805 4804 4561
f 4558 4802 4807 4563
f 4801 4806 4807 4802
f 4564 4808 4805 4562
f 4565 4809 4808 4564
f 4566 4810 4809 4565
f 4563 4807 4812 4567
f 4806 4811 4812 4807
f 4569 4813 4810 4566
f 4570 4814 4813 4569
f 4567 4812 4816 4571
f 4811 4815 4816 4812
f 4572 4817 4814 4570
f 4573 4818 4817 4572
f 4571 4816 4821 4575
f 4575 4821 4820 4574
f 4815 4820 4821 4816
f 4576 4822 4818 4573
f 4577 4823 4822 4576
f 4818 4822 4823 4819
f 4578 4824 4823 4577
f 4574 4820 4825 4579
f 4582 4826 4824 4578
f 4583 4827 4826 4582
f 4579 4825 4829 4584
f 4587 4830 4827 4583
f 4584 4829 4833 4588
f 4828 4832 4833 4829
f 4590 4834 4830 4587
f 4591 4835 4834 4590
f 4830 4834 4835 4831
f 4588 4833 4837 4593
f 4593 4837 4836 4592
f 4832 4836 4837 4833
f 4594 4838 4835 4591
f 4595 4839 4838 4594
f 4592 4836 4841 4596
f 4598 4842 4839 4595
f 4599 4843 4842 4598
f 4596 4841 4845 4601
f 4601 4845 4844 4600
f 4840 4844 4845 4841
f 4603 4846 4843 4599
f 4600 4844 4848 4604
f 4606 4849 4846 4603
f 4607 4850 4849 4606
f 4604 4848 4853 4609
f 4609 4853 4852 4608
f 4847 4852 4853 4848
f 4610 4854 4850 4607
f 4608 4852 4856 4612
f 4612 4856 4855 4611
f 4851 4855 4856 4852
f 4614 4857 4854 4610
f 4615 4858 4857 4614
f 4617 4860 4859 4616
f 4618 4861 4860 4617
f 4619 4862 4861 4618
f 4620 4863 4862 4619
f 4621 4864 4863 4620
f 4622 4865 4864 4621
f 4623 4866 4865 4622
f 4611 4855 4867 4624
f 4624 4867 4866 4623
f 4626 4868 4858 4615
f 4616 4859 4869 4627
f 4860 4870 4869 4859
f 4861 4871 4870 4860
f 4862 4872 4871 4861
f 4863 4873 4872 4862
f 4864 4874 4873 4863
f 4865 4875 4874 4864
f 4866 4876 4875 4865
f 4632 4877 4868 4626
f 4627 4869 4878 4633
f 4635 4879 4877 4632
f 4636 4880 4879 4635
f 4633 4878 4881 4637
f 4639 4882 4880 4636
f 4637 4881 4883 4640
f 4641 4884 4882 4639
f 4640 4883 4885 4642
f 4643 4886 4884 4641
f 4645 4888 4887 4644
f 4642 4885 4894 4647
f 4647 4894 4893 4646
f 4648 4895 4886 4643
f 4644 4887 4896 4649
f 4650 4897 4888 4645
f 4651 4898 4897 4650
f 4888 4897 4898 4889
f 4652 4899 4898 4651
f 4889 4898 4899 4890
f 4653 4900 4899 4652
f 4654 4901 4900 4653
f 4656 4909 4908 4655
f 4657 4910 4909 4656
f 4658 4911 4910 4657
f 4891 4910 4911 4892
f 4646 4893 4912 4659
f 4659 4912 4911 4658
f 4892 4911 4912 4893
f 4661 4913 4895 4648
f 4649 4896 4914 4662
f 4666 4915 4901 4654
f 4667 4916 4915 4666
f 4901 4915 4916 4902
f 4668 4917 4916 4667
f 4902 4916 4917 4903
f 4669 4918 4917 4668
f 4903 4917 4918 4904
f 4670 4919 4918 4669
f 4904 4918 4919 4905
f 4671 4920 4919 4670
f 4905 4919 4920 4906
f 4672 4921 4920 4671
f 4906 4920 4921 4907
f 4655 4908 4922 4673
f 4673 4922 4921 4672
f 4907 4921 4922 4908
f 4677 4923 4913 4661
f 4662 4914 4924 4678
f 4679 4925 4923 4677
f 4678 4924 4926 4680
f 4681 4927 4925 4679
f 4680 4926 4928 4682
f 4683 4929 4927 4681
f 4682 4928 4930 4684
f 4685 4931 4929 4683
f 4684 4930 4932 4686
f 4687 4933 4931 4685
f 4686 4932 4934 4688
f 4691 4935 4933 4687
f 4688 4934 4936 4692
f 4692 4936 4937 4693
f 4695 4939 4935 4691
f 4694 4938 4939 4695
f 4693 4937 4940 4696
f 4697 4941 4938 4694
f 4696 4940 4942 4698
f 4701 4943 4941 4697
f 4698 4942 4944 4702
f 4702 4944 4945 4703
f 4705 4947 4943 4701
f 4704 4946 4947 4705
f 4703 4945 4948 4706
f 4707 4949 4946 4704
f 4706 4948 4950 4708
f 4708 4950 4951 4709
f 4711 4953 4949 4707
f 4710 4952 4953 4711
f 4709 4951 4954 4712
f 4715 4955 4952 4710
f 4712 4954 4956 4716
f 4716 4956 4957 4717
f 4719 4959 4955 4715
f 4718 4958 4959 4719
f 4717 4957 4960 4720
f 4720 4960 4961 4721
f 4723 4963 4958 4718
f 4722 4962 4963 4723
f 4721 4961 4964 4724
f 4724 4964 4965 4725
f 4727 4967 4962 4722
f 4726 4966 4967 4727
f 4725 4965 4969 4728
f 4964 4968 4969 4965
f 4731 4970 4966 4726
f 4966 4970 4971 4967
f 4728 4969 4972 4732
f 4732 4972 4973 4733
f 4737 4975 4970 4731
f 4736 4974 4975 4737
f 4733 4973 4976 4738
f 4738 4976 4977 4739
f 4739 4977 4978 4740
f 4741 4979 4980 4742
f 4743 4981 4974 4736
f 4742 4980 4981 4743
f 4740 4978 4983 4744
f 4977 4982 4983 4978
f 4744 4983 4984 4745
f 4747 4986 4979 4741
f 4746 4985 4986 4747
f 4979 4986 4987 4980
f 4745 4984 4988 4748
f 4748 4988 4989 4749
f 4753 4991 4985 4746
f 4752 4990 4991 4753
f 4749 4989 4992 4754
f 4754 4992 4993 4755
f 4755 4993 4994 4756
f 4757 4995 4996 4758
f 4759 4997 4990 4752
f 4758 4996 4997 4759
f 4756 4994 4998 4760
f 4760 4998 4999 4761
f 4761 4999 5000 4762
f 4765 5001 5002 4766
f 4767 5003 4995 4757
f 4766 5002 5003 4767
f 4762 5000 5004 4768
f 4768 5004 5005 4769
f 4769 5005 5006 4770
f 4770 5006 5007 4771
f 4774 5008 5009 4775
f 4775 5009 5010 4776
f 4777 5011 5001 4765
f 4776 5010 5011 4777
f 4771 5007 5012 4778
f 4778 5012 5013 4779
f 4779 5013 5014 4780
f 4780 5014 5015 4781
f 4781 5015 5016 4782
f 4782 5016 5017 4783
f 4783 5017 5018 4784
f 4784 5018 5019 4785
f 4785 5019 5020 4786
f 4786 5020 5021 4787
f 4787 5021 5022 4788
f 4788 5022 5023 4789
f 4789 5023 5024 4790
f 4791 5025 5008 4774
f 4790 5024 5025 4791
f 4793 5028 5027 4792
f 4794 5029 5028 4793
f 4792 5027 5031 4795
f 5026 5030 5031 5027
f 4797 5032 5029 4794
f 4798 5033 5032 4797
f 4799 5034 5033 4798
f 4800 5035 5034 4799
f 4795 5031 5037 4801
f 5030 5036 5037 5031
f 4803 5038 5035 4800
f 4804 5039 5038 4803
f 4805 5040 5039 4804
f 4801 5037 5042 4806
f 5036 5041 5042 5037
f 4808 5043 5040 4805
f 4809 5044 5043 4808
f 4810 5045 5044 4809
f 4806 5042 5047 4811
f 5041 5046 5047 5042
f 4813 5048 5045 4810
f 4814 5049 5048 4813
f 4811 5047 5051 4815
f 5046 5050 5051 5047
f 4817 5052 5049 4814
f 4818 5053 5052 4817
f 4819 5054 5053 4818
f 4815 5051 5056 4820
f 5050 5055 5056 5051
f 4823 5057 5054 4819
f 4824 5058 5057 4823
f 4820 5056 5060 4825
f 5055 5059 5060 5056
f 4826 5061 5058 4824
f 4827 5062 5061 4826
f 4825 5060 5064 4829
f 4829 5064 5063 4828
f 5059 5063 5064 5060
f 4830 5065 5062 4827
f 4831 5066 5065 4830
f 4828 5063 5068 4832
f 4835 5069 5066 4831
f 4832 5068 5071 4836
f 5067 5070 5071 5068
f 4838 5072 5069 4835
f 4839 5073 5072 4838
f 4836 5071 5076 4841
f 4841 5076 5075 4840
f 5070 5075 5076 5071
f 4842 5077 5073 4839
f 4843 5078 5077 4842
f 4840 5075 5080 4844
f 5074 5079 5080 5075
f 4846 5081 5078 4843
f 4844 5080 5084 4848
f 4848 5084 5083 4847
f 5079 5083 5084 5080
f 4849 5085 5081 4846
f 4850 5086 5085 4849
f 4847 5083 5089 4852
f 4852 5089 5088 4851
f 5082 5088 5089 5083
f 4854 5090 5086 4850
f 4851 5088 5092 4855
f 5087 5091 5092 5088
f 4857 5093 5090 4854
f 4858 5094 5093 4857
f 4855 5092 5097 4867
f 4867 5097 5096 4866
f 5091 5096 5097 5092
f 4868 5098 5094 4858
f 4870 5100 5099 4869
f 4871 5101 5100 4870
f 4872 5102 5101 4871
f 4873 5103 5102 4872
f 4874 5104 5103 4873
f 4875 5105 5104 4874
f 4866 5096 5106 4876
f 4876 5106 5105 4875
f 5095 5105 5106 5096
f 4877 5107 5098 4868
f 4869 5099 5108 4878
f 4879 5109 5107 4877
f 4880 5110 5109 4879
f 4878 5108 5111 4881
f 4882 5112 5110 4880
f 4881 5111 5113 4883
f 4884 5114 5112 4882
f 4883 5113 5120 4885
f 4886 5121 5114 4884
f 4888 5123 5122 4887
f 5115 5122 5123 5116
f 4889 5124 5123 4888
f 5116 5123 5124 5117
f 4890 5125 5124 4889
f 4892 5137 5136 4891
f 4893 5138 5137 4892
f 5118 5137 5138 5119
f 4885 5120 5139 4894
f 4894 5139 5138 4893
f 5119 5138 5139 5120
f 4895 5140 5121 4886
f 4887 5122 5141 4896
f 4899 5142 5125 4890
f 4900 5143 5142 4899
f 5125 5142 5143 5126
f 4901 5144 5143 4900
f 5126 5143 5144 5127
f 4902 5145 5144 4901
f 5127 5144 5145 5128
f 4903 5146 5145 4902
f 5128 5145 5146 5129
f 4904 5147 5146 4903
f 5129 5146 5147 5130
f 4905 5148 5147 4904
f 5130 5147 5148 5131
f 4906 5149 5148 4905
f 5131 5148 5149 5132
f 4907 5150 5149 4906
f 5132 5149 5150 5133
f 4908 5151 5150 4907
f 5133 5150 5151 5134
f 4909 5152 5151 4908
f 5134 5151 5152 5135
f 4891 5136 5153 4910
f 4910 5153 5152 4909
f 5135 5152 5153 5136
f 4913 5154 5140 4895
f 4896 5141 5155 4914
f 4923 5156 5154 4913
f 4914 5155 5157 4924
f 4925 5158 5156 4923
f 4924 5157 5159 4926
f 4927 5160 5158 4925
f 4926 5159 5161 4928
f 4929 5162 5160 4927
f 4928 5161 5163 4930
f 4931 5164 5162 4929
f 4930 5163 5165 4932
f 4933 5166 5164 4931
f 4932 5165 5167 4934
f 4935 5168 5166 4933
f 4934 5167 5169 4936
f 4936 5169 5170 4937
f 4939 5172 5168 4935
f 4938 5171 5172 4939
f 4937 5170 5173 4940
f 4941 5174 5171 4938
f 4940 5173 5175 4942
f 4943 5176 5174 4941
f 4942 5175 5177 4944
f 4944 5177 5178 4945
f 4947 5180 5176 4943
f 4946 5179 5180 4947
f 4945 5178 5181 4948
f 4949 5182 5179 4946
f 4948 5181 5183 4950
f 4950 5183 5184 4951
f 4953 5186 5182 4949
f 4952 5185 5186 4953
f 4951 5184 5187 4954
f 4955 5188 5185 4952
f 4954 5187 5189 4956
f 4956 5189 5190 4957
f 4959 5192 5188 4955
f 4958 5191 5192 4959
f 4957 5190 5193 4960
f 4960 5193 5194 4961
f 4963 5196 5191 4958
f 4962 5195 5196 4963
f 4961 5194 5197 4964
f 4967 5198 5195 4962
f 4964 5197 5199 4968
f 4968 5199 5200 4969
f 4971 5202 5198 4967
f 4970 5201 5202 4971
f 4969 5200 5203 4972
f 4972 5203 5204 4973
f 4975 5206 5201 4970
f 4974 5205 5206 4975
f 4973 5204 5207 4976
f 4976 5207 5208 4977
f 4981 5210 5205 4974
f 4980 5209 5210 4981
f 4977 5208 5211 4982
f 4982 5211 5212 4983
f 4983 5212 5213 4984
f 4985 5214 5215 4986
f 4987 5216 5209 4980
f 4986 5215 5216 4987
f 4984 5213 5217 4988
f 4988 5217 5218 4989
f 4991 5220 5214 4985
f 4990 5219 5220 4991
f 4989 5218 5221 4992
f 4992 5221 5222 4993
f 4993 5222 5223 4994
f 4995 5224 5225 4996
f 4997 5226 5219 4990
f 4996 5225 5226 4997
f 4994 5223 5227 4998
f 4998 5227 5228 4999
f 4999 5228 5229 5000
f 5001 5230 5231 5002
f 5003 5232 5224 4995
f 5002 5231 5232 5003
f 5000 5229 5233 5004
f 5004 5233 5234 5005
f 5005 5234 5235 5006
f 5006 5235 5236 5007
f 5008 5237 5238 5009
f 5009 5238 5239 5010
f 5011 5240 5230 5001
f 5010 5239 5240 5011
f 5007 5236 5241 5012
f 5012 5241 5242 5013
f 5013 5242 5243 5014
f 5014 5243 5244 5015
f 5015 5244 5245 5016
f 5016 5245 5246 5017
f 5017 5246 5247 5018
f 5018 5247 5248 5019
f 5019 5248 5249 5020
f 5020 5249 5250 5021
f 5021 5250 5251 5022
f 5022 5251 5252 5023
f 5023 5252 5253 5024
f 5025 5254 5237 5008
f 5024 5253 5254 5025
f 5027 5256 5255 5026
f 5028 5257 5256 5027
f 5029 5258 5257 5028
f 5026 5255 5260 5030
f 5032 5261 5258 5029
f 5033 5262 5261 5032
f 5258 5261 5262 5259
f 5034 5263 5262 5033
f 5035 5264 5263 5034
f 5030 5260 5265 5036
f 5038 5266 5264 5035
f 5039 5267 5266 5038
f 5040 5268 5267 5039
f 5036 5265 5269 5041
f 5043 5270 5268 5040
f 5044 5271 5270 5043
f 5045 5272 5271 5044
f 5041 5269 5273 5046
f 5048 5274 5272 5045
f 5049 5275 5274 5048
f 5046 5273 5278 5050
f 5052 5279 5275 5049
f 5053 5280 5279 5052
f 5275 5279 5280 5276
f 5054 5281 5280 5053
f 5050 5278 5283 5055
f 5277 5282 5283 5278
f 5057 5284 5281 5054
f 5058 5285 5284 5057
f 5055 5283 5287 5059
f 5282 5286 5287 5283
f 5061 5288 5285 5058
f 5062 5289 5288 5061
f 5059 5287 5291 5063
f 5286 5290 5291 5287
f 5065 5292 5289 5062
f 5066 5293 5292 5065
f 5063 5291 5296 5068
f 5068 5296 5295 5067
f 5290 5295 5296 5291
f 5069 5297 5293 5066
f 5067 5295 5300 5070
f 5294 5299 5300 5295
f 5072 5301 5297 5069
f 5073 5302 5301 5072
f 5297 5301 5302 5298
f 5070 5300 5305 5075
f 5075 5305 5304 5074
f 5299 5304 5305 5300
f 5077 5306 5302 5073
f 5078 5307 5306 5077
f 5074 5304 5309 5079
f 5303 5308 5309 5304
f 5081 5310 5307 5078
f 5079 5309 5313 5083
f 5083 5313 5312 5082
f 5308 5312 5313 5309
f 5085 5314 5310 5081
f 5086 5315 5314 5085
f 5082 5312 5318 5088
f 5088 5318 5317 5087
f 5311 5317 5318 5312
f 5090 5319 5315 5086
f 5087 5317 5321 5091
f 5316 5320 5321 5317
f 5093 5322 5319 5090
f 5094 5323 5322 5093
f 5091 5321 5326 5096
f 5096 5326 5325 5095
f 5320 5325 5326 5321
f 5098 5327 5323 5094
f 5100 5329 5328 5099
f 5101 5330 5329 5100
f 5102 5331 5330 5101
f 5103 5332 5331 5102
f 5104 5333 5332 5103
f 5095 5325 5334 5105
f 5105 5334 5333 5104
f 5324 5333 5334 5325
f 5107 5335 5327 5098
f 5099 5328 5337 5108
f 5329 5338 5337 5328
f 5330 5339 5338 5329
f 5331 5340 5339 5330
f 5109 5341 5335 5107
f 5110 5342 5341 5109
f 5335 5341 5342 5336
f 5108 5337 5343 5111
f 5112 5344 5342 5110
f 5111 5343 5350 5113
f 5114 5351 5344 5112
f 5116 5353 5352 5115
f 5345 5352 5353 5346
f 5117 5354 5353 5116
f 5346 5353 5354 5347
f 5119 5364 5363 5118
f 5348 5363 5364 5349
f 5113 5350 5365 5120
f 5120 5365 5364 5119
f 5349 5364 5365 5350
f 5121 5366 5351 5114
f 5115 5352 5367 5122
f 5124 5368 5354 5117
f 5125 5369 5368 5124
f 5354 5368 5369 5355
f 5126 5370 5369 5125
f 5355 5369 5370 5356
f 5127 5371 5370 5126
f 5356 5370 5371 5357
f 5128 5372 5371 5127
f 5357 5371 5372 5358
f 5129 5373 5372 5128
f 5130 5374 5373 5129
f 5131 5375 5374 5130
f 5132 5376 5375 5131
f 5133 5377 5376 5132
f 5134 5378 5377 5133
f 5359 5377 5378 5360
f 5135 5379 5378 5134
f 5360 5378 5379 5361
f 5136 5380 5379 5135
f 5361 5379 5380 5362
f 5118 5363 5381 5137
f 5137 5381 5380 5136
f 5362 5380 5381 5363
f 5140 5382 5366 5121
f 5122 5367 5383 5141
f 5154 5384 5382 5140
f 5141 5383 5386 5155
f 5156 5387 5384 5154
f 5155 5386 5390 5157
f 5385 5389 5390 5386
f 5158 5391 5387 5156
f 5387 5391 5392 5388
f 5157 5390 5393 5159
f 5160 5394 5391 5158
f 5159 5393 5395 5161
f 5162 5396 5394 5160
f 5161 5395 5397 5163
f 5164 5398 5396 5162
f 5163 5397 5399 5165
f 5166 5400 5398 5164
f 5165 5399 5401 5167
f 5168 5402 5400 5166
f 5167 5401 5403 5169
f 5169 5403 5404 5170
f 5172 5406 5402 5168
f 5171 5405 5406 5172
f 5170 5404 5408 5173
f 5403 5407 5408 5404
f 5174 5409 5405 5171
f 5405 5409 5410 5406
f 5173 5408 5411 5175
f 5176 5412 5409 5174
f 5175 5411 5413 5177
f 5177 5413 5414 5178
f 5180 5416 5412 5176
f 5179 5415 5416 5180
f 5178 5414 5417 5181
f 5182 5418 5415 5179
f 5181 5417 5419 5183
f 5183 5419 5420 5184
f 5186 5422 5418 5182
f 5185 5421 5422 5186
f 5184 5420 5423 5187
f 5188 5424 5421 5185
f 5187 5423 5425 5189
f 5189 5425 5426 5190
f 5192 5428 5424 5188
f 5191 5427 5428 5192
f 5190 5426 5429 5193
f 5193 5429 5430 5194
f 5196 5432 5427 5191
f 5195 5431 5432 5196
f 5194 5430 5434 5197
f 5429 5433 5434 5430
f 5198 5435 5431 5195
f 5431 5435 5436 5432
f 5197 5434 5437 5199
f 5199 5437 5438 5200
f 5202 5440 5435 5198
f 5201 5439 5440 5202
f 5200 5438 5441 5203
f 5203 5441 5442 5204
f 5206 5444 5439 5201
f 5205 5443 5444 5206
f 5204 5442 5445 5207
f 5207 5445 5446 5208
f 5210 5448 5443 5205
f 5209 5447 5448 5210
f 5208 5446 5449 5211
f 5211 5449 5450 5212
f 5212 5450 5451 5213
f 5214 5452 5453 5215
f 5216 5454 5447 5209
f 5215 5453 5454 5216
f 5213 5451 5456 5217
f 5450 5455 5456 5451
f 5217 5456 5457 5218
f 5220 5459 5452 5214
f 5219 5458 5459 5220
f 5452 5459 5460 5453
f 5218 5457 5461 5221
f 5221 5461 5462 5222
f 5222 5462 5463 5223
f 5224 5464 5465 5225
f 5226 5466 5458 5219
f 5225 5465 5466 5226
f 5223 5463 5467 5227
f 5227 5467 5468 5228
f 5228 5468 5469 5229
f 5230 5470 5471 5231
f 5232 5472 5464 5224
f 5231 5471 5472 5232
f 5229 5469 5473 5233
f 5233 5473 5474 5234
f 5234 5474 5475 5235
f 5235 5475 5476 5236
f 5237 5477 5478 5238
f 5238 5478 5479 5239
f 5240 5480 5470 5230
f 5239 5479 5480 5240
f 5236 5476 5482 5241
f 5475 5481 5482 5476
f 5241 5482 5483 5242
f 5242 5483 5484 5243
f 5243 5484 5485 5244
f 5244 5485 5486 5245
f 5245 5486 5487 5246
f 5246 5487 5488 5247
f 5247 5488 5489 5248
f 5248 5489 5490 5249
f 5249 5490 5491 5250
f 5250 5491 5492 5251
f 5251 5492 5493 5252
f 5252 5493 5494 5253
f 5254 5495 5477 5237
f 5253 5494 5495 5254
f 5477 5495 5496 5478
f 5488 5497 5498 5489
f 5256 5501 5500 5255
f 5257 5502 5501 5256
f 5258 5503 5502 5257
f 5259 5504 5503 5258
f 5255 5500 5506 5260
f 5499 5505 5506 5500
f 5262 5508 5504 5259
f 5504 5508 5507 5503
f 5263 5509 5508 5262
f 5264 5510 5509 5263
f 5260 5506 5512 5265
f 5505 5511 5512 5506
f 5266 5513 5510 5264
f 5267 5514 5513 5266
f 5268 5515 5514 5267
f 5265 5512 5517 5269
f 5511 5516 5517 5512
f 5270 5518 5515 5268
f 5271 5519 5518 5270
f 5272 5520 5519 5271
f 5269 5517 5522 5273
f 5516 5521 5522 5517
f 5274 5523 5520 5272
f 5275 5524 5523 5274
f 5276 5525 5524 5275
f 5273 5522 5527 5278
f 5278 5527 5526 5277
f 5521 5526 5527 5522
f 5280 5529 5525 5276
f 5525 5529 5528 5524
f 5281 5530 5529 5280
f 5277 5526 5532 5282
f 5284 5533 5530 5281
f 5285 5534 5533 5284
f 5282 5532 5536 5286
f 5531 5535 5536 5532
f 5288 5537 5534 5285
f 5289 5538 5537 5288
f 5286 5536 5540 5290
f 5535 5539 5540 5536
f 5292 5541 5538 5289
f 5293 5542 5541 5292
f 5290 5540 5545 5295
f 5295 5545 5544 5294
f 5539 5544 5545 5540
f 5297 5546 5542 5293
f 5298 5547 5546 5297
f 5294 5544 5549 5299
f 5543 5548 5549 5544
f 5302 5551 5547 5298
f 5547 5551 5550 5546
f 5299 5549 5554 5304
f 5304 5554 5553 5303
f 5548 5553 5554 5549
f 5306 5555 5551 5302
f 5307 5556 5555 5306
f 5303 5553 5558 5308
f 5552 5557 5558 5553
f 5310 5559 5556 5307
f 5308 5558 5562 5312
f 5312 5562 5561 5311
f 5557 5561 5562 5558
f 5314 5563 5559 5310
f 5315 5564 5563 5314
f 5311 5561 5567 5317
f 5317 5567 5566 5316
f 5560 5566 5567 5561
f 5319 5568 5564 5315
f 5316 5566 5571 5320
f 5565 5570 5571 5566
f 5322 5572 5568 5319
f 5323 5573 5572 5322
f 5569 5575 5576 5570
f 5320 5571 5577 5325
f 5325 5577 5576 5324
f 5570 5576 5577 5571
f 5327 5578 5573 5323
f 5332 5581 5580 5331
f 5574 5580 5581 5575
f 5324 5576 5582 5333
f 5333 5582 5581 5332
f 5575 5581 5582 5576
f 5335 5583 5578 5327
f 5336 5584 5583 5335
f 5338 5586 5585 5337
f 5339 5587 5586 5338
f 5331 5580 5588 5340
f 5340 5588 5587 5339
f 5579 5587 5588 5580
f 5342 5590 5584 5336
f 5584 5590 5589 5583
f 5337 5585 5596 5343
f 5344 5597 5590 5342
f 5346 5599 5598 5345
f 5591 5598 5599 5592
f 5347 5600 5599 5346
f 5592 5599 5600 5593
f 5349 5608 5607 5348
f 5594 5607 5608 5595
f 5343 5596 5609 5350
f 5350 5609 5608 5349
f 5595 5608 5609 5596
f 5351 5610 5597 5344
f 5345 5598 5611 5352
f 5354 5612 5600 5347
f 5355 5613 5612 5354
f 5600 5612 5613 5601
f 5356 5614 5613 5355
f 5601 5613 5614 5602
f 5357 5615 5614 5356
f 5602 5614 5615 5603
f 5358 5616 5615 5357
f 5360 5622 5621 5359
f 5361 5623 5622 5360
f 5604 5622 5623 5605
f 5362 5624 5623 5361
f 5605 5623 5624 5606
f 5348 5607 5625 5363
f 5363 5625 5624 5362
f 5606 5624 5625 5607
f 5366 5626 5610 5351
f 5352 5611 5627 5367
f 5372 5628 5616 5358
f 5373 5629 5628 5372
f 5616 5628 5629 5617
f 5374 5630 5629 5373
f 5617 5629 5630 5618
f 5375 5631 5630 5374
f 5618 5630 5631 5619
f 5376 5632 5631 5375
f 5619 5631 5632 5620
f 5359 5621 5633 5377
f 5377 5633 5632 5376
f 5620 5632 5633 5621
f 5382 5634 5626 5366
f 5367 5627 5635 5383
f 5384 5636 5634 5382
f 5383 5635 5638 5386
f 5386 5638 5637 5385
f 5387 5639 5636 5384
f 5388 5640 5639 5387
f 5385 5637 5641 5389
f 5389 5641 5642 5390
f 5638 5642 5641 5637
f 5392 5644 5640 5388
f 5391 5643 5644 5392
f 5640 5644 5643 5639
f 5390 5642 5645 5393
f 5394 5646 5643 5391
f 5393 5645 5647 5395
f 5396 5648 5646 5394
f 5395 5647 5649 5397
f 5398 5650 5648 5396
f 5397 5649 5651 5399
f 5400 5652 5650 5398
f 5399 5651 5653 5401
f 5402 5654 5652 5400
f 5401 5653 5655 5403
f 5406 5658 5654 5402
f 5403 5655 5659 5407
f 5407 5659 5660 5408
f 5656 5660 5659 5655
f 5410 5662 5658 5406
f 5409 5661 5662 5410
f 5658 5662 5661 5657
f 5408 5660 5663 5411
f 5412 5664 5661 5409
f 5411 5663 5665 5413
f 5413 5665 5666 5414
f 5416 5668 5664 5412
f 5415 5667 5668 5416
f 5414 5666 5669 5417
f 5418 5670 5667 5415
f 5417 5669 5671 5419
f 5419 5671 5672 5420
f 5422 5674 5670 5418
f 5421 5673 5674 5422
f 5420 5672 5675 5423
f 5424 5676 5673 5421
f 5423 5675 5677 5425
f 5425 5677 5678 5426
f 5428 5680 5676 5424
f 5427 5679 5680 5428
f 5426 5678 5681 5429
f 5432 5684 5679 5427
f 5429 5681 5685 5433
f 5433 5685 5686 5434
f 5682 5686 5685 5681
f 5436 5688 5684 5432
f 5435 5687 5688 5436
f 5684 5688 5687 5683
f 5434 5686 5689 5437
f 5437 5689 5690 5438
f 5440 5692 5687 5435
f 5439 5691 5692 5440
f 5438 5690 5693 5441
f 5441 5693 5694 5442
f 5444 5696 5691 5439
f 5443 5695 5696 5444
f 5442 5694 5697 5445
f 5445 5697 5698 5446
f 5448 5700 5695 5443
f 5447 5699 5700 5448
f 5446 5698 5701 5449
f 5449 5701 5702 5450
f 5454 5706 5699 5447
f 5453 5705 5706 5454
f 5450 5702 5707 5455
f 5455 5707 5708 5456
f 5703 5708 5707 5702
f 5456 5708 5709 5457
f 5458 5710 5711 5459
f 5460 5712 5705 5453
f 5459 5711 5712 5460
f 5705 5712 5711 5704
f 5457 5709 5713 5461
f 5461 5713 5714 5462
f 5462 5714 5715 5463
f 5464 5716 5717 5465
f 5466 5718 5710 5458
f 5465 5717 5718 5466
f 5463 5715 5719 5467
f 5467 5719 5720 5468
f 5468 5720 5721 5469
f 5470 5722 5723 5471
f 5472 5724 5716 5464
f 5471 5723 5724 5472
f 5469 5721 5725 5473
f 5473 5725 5726 5474
f 5474 5726 5727 5475
f 5478 5730 5731 5479
f 5480 5732 5722 5470
f 5479 5731 5732 5480
f 5475 5727 5733 5481
f 5481 5733 5734 5482
f 5728 5734 5733 5727
f 5482 5734 5735 5483
f 5483 5735 5736 5484
f 5484 5736 5737 5485
f 5485 5737 5738 5486
f 5486 5738 5739 5487
f 5487 5739 5740 5488
f 5489 5741 5742 5490
f 5490 5742 5743 5491
f 5491 5743 5744 5492
f 5492 5744 5745 5493
f 5493 5745 5746 5494
f 5494 5746 5747 5495
f 5496 5748 5730 5478
f 5495 5747 5748 5496
f 5730 5748 5747 5729
f 5488 5740 5749 5497
f 5498 5750 5741 5489
f 5497 5749 5750 5498
f 5741 5750 5749 5740
f 5500 5753 5752 5499
f 5501 5754 5753 5500
f 5502 5755 5754 5501
f 5503 5756 5755 5502
f 5499 5752 5758 5505
f 5751 5757 5758 5752
f 5507 5759 5756 5503
f 5508 5760 5759 5507
f 5509 5761 5760 5508
f 5510 5762 5761 5509
f 5505 5758 5764 5511
f 5757 5763 5764 5758
f 5513 5765 5762 5510
f 5514 5766 5765 5513
f 5515 5767 5766 5514
f 5511 5764 5769 5516
f 5763 5768 5769 5764
f 5518 5770 5767 5515
f 5519 5771 5770 5518
f 5520 5772 5771 5519
f 5516 5769 5774 5521
f 5768 5773 5774 5769
f 5523 5775 5772 5520
f 5524 5776 5775 5523
f 5521 5774 5778 5526
f 5773 5777 5778 5774
f 5528 5779 5776 5524
f 5529 5780 5779 5528
f 5530 5781 5780 5529
f 5526 5778 5784 5532
f 5532 5784 5783 5531
f 5777 5783 5784 5778
f 5533 5785 5781 5530
f 5534 5786 5785 5533
f 5531 5783 5788 5535
f 5782 5787 5788 5783
f 5537 5789 5786 5534
f 5538 5790 5789 5537
f 5535 5788 5792 5539
f 5787 5791 5792 5788
f 5541 5793 5790 5538
f 5542 5794 5793 5541
f 5539 5792 5797 5544
f 5544 5797 5796 5543
f 5791 5796 5797 5792
f 5546 5798 5794 5542
f 5543 5796 5800 5548
f 5795 5799 5800 5796
f 5550 5801 5798 5546
f 5551 5802 5801 5550
f 5548 5800 5805 5553
f 5553 5805 5804 5552
f 5799 5804 5805 5800
f 5555 5806 5802 5551
f 5556 5807 5806 5555
f 5552 5804 5809 5557
f 5803 5808 5809 5804
f 5559 5810 5807 5556
f 5557 5809 5813 5561
f 5561 5813 5812 5560
f 5808 5812 5813 5809
f 5563 5814 5810 5559
f 5564 5815 5814 5563
f 5560 5812 5818 5566
f 5566 5818 5817 5565
f 5811 5817 5818 5812
f 5568 5819 5815 5564
f 5565 5817 5822 5570
f 5570 5822 5821 5569
f 5816 5821 5822 5817
f 5572 5823 5819 5568
f 5573 5824 5823 5572
f 5569 5821 5827 5575
f 5575 5827 5826 5574
f 5820 5826 5827 5821
f 5578 5828 5824 5573
f 5574 5826 5832 5580
f 5580 5832 5831 5579
f 5825 5831 5832 5826
f 5583 5833 5828 5578
f 5586 5840 5839 5585
f 5829 5839 5840 5830
f 5579 5831 5841 5587
f 5587 5841 5840 5586
f 5830 5840 5841 5831
f 5589 5842 5833 5583
f 5590 5843 5842 5589
f 5592 5845 5844 5591
f 5834 5844 5845 5835
f 5593 5846 5845 5592
f 5835 5845 5846 5836
f 5595 5854 5853 5594
f 5837 5853 5854 5838
f 5585 5839 5855 5596
f 5596 5855 5854 5595
f 5838 5854 5855 5839
f 5597 5856 5843 5590
f 5591 5844 5857 5598
f 5600 5858 5846 5593
f 5601 5859 5858 5600
f 5846 5858 5859 5847
f 5602 5860 5859 5601
f 5847 5859 5860 5848
f 5603 5861 5860 5602
f 5848 5860 5861 5849
f 5605 5869 5868 5604
f 5850 5868 5869 5851
f 5606 5870 5869 5605
f 5851 5869 5870 5852
f 5594 5853 5871 5607
f 5607 5871 5870 5606
f 5852 5870 5871 5853
f 5610 5872 5856 5597
f 5598 5857 5873 5611
f 5615 5874 5861 5603
f 5616 5875 5874 5615
f 5861 5874 5875 5862
f 5617 5876 5875 5616
f 5862 5875 5876 5863
f 5618 5877 5876 5617
f 5863 5876 5877 5864
f 5619 5878 5877 5618
f 5864 5877 5878 5865
f 5620 5879 5878 5619
f 5865 5878 5879 5866
f 5621 5880 5879 5620
f 5866 5879 5880 5867
f 5604 5868 5881 5622
f 5622 5881 5880 5621
f 5867 5880 5881 5868
f 5626 5882 5872 5610
f 5611 5873 5883 5627
f 5634 5884 5882 5626
f 5627 5883 5885 5635
f 5636 5886 5884 5634
f 5635 5885 5887 5638
f 5639 5888 5886 5636
f 5638 5887 5889 5642
f 5643 5890 5888 5639
f 5642 5889 5891 5645
f 5646 5892 5890 5643
f 5645 5891 5893 5647
f 5648 5894 5892 5646
f 5647 5893 5895 5649
f 5650 5896 5894 5648
f 5649 5895 5897 5651
f 5652 5898 5896 5650
f 5651 5897 5899 5653
f 5654 5900 5898 5652
f 5653 5899 5901 5655
f 5655 5901 5902 5656
f 5658 5904 5900 5654
f 5657 5903 5904 5658
f 5656 5902 5905 5660
f 5661 5906 5903 5657
f 5660 5905 5907 5663
f 5664 5908 5906 5661
f 5663 5907 5909 5665
f 5665 5909 5910 5666
f 5668 5912 5908 5664
f 5667 5911 5912 5668
f 5666 5910 5913 5669
f 5670 5914 5911 5667
f 5669 5913 5915 5671
f 5671 5915 5916 5672
f 5674 5918 5914 5670
f 5673 5917 5918 5674
f 5672 5916 5919 5675
f 5676 5920 5917 5673
f 5675 5919 5921 5677
f 5677 5921 5922 5678
f 5680 5924 5920 5676
f 5679 5923 5924 5680
f 5678 5922 5925 5681
f 5681 5925 5926 5682
f 5684 5928 5923 5679
f 5683 5927 5928 5684
f 5682 5926 5929 5686
f 5687 5930 5927 5683
f 5686 5929 5931 5689
f 5689 5931 5932 5690
f 5692 5934 5930 5687
f 5691 5933 5934 5692
f 5690 5932 5935 5693
f 5693 5935 5936 5694
f 5696 5938 5933 5691
f 5695 5937 5938 5696
f 5694 5936 5939 5697
f 5697 5939 5940 5698
f 5700 5942 5937 5695
f 5699 5941 5942 5700
f 5698 5940 5943 5701
f 5701 5943 5944 5702
f 5702 5944 5945 5703
f 5704 5946 5947 5705
f 5706 5948 5941 5699
f 5705 5947 5948 5706
f 5703 5945 5949 5708
f 5708 5949 5950 5709
f 5711 5952 5946 5704
f 5710 5951 5952 5711
f 5709 5950 5953 5713
f 5713 5953 5954 5714
f 5714 5954 5955 5715
f 5716 5956 5957 5717
f 5718 5958 5951 5710
f 5717 5957 5958 5718
f 5715 5955 5959 5719
f 5719 5959 5960 5720
f 5720 5960 5961 5721
f 5722 5962 5963 5723
f 5724 5964 5956 5716
f 5723 5963 5964 5724
f 5721 5961 5965 5725
f 5725 5965 5966 5726
f 5726 5966 5967 5727
f 5727 5967 5968 5728
f 5729 5969 5970 5730
f 5730 5970 5971 5731
f 5732 5972 5962 5722
f 5731 5971 5972 5732
f 5728 5968 5973 5734
f 5734 5973 5974 5735
f 5735 5974 5975 5736
f 5736 5975 5976 5737
f 5737 5976 5977 5738
f 5738 5977 5978 5739
f 5739 5978 5979 5740
f 5740 5979 5980 5741
f 5741 5980 5981 5742
f 5742 5981 5982 5743
f 5743 5982 5983 5744
f 5744 5983 5984 5745
f 5745 5984 5985 5746
f 5747 5986 5969 5729
f 5746 5985 5986 5747
f 5752 5989 5988 5751
f 5753 5990 5989 5752
f 5754 5991 5990 5753
f 5755 5992 5991 5754
f 5756 5993 5992 5755
f 5751 5988 5995 5757
f 5987 5994 5995 5988
f 5759 5996 5993 5756
f 5760 5997 5996 5759
f 5761 5998 5997 5760
f 5762 5999 5998 5761
f 5757 5995 6001 5763
f 5994 6000 6001 5995
f 5765 6002 5999 5762
f 5766 6003 6002 5765
f 5767 6004 6003 5766
f 5763 6001 6006 5768
f 6000 6005 6006 6001
f 5770 6007 6004 5767
f 5771 6008 6007 5770
f 5772 6009 6008 5771
f 5768 6006 6011 5773
f 6005 6010 6011 6006
f 5775 6012 6009 5772
f 5776 6013 6012 5775
f 5773 6011 6016 5777
f 6010 6015 6016 6011
f 5779 6017 6013 5776
f 5780 6018 6017 5779
f 5781 6019 6018 5780
f 6014 6020 6021 6015
f 5777 6016 6022 5783
f 5783 6022 6021 5782
f 6015 6021 6022 6016
f 5785 6024 6019 5781
f 6019 6024 6023 6018
f 5786 6025 6024 5785
f 5782 6021 6027 5787
f 6020 6026 6027 6021
f 5789 6028 6025 5786
f 5790 6029 6028 5789
f 5787 6027 6031 5791
f 6026 6030 6031 6027
f 5793 6032 6029 5790
f 5794 6033 6032 5793
f 5791 6031 6036 5796
f 5796 6036 6035 5795
f 6030 6035 6036 6031
f 5798 6038 6033 5794
f 6033 6038 6037 6032
f 5795 6035 6040 5799
f 6034 6039 6040 6035
f 5801 6041 6038 5798
f 5802 6042 6041 5801
f 5799 6040 6045 5804
f 5804 6045 6044 5803
f 6039 6044 6045 6040
f 5806 6046 6042 5802
f 5807 6047 6046 5806
f 5803 6044 6050 5808
f 6043 6049 6050 6044
f 5810 6051 6047 5807
f 6048 6053 6054 6049
f 5808 6050 6055 5812
f 5812 6055 6054 5811
f 6049 6054 6055 6050
f 5814 6056 6051 5810
f 5815 6057 6056 5814
f 6052 6059 6060 6053
f 5811 6054 6061 5817
f 5817 6061 6060 5816
f 6053 6060 6061 6054
f 5819 6062 6057 5815
f 6058 6064 6065 6059
f 5816 6060 6066 5821
f 5821 6066 6065 5820
f 6059 6065 6066 6060
f 5823 6067 6062 5819
f 5824 6068 6067 5823
f 6063 6070 6071 6064
f 5820 6065 6072 5826
f 5826 6072 6071 5825
f 6064 6071 6072 6065
f 5828 6073 6068 5824
f 5830 6079 6078 5829
f 6069 6078 6079 6070
f 5825 6071 6080 5831
f 5831 6080 6079 5830
f 6070 6079 6080 6071
f 5833 6081 6073 5828
f 5835 6083 6082 5834
f 5836 6084 6083 5835
f 6074 6083 6084 6075
f 5838 6094 6093 5837
f 6076 6093 6094 6077
f 5829 6078 6095 5839
f 5839 6095 6094 5838
f 6077 6094 6095 6078
f 5842 6096 6081 5833
f 5843 6097 6096 5842
f 5834 6082 6098 5844
f 5846 6099 6084 5836
f 5847 6100 6099 5846
f 6084 6099 6100 6085
f 5848 6101 6100 5847
f 6085 6100 6101 6086
f 5849 6102 6101 5848
f 6086 6101 6102 6087
f 6087 6102 6103 6088
f 6089 6108 6109 6090
f 5851 6110 6109 5850
f 6090 6109 6110 6091
f 5852 6111 6110 5851
f 6091 6110 6111 6092
f 5837 6093 6112 5853
f 5853 6112 6111 5852
f 6092 6111 6112 6093
f 5856 6113 6097 5843
f 5844 6098 6114 5857
f 5861 6115 6102 5849
f 5862 6116 6115 5861
f 6102 6115 6116 6103
f 5863 6117 6116 5862
f 6103 6116 6117 6104
f 5864 6118 6117 5863
f 6104 6117 6118 6105
f 5865 6119 6118 5864
f 6105 6118 6119 6106
f 5866 6120 6119 5865
f 6106 6119 6120 6107
f 5867 6121 6120 5866
f 6107 6120 6121 6108
f 5850 6109 6122 5868
f 5868 6122 6121 5867
f 6108 6121 6122 6109
f 5872 6123 6113 5856
f 5857 6114 6124 5873
f 5882 6125 6123 5872
f 5873 6124 6126 5883
f 5884 6127 6125 5882
f 5883 6126 6128 5885
f 5886 6129 6127 5884
f 5885 6128 6130 5887
f 5888 6131 6129 5886
f 5887 6130 6132 5889
f 5890 6133 6131 5888
f 5889 6132 6134 5891
f 5892 6135 6133 5890
f 5891 6134 6136 5893
f 5894 6137 6135 5892
f 5893 6136 6138 5895
f 5896 6139 6137 5894
f 5895 6138 6140 5897
f 5898 6141 6139 5896
f 5897 6140 6142 5899
f 5900 6143 6141 5898
f 5899 6142 6144 5901
f 5901 6144 6145 5902
f 5904 6147 6143 5900
f 5903 6146 6147 5904
f 5902 6145 6148 5905
f 5906 6149 6146 5903
f 5905 6148 6150 5907
f 5908 6151 6149 5906
f 5907 6150 6152 5909
f 5909 6152 6153 5910
f 5912 6155 6151 5908
f 5911 6154 6155 5912
f 5910 6153 6156 5913
f 5914 6157 6154 5911
f 5913 6156 6158 5915
f 5915 6158 6159 5916
f 5918 6161 6157 5914
f 5917 6160 6161 5918
f 5916 6159 6162 5919
f 5920 6163 6160 5917
f 5919 6162 6164 5921
f 5921 6164 6165 5922
f 5924 6167 6163 5920
f 5923 6166 6167 5924
f 5922 6165 6168 5925
f 5925 6168 6169 5926
f 5928 6171 6166 5923
f 5927 6170 6171 5928
f 5926 6169 6172 5929
f 5930 6175 6170 5927
f 5929 6172 6176 5931
f 5931 6176 6177 5932
f 6173 6177 6176 6172
f 5934 6179 6175 5930
f 5933 6178 6179 5934
f 6175 6179 6178 6174
f 5932 6177 6180 5935
f 5935 6180 6181 5936
f 5938 6183 6178 5933
f 5937 6182 6183 5938
f 5936 6181 6184 5939
f 5939 6184 6185 5940
f 5942 6189 6182 5937
f 5941 6188 6189 5942
f 5940 6185 6190 5943
f 5943 6190 6191 5944
f 6186 6191 6190 6185
f 5944 6191 6192 5945
f 5946 6193 6194 5947
f 5948 6195 6188 5941
f 5947 6194 6195 5948
f 6188 6195 6194 6187
f 5945 6192 6196 5949
f 5949 6196 6197 5950
f 5952 6199 6193 5946
f 5951 6198 6199 5952
f 5950 6197 6200 5953
f 5953 6200 6201 5954
f 5954 6201 6202 5955
f 5956 6203 6204 5957
f 5958 6205 6198 5951
f 5957 6204 6205 5958
f 5955 6202 6206 5959
f 5959 6206 6207 5960
f 5960 6207 6208 5961
f 5962 6209 6210 5963
f 5964 6211 6203 5956
f 5963 6210 6211 5964
f 5961 6208 6212 5965
f 5965 6212 6213 5966
f 5966 6213 6214 5967
f 5967 6214 6215 5968
f 5969 6216 6217 5970
f 5970 6217 6218 5971
f 5972 6219 6209 5962
f 5971 6218 6219 5972
f 5968 6215 6220 5973
f 5973 6220 6221 5974
f 5974 6221 6222 5975
f 5975 6222 6223 5976
f 5976 6223 6224 5977
f 5977 6224 6225 5978
f 5978 6225 6226 5979
f 5979 6226 6227 5980
f 5980 6227 6228 5981
f 5981 6228 6229 5982
f 5982 6229 6230 5983
f 5983 6230 6231 5984
f 5984 6231 6232 5985
f 5986 6233 6216 5969
f 5985 6232 6233 5986
f 5988 6237 6236 5987
f 5989 6238 6237 5988
f 5990 6239 6238 5989
f 5991 6240 6239 5990
f 5992 6241 6240 5991
f 5993 6242 6241 5992
f 6234 6243 6244 6235
f 5987 6236 6245 5994
f 6235 6244 6245 6236
f 5996 6247 6242 5993
f 6242 6247 6246 6241
f 5997 6248 6247 5996
f 5998 6249 6248 5997
f 5999 6250 6249 5998
f 6243 6251 6252 6244
f 5994 6245 6253 6000
f 6244 6252 6253 6245
f 6002 6255 6250 5999
f 6250 6255 6254 6249
f 6003 6256 6255 6002
f 6004 6257 6256 6003
f 6251 6258 6259 6252
f 6000 6253 6260 6005
f 6252 6259 6260 6253
f 6007 6261 6257 6004
f 6008 6262 6261 6007
f 6009 6263 6262 6008
f 6258 6264 6265 6259
f 6005 6260 6266 6010
f 6259 6265 6266 6260
f 6012 6268 6263 6009
f 6263 6268 6267 6262
f 6013 6269 6268 6012
f 6264 6270 6271 6265
f 6010 6266 6272 6015
f 6015 6272 6271 6014
f 6265 6271 6272 6266
f 6017 6273 6269 6013
f 6018 6274 6273 6017
f 6014 6271 6276 6020
f 6270 6275 6276 6271
f 6023 6277 6274 6018
f 6024 6278 6277 6023
f 6025 6279 6278 6024
f 6020 6276 6281 6026
f 6275 6280 6281 6276
f 6028 6283 6279 6025
f 6279 6283 6282 6278
f 6029 6284 6283 6028
f 6026 6281 6287 6030
f 6280 6286 6287 6281
f 6032 6289 6284 6029
f 6284 6289 6288 6283
f 6285 6290 6291 6286
f 6030 6287 6292 6035
f 6035 6292 6291 6034
f 6286 6291 6292 6287
f 6037 6293 6289 6032
f 6038 6294 6293 6037
f 6034 6291 6297 6039
f 6290 6296 6297 6291
f 6041 6298 6294 6038
f 6042 6299 6298 6041
f 6295 6301 6302 6296
f 6039 6297 6303 6044
f 6044 6303 6302 6043
f 6296 6302 6303 6297
f 6046 6304 6299 6042
f 6047 6305 6304 6046
f 6300 6306 6307 6301
f 6043 6302 6308 6049
f 6049 6308 6307 6048
f 6301 6307 6308 6302
f 6051 6310 6305 6047
f 6305 6310 6309 6304
f 6048 6307 6313 6053
f 6053 6313 6312 6052
f 6306 6312 6313 6307
f 6056 6314 6310 6051
f 6057 6315 6314 6056
f 6052 6312 6319 6059
f 6059 6319 6318 6058
f 6311 6318 6319 6312
f 6062 6320 6315 6057
f 6316 6322 6323 6317
f 6058 6318 6324 6064
f 6064 6324 6323 6063
f 6317 6323 6324 6318
f 6067 6325 6320 6062
f 6068 6326 6325 6067
f 6321 6332 6333 6322
f 6063 6323 6334 6070
f 6070 6334 6333 6069
f 6322 6333 6334 6323
f 6073 6336 6326 6068
f 6326 6336 6335 6325
f 6075 6338 6337 6074
f 6327 6337 6338 6328
f 6328 6338 6339 6329
f 6330 6350 6351 6331
f 6077 6352 6351 6076
f 6331 6351 6352 6332
f 6069 6333 6353 6078
f 6078 6353 6352 6077
f 6332 6352 6353 6333
f 6081 6354 6336 6073
f 6074 6337 6356 6083
f 6083 6356 6355 6082
f 6084 6357 6338 6075
f 6085 6358 6357 6084
f 6338 6357 6358 6339
f 6086 6359 6358 6085
f 6339 6358 6359 6340
f 6087 6360 6359 6086
f 6340 6359 6360 6341
f 6088 6361 6360 6087
f 6341 6360 6361 6342
f 6342 6361 6362 6343
f 6343 6362 6363 6344
f 6344 6363 6364 6345
f 6345 6364 6365 6346
f 6346 6365 6366 6347
f 6090 6367 6366 6089
f 6347 6366 6367 6348
f 6091 6368 6367 6090
f 6348 6367 6368 6349
f 6092 6369 6368 6091
f 6349 6368 6369 6350
f 6076 6351 6370 6093
f 6093 6370 6369 6092
f 6350 6369 6370 6351
f 6096 6371 6354 6081
f 6097 6372 6371 6096
f 6082 6355 6373 6098
f 6356 6374 6373 6355
f 6103 6375 6361 6088
f 6104 6376 6375 6103
f 6361 6375 6376 6362
f 6105 6377 6376 6104
f 6362 6376 6377 6363
f 6106 6378 6377 6105
f 6363 6377 6378 6364
f 6107 6379 6378 6106
f 6364 6378 6379 6365
f 6089 6366 6380 6108
f 6108 6380 6379 6107
f 6365 6379 6380 6366
f 6113 6382 6372 6097
f 6372 6382 6381 6371
f 6098 6373 6383 6114
f 6123 6384 6382 6113
f 6114 6383 6385 6124
f 6125 6386 6384 6123
f 6124 6385 6387 6126
f 6127 6388 6386 6125
f 6126 6387 6389 6128
f 6129 6390 6388 6127
f 6128 6389 6391 6130
f 6131 6392 6390 6129
f 6130 6391 6393 6132
f 6133 6394 6392 6131
f 6132 6393 6395 6134
f 6135 6396 6394 6133
f 6134 6395 6397 6136
f 6137 6398 6396 6135
f 6136 6397 6399 6138
f 6139 6400 6398 6137
f 6138 6399 6401 6140
f 6141 6402 6400 6139
f 6140 6401 6403 6142
f 6143 6406 6402 6141
f 6142 6403 6407 6144
f 6144 6407 6408 6145
f 6404 6408 6407 6403
f 6147 6410 6406 6143
f 6146 6409 6410 6147
f 6406 6410 6409 6405
f 6145 6408 6411 6148
f 6149 6412 6409 6146
f 6148 6411 6413 6150
f 6151 6416 6412 6149
f 6150 6413 6417 6152
f 6152 6417 6418 6153
f 6414 6418 6417 6413
f 6155 6420 6416 6151
f 6154 6419 6420 6155
f 6416 6420 6419 6415
f 6153 6418 6421 6156
f 6157 6422 6419 6154
f 6156 6421 6423 6158
f 6158 6423 6424 6159
f 6161 6426 6422 6157
f 6160 6425 6426 6161
f 6159 6424 6427 6162
f 6163 6430 6425 6160
f 6162 6427 6431 6164
f 6164 6431 6432 6165
f 6428 6432 6431 6427
f 6167 6434 6430 6163
f 6166 6433 6434 6167
f 6430 6434 6433 6429
f 6165 6432 6435 6168
f 6168 6435 6436 6169
f 6171 6438 6433 6166
f 6170 6437 6438 6171
f 6169 6436 6439 6172
f 6172 6439 6440 6173
f 6175 6442 6437 6170
f 6174 6441 6442 6175
f 6173 6440 6443 6177
f 6178 6446 6441 6174
f 6177 6443 6447 6180
f 6180 6447 6448 6181
f 6444 6448 6447 6443
f 6183 6452 6446 6178
f 6182 6451 6452 6183
f 6446 6452 6451 6445
f 6181 6448 6453 6184
f 6184 6453 6454 6185
f 6449 6454 6453 6448
f 6185 6454 6455 6186
f 6187 6456 6457 6188
f 6189 6458 6451 6182
f 6188 6457 6458 6189
f 6451 6458 6457 6450
f 6186 6455 6459 6191
f 6191 6459 6460 6192
f 6194 6462 6456 6187
f 6193 6461 6462 6194
f 6192 6460 6463 6196
f 6196 6463 6464 6197
f 6199 6468 6461 6193
f 6198 6467 6468 6199
f 6197 6464 6469 6200
f 6200 6469 6470 6201
f 6465 6470 6469 6464
f 6201 6470 6471 6202
f 6203 6472 6473 6204
f 6205 6474 6467 6198
f 6204 6473 6474 6205
f 6467 6474 6473 6466
f 6202 6471 6475 6206
f 6206 6475 6476 6207
f 6207 6476 6477 6208
f 6209 6480 6481 6210
f 6211 6482 6472 6203
f 6210 6481 6482 6211
f 6208 6477 6483 6212
f 6212 6483 6484 6213
f 6478 6484 6483 6477
f 6213 6484 6485 6214
f 6214 6485 6486 6215
f 6216 6489 6490 6217
f 6217 6490 6491 6218
f 6219 6492 6480 6209
f 6218 6491 6492 6219
f 6480 6492 6491 6479
f 6215 6486 6493 6220
f 6220 6493 6494 6221
f 6487 6494 6493 6486
f 6221 6494 6495 6222
f 6222 6495 6496 6223
f 6223 6496 6497 6224
f 6224 6497 6498 6225
f 6225 6498 6499 6226
f 6226 6499 6500 6227
f 6227 6500 6501 6228
f 6228 6501 6502 6229
f 6229 6502 6503 6230
f 6230 6503 6504 6231
f 6231 6504 6505 6232
f 6233 6506 6489 6216
f 6232 6505 6506 6233
f 6489 6506 6505 6488
f 6235 6509 6508 6234
f 6236 6510 6509 6235
f 6237 6511 6510 6236
f 6238 6512 6511 6237
f 6239 6513 6512 6238
f 6240 6514 6513 6239
f 6241 6515 6514 6240
f 6234 6508 6517 6243
f 6507 6516 6517 6508
f 6246 6519 6515 6241
f 6515 6519 6518 6514
f 6247 6520 6519 6246
f 6248 6521 6520 6247
f 6249 6522 6521 6248
f 6243 6517 6524 6251
f 6516 6523 6524 6517
f 6254 6525 6522 6249
f 6255 6526 6525 6254
f 6256 6527 6526 6255
f 6257 6528 6527 6256
f 6251 6524 6530 6258
f 6523 6529 6530 6524
f 6261 6532 6528 6257
f 6528 6532 6531 6527
f 6262 6533 6532 6261
f 6258 6530 6535 6264
f 6529 6534 6535 6530
f 6267 6536 6533 6262
f 6268 6537 6536 6267
f 6269 6538 6537 6268
f 6264 6535 6540 6270
f 6534 6539 6540 6535
f 6273 6541 6538 6269
f 6274 6542 6541 6273
f 6270 6540 6545 6275
f 6539 6544 6545 6540
f 6277 6546 6542 6274
f 6278 6547 6546 6277
f 6543 6548 6549 6544
f 6275 6545 6550 6280
f 6544 6549 6550 6545
f 6282 6551 6547 6278
f 6283 6552 6551 6282
f 6548 6553 6554 6549
f 6280 6550 6555 6286
f 6286 6555 6554 6285
f 6549 6554 6555 6550
f 6288 6556 6552 6283
f 6289 6557 6556 6288
f 6285 6554 6560 6290
f 6553 6559 6560 6554
f 6293 6561 6557 6289
f 6294 6562 6561 6293
f 6558 6564 6565 6559
f 6290 6560 6566 6296
f 6296 6566 6565 6295
f 6559 6565 6566 6560
f 6298 6567 6562 6294
f 6299 6568 6567 6298
f 6563 6569 6570 6564
f 6295 6565 6571 6301
f 6301 6571 6570 6300
f 6564 6570 6571 6565
f 6304 6572 6568 6299
f 6300 6570 6575 6306
f 6569 6574 6575 6570
f 6309 6576 6572 6304
f 6310 6577 6576 6309
f 6573 6580 6581 6574
f 6306 6575 6582 6312
f 6312 6582 6581 6311
f 6574 6581 6582 6575
f 6314 6583 6577 6310
f 6315 6584 6583 6314
f 6578 6586 6587 6579
f 6317 6588 6587 6316
f 6579 6587 6588 6580
f 6311 6581 6589 6318
f 6318 6589 6588 6317
f 6580 6588 6589 6581
f 6320 6591 6584 6315
f 6584 6591 6590 6583
f 6585 6599 6600 6586
f 6316 6587 6601 6322
f 6322 6601 6600 6321
f 6586 6600 6601 6587
f 6325 6602 6591 6320
f 6328 6604 6603 6327
f 6329 6605 6604 6328
f 6592 6604 6605 6593
f 6593 6605 6606 6594
f 6594 6606 6607 6595
f 6596 6614 6615 6597
f 6597 6615 6616 6598
f 6331 6617 6616 6330
f 6598 6616 6617 6599
f 6321 6600 6618 6332
f 6332 6618 6617 6331
f 6599 6617 6618 6600
f 6335 6619 6602 6325
f 6336 6620 6619 6335
f 6327 6603 6621 6337
f 6339 6622 6605 6329
f 6340 6623 6622 6339
f 6605 6622 6623 6606
f 6341 6624 6623 6340
f 6606 6623 6624 6607
f 6342 6625 6624 6341
f 6607 6624 6625 6608
f 6343 6626 6625 6342
f 6608 6625 6626 6609
f 6344 6627 6626 6343
f 6609 6626 6627 6610
f 6345 6628 6627 6344
f 6610 6627 6628 6611
f 6346 6629 6628 6345
f 6611 6628 6629 6612
f 6347 6630 6629 6346
f 6612 6629 6630 6613
f 6348 6631 6630 6347
f 6613 6630 6631 6614
f 6349 6632 6631 6348
f 6614 6631 6632 6615
f 6330 6616 6633 6350
f 6350 6633 6632 6349
f 6615 6632 6633 6616
f 6354 6634 6620 6336
f 6337 6621 6635 6356
f 6371 6636 6634 6354
f 6356 6635 6638 6374
f 6374 6638 6637 6373
f 6381 6639 6636 6371
f 6382 6640 6639 6381
f 6373 6637 6641 6383
f 6638 6642 6641 6637
f 6384 6644 6640 6382
f 6640 6644 6643 6639
f 6383 6641 6645 6385
f 6386 6646 6644 6384
f 6385 6645 6647 6387
f 6388 6648 6646 6386
f 6387 6647 6649 6389
f 6390 6650 6648 6388
f 6389 6649 6651 6391
f 6392 6652 6650 6390
f 6391 6651 6653 6393
f 6394 6654 6652 6392
f 6393 6653 6655 6395
f 6396 6656 6654 6394
f 6395 6655 6657 6397
f 6398 6658 6656 6396
f 6397 6657 6659 6399
f 6400 6660 6658 6398
f 6399 6659 6661 6401
f 6402 6664 6660 6400
f 6401 6661 6665 6403
f 6403 6665 6666 6404
f 6662 6666 6665 6661
f 6406 6668 6664 6402
f 6405 6667 6668 6406
f 6664 6668 6667 6663
f 6404 6666 6669 6408
f 6409 6670 6667 6405
f 6408 6669 6671 6411
f 6412 6672 6670 6409
f 6411 6671 6673 6413
f 6413 6673 6674 6414
f 6416 6676 6672 6412
f 6415 6675 6676 6416
f 6414 6674 6677 6418
f 6419 6678 6675 6415
f 6418 6677 6679 6421
f 6422 6682 6678 6419
f 6421 6679 6683 6423
f 6423 6683 6684 6424
f 6680 6684 6683 6679
f 6426 6686 6682 6422
f 6425 6685 6686 6426
f 6682 6686 6685 6681
f 6424 6684 6687 6427
f 6427 6687 6688 6428
f 6430 6690 6685 6425
f 6429 6689 6690 6430
f 6428 6688 6691 6432
f 6433 6692 6689 6429
f 6432 6691 6693 6435
f 6435 6693 6694 6436
f 6438 6696 6692 6433
f 6437 6695 6696 6438
f 6436 6694 6697 6439
f 6439 6697 6698 6440
f 6442 6700 6695 6437
f 6441 6699 6700 6442
f 6440 6698 6701 6443
f 6443 6701 6702 6444
f 6446 6704 6699 6441
f 6445 6703 6704 6446
f 6444 6702 6705 6448
f 6448 6705 6706 6449
f 6451 6708 6703 6445
f 6450 6707 6708 6451
f 6449 6706 6709 6454
f 6454 6709 6710 6455
f 6457 6712 6707 6450
f 6456 6711 6712 6457
f 6455 6710 6713 6459
f 6459 6713 6714 6460
f 6462 6716 6711 6456
f 6461 6715 6716 6462
f 6460 6714 6717 6463
f 6463 6717 6718 6464
f 6464 6718 6719 6465
f 6466 6720 6721 6467
f 6468 6722 6715 6461
f 6467 6721 6722 6468
f 6465 6719 6723 6470
f 6470 6723 6724 6471
f 6473 6728 6720 6466
f 6472 6727 6728 6473
f 6471 6724 6729 6475
f 6475 6729 6730 6476
f 6725 6730 6729 6724
f 6476 6730 6731 6477
f 6477 6731 6732 6478
f 6479 6733 6734 6480
f 6480 6734 6735 6481
f 6482 6736 6727 6472
f 6481 6735 6736 6482
f 6727 6736 6735 6726
f 6478 6732 6737 6484
f 6484 6737 6738 6485
f 6485 6738 6739 6486
f 6486 6739 6740 6487
f 6488 6743 6744 6489
f 6489 6744 6745 6490
f 6491 6746 6733 6479
f 6490 6745 6746 6491
f 6487 6740 6747 6494
f 6494 6747 6748 6495
f 6741 6748 6747 6740
f 6495 6748 6749 6496
f 6496 6749 6750 6497
f 6497 6750 6751 6498
f 6498 6751 6752 6499
f 6499 6752 6753 6500
f 6500 6753 6754 6501
f 6501 6754 6755 6502
f 6502 6755 6756 6503
f 6503 6756 6757 6504
f 6505 6758 6743 6488
f 6504 6757 6758 6505
f 6743 6758 6757 6742
f 6508 6761 6760 6507
f 6509 6762 6761 6508
f 6510 6763 6762 6509
f 6511 6764 6763 6510
f 6512 6765 6764 6511
f 6513 6766 6765 6512
f 6514 6767 6766 6513
f 6507 6760 6770 6516
f 6759 6769 6770 6760
f 6518 6772 6767 6514
f 6767 6772 6771 6766
f 6519 6773 6772 6518
f 6520 6774 6773 6519
f 6521 6775 6774 6520
f 6522 6776 6775 6521
f 6768 6777 6778 6769
f 6516 6770 6779 6523
f 6769 6778 6779 6770
f 6525 6781 6776 6522
f 6776 6781 6780 6775
f 6526 6782 6781 6525
f 6527 6783 6782 6526
f 6777 6784 6785 6778
f 6523 6779 6786 6529
f 6778 6785 6786 6779
f 6531 6787 6783 6527
f 6532 6788 6787 6531
f 6533 6789 6788 6532
f 6784 6790 6791 6785
f 6529 6786 6792 6534
f 6785 6791 6792 6786
f 6536 6793 6789 6533
f 6537 6794 6793 6536
f 6538 6795 6794 6537
f 6790 6796 6797 6791
f 6534 6792 6798 6539
f 6791 6797 6798 6792
f 6541 6800 6795 6538
f 6795 6800 6799 6794
f 6542 6801 6800 6541
f 6796 6802 6803 6797
f 6539 6798 6804 6544
f 6544 6804 6803 6543
f 6797 6803 6804 6798
f 6546 6805 6801 6542
f 6547 6806 6805 6546
f 6543 6803 6809 6548
f 6802 6808 6809 6803
f 6551 6810 6806 6547
f 6552 6811 6810 6551
f 6807 6812 6813 6808
f 6548 6809 6814 6553
f 6808 6813 6814 6809
f 6556 6815 6811 6552
f 6557 6816 6815 6556
f 6812 6818 6819 6813
f 6553 6814 6820 6559
f 6559 6820 6819 6558
f 6813 6819 6820 6814
f 6561 6821 6816 6557
f 6562 6822 6821 6561
f 6817 6824 6825 6818
f 6558 6819 6826 6564
f 6564 6826 6825 6563
f 6818 6825 6826 6819
f 6567 6827 6822 6562
f 6568 6828 6827 6567
f 6823 6830 6831 6824
f 6563 6825 6832 6569
f 6824 6831 6832 6825
f 6572 6834 6828 6568
f 6828 6834 6833 6827
f 6829 6836 6837 6830
f 6830 6837 6838 6831
f 6569 6832 6839 6574
f 6574 6839 6838 6573
f 6831 6838 6839 6832
f 6576 6840 6834 6572
f 6577 6841 6840 6576
f 6835 6846 6847 6836
f 6579 6848 6847 6578
f 6836 6847 6848 6837
f 6573 6838 6849 6580
f 6580 6849 6848 6579
f 6837 6848 6849 6838
f 6583 6850 6841 6577
f 6842 6852 6853 6843
f 6844 6862 6863 6845
f 6845 6863 6864 6846
f 6578 6847 6865 6586
f 6586 6865 6864 6585
f 6846 6864 6865 6847
f 6590 6866 6850 6583
f 6591 6867 6866 6590
f 6593 6869 6868 6592
f 6851 6868 6869 6852
f 6594 6870 6869 6593
f 6852 6869 6870 6853
f 6595 6871 6870 6594
f 6853 6870 6871 6854
f 6854 6871 6872 6855
f 6855 6872 6873 6856
f 6856 6873 6874 6857
f 6857 6874 6875 6858
f 6858 6875 6876 6859
f 6859 6876 6877 6860
f 6860 6877 6878 6861
f 6597 6879 6878 6596
f 6861 6878 6879 6862
f 6598 6880 6879 6597
f 6862 6879 6880 6863
f 6585 6864 6881 6599
f 6599 6881 6880 6598
f 6863 6880 6881 6864
f 6602 6882 6867 6591
f 6592 6868 6884 6604
f 6604 6884 6883 6603
f 6607 6885 6871 6595
f 6608 6886 6885 6607
f 6871 6885 6886 6872
f 6609 6887 6886 6608
f 6872 6886 6887 6873
f 6610 6888 6887 6609
f 6873 6887 6888 6874
f 6611 6889 6888 6610
f 6874 6888 6889 6875
f 6612 6890 6889 6611
f 6875 6889 6890 6876
f 6613 6891 6890 6612
f 6876 6890 6891 6877
f 6596 6878 6892 6614
f 6614 6892 6891 6613
f 6877 6891 6892 6878
f 6619 6893 6882 6602
f 6620 6894 6893 6619
f 6603 6883 6895 6621
f 6884 6896 6895 6883
f 6634 6898 6894 6620
f 6894 6898 6897 6893
f 6621 6895 6899 6635
f 6636 6900 6898 6634
f 6635 6899 6901 6638
f 6639 6902 6900 6636
f 6638 6901 6904 6642
f 6642 6904 6903 6641
f 6643 6905 6902 6639
f 6644 6906 6905 6643
f 6641 6903 6907 6645
f 6904 6908 6907 6903
f 6646 6910 6906 6644
f 6906 6910 6909 6905
f 6645 6907 6911 6647
f 6648 6912 6910 6646
f 6647 6911 6913 6649
f 6650 6914 6912 6648
f 6649 6913 6915 6651
f 6652 6916 6914 6650
f 6651 6915 6917 6653
f 6654 6918 6916 6652
f 6653 6917 6919 6655
f 6656 6920 6918 6654
f 6655 6919 6921 6657
f 6658 6922 6920 6656
f 6657 6921 6923 6659
f 6660 6926 6922 6658
f 6659 6923 6927 6661
f 6661 6927 6928 6662
f 6924 6928 6927 6923
f 6664 6930 6926 6660
f 6663 6929 6930 6664
f 6926 6930 6929 6925
f 6662 6928 6931 6666
f 6667 6932 6929 6663
f 6666 6931 6933 6669
f 6670 6934 6932 6667
f 6669 6933 6935 6671
f 6672 6938 6934 6670
f 6671 6935 6939 6673
f 6673 6939 6940 6674
f 6936 6940 6939 6935
f 6676 6942 6938 6672
f 6675 6941 6942 6676
f 6938 6942 6941 6937
f 6674 6940 6943 6677
f 6678 6944 6941 6675
f 6677 6943 6945 6679
f 6679 6945 6946 6680
f 6682 6948 6944 6678
f 6681 6947 6948 6682
f 6680 6946 6949 6684
f 6685 6950 6947 6681
f 6684 6949 6951 6687
f 6687 6951 6952 6688
f 6690 6954 6950 6685
f 6689 6953 6954 6690
f 6688 6952 6955 6691
f 6692 6958 6953 6689
f 6691 6955 6959 6693
f 6693 6959 6960 6694
f 6956 6960 6959 6955
f 6696 6962 6958 6692
f 6695 6961 6962 6696
f 6958 6962 6961 6957
f 6694 6960 6963 6697
f 6697 6963 6964 6698
f 6700 6966 6961 6695
f 6699 6965 6966 6700
f 6698 6964 6967 6701
f 6701 6967 6968 6702
f 6704 6970 6965 6699
f 6703 6969 6970 6704
f 6702 6968 6971 6705
f 6705 6971 6972 6706
f 6708 6974 6969 6703
f 6707 6973 6974 6708
f 6706 6972 6975 6709
f 6709 6975 6976 6710
f 6712 6978 6973 6707
f 6711 6977 6978 6712
f 6710 6976 6979 6713
f 6713 6979 6980 6714
f 6716 6984 6977 6711
f 6715 6983 6984 6716
f 6714 6980 6985 6717
f 6717 6985 6986 6718
f 6981 6986 6985 6980
f 6718 6986 6987 6719
f 6720 6988 6989 6721
f 6722 6990 6983 6715
f 6721 6989 6990 6722
f 6983 6990 6989 6982
f 6719 6987 6991 6723
f 6723 6991 6992 6724
f 6724 6992 6993 6725
f 6726 6994 6995 6727
f 6728 6996 6988 6720
f 6727 6995 6996 6728
f 6725 6993 6997 6730
f 6730 6997 6998 6731
f 6731 6998 6999 6732
f 6733 7002 7003 6734
f 6735 7004 6994 6726
f 6734 7003 7004 6735
f 6732 6999 7005 6737
f 6737 7005 7006 6738
f 7000 7006 7005 6999
f 6738 7006 7007 6739
f 6739 7007 7008 6740
f 6740 7008 7009 6741
f 6742 7012 7013 6743
f 6743 7013 7014 6744
f 6744 7014 7015 6745
f 6746 7016 7002 6733
f 6745 7015 7016 6746
f 7002 7016 7015 7001
f 6741 7009 7017 6748
f 6748 7017 7018 6749
f 7010 7018 7017 7009
f 6749 7018 7019 6750
f 6750 7019 7020 6751
f 6751 7020 7021 6752
f 6752 7021 7022 6753
f 6753 7022 7023 6754
f 6754 7023 7024 6755
f 6755 7024 7025 6756
f 6757 7026 7012 6742
f 6756 7025 7026 6757
f 7012 7026 7025 7011
f 6760 7028 7027 6759
f 6761 7029 7028 6760
f 6762 7030 7029 6761
f 6763 7031 7030 6762
f 6764 7032 7031 6763
f 6765 7033 7032 6764
f 6766 7034 7033 6765
f 6759 7027 7038 6769
f 6769 7038 7037 6768
f 7028 7039 7038 7027
f 7029 7040 7039 7028
f 7030 7041 7040 7029
f 7032 7043 7042 7031
f 7033 7044 7043 7032
f 6771 7045 7034 6766
f 7034 7045 7044 7033
f 6772 7046 7045 6771
f 6773 7047 7046 6772
f 6774 7048 7047 6773
f 6775 7049 7048 6774
f 7035 7050 7051 7036
f 6768 7037 7052 6777
f 7036 7051 7052 7037
f 6780 7054 7049 6775
f 7049 7054 7053 7048
f 6781 7055 7054 6780
f 6782 7056 7055 6781
f 6783 7057 7056 6782
f 7050 7058 7059 7051
f 6777 7052 7060 6784
f 7051 7059 7060 7052
f 6787 7062 7057 6783
f 7057 7062 7061 7056
f 6788 7063 7062 6787
f 6789 7064 7063 6788
f 7058 7065 7066 7059
f 6784 7060 7067 6790
f 7059 7066 7067 7060
f 6793 7069 7064 6789
f 7064 7069 7068 7063
f 6794 7070 7069 6793
f 7065 7071 7072 7066
f 6790 7067 7073 6796
f 7066 7072 7073 7067
f 6799 7074 7070 6794
f 6800 7075 7074 6799
f 6801 7076 7075 6800
f 7071 7078 7079 7072
f 6796 7073 7080 6802
f 7072 7079 7080 7073
f 6805 7082 7076 6801
f 7076 7082 7081 7075
f 6806 7083 7082 6805
f 7077 7084 7085 7078
f 7078 7085 7086 7079
f 6802 7080 7087 6808
f 6808 7087 7086 6807
f 7079 7086 7087 7080
f 6810 7089 7083 6806
f 7083 7089 7088 7082
f 6811 7090 7089 6810
f 7084 7092 7093 7085
f 6807 7086 7094 6812
f 7085 7093 7094 7086
f 6815 7096 7090 6811
f 7090 7096 7095 7089
f 6816 7097 7096 6815
f 7091 7099 7100 7092
f 7092 7100 7101 7093
f 6812 7094 7102 6818
f 6818 7102 7101 6817
f 7093 7101 7102 7094
f 6821 7104 7097 6816
f 7097 7104 7103 7096
f 6822 7105 7104 6821
f 7098 7107 7108 7099
f 7099 7108 7109 7100
f 6817 7101 7110 6824
f 6824 7110 7109 6823
f 7100 7109 7110 7101
f 6827 7112 7105 6822
f 7105 7112 7111 7104
f 7106 7117 7118 7107
f 7107 7118 7119 7108
f 6823 7109 7120 6830
f 6830 7120 7119 6829
f 7108 7119 7120 7109
f 6833 7121 7112 6827
f 6834 7122 7121 6833
f 7113 7123 7124 7114
f 7115 7131 7132 7116
f 7116 7132 7133 7117
f 7117 7133 7134 7118
f 6829 7119 7135 6836
f 6836 7135 7134 6835
f 7118 7134 7135 7119
f 6840 7136 7122 6834
f 6841 7137 7136 6840
f 6843 7139 7138 6842
f 7123 7139 7140 7124
f 7124 7140 7141 7125
f 7125 7141 7142 7126
f 7126 7142 7143 7127
f 7127 7143 7144 7128
f 7128 7144 7145 7129
f 7129 7145 7146 7130
f 7130 7146 7147 7131
f 7131 7147 7148 7132
f 6845 7149 7148 6844
f 7132 7148 7149 7133
f 6835 7134 7150 6846
f 6846 7150 7149 6845
f 7133 7149 7150 7134
f 6850 7152 7137 6841
f 7137 7152 7151 7136
f 6842 7138 7154 6852
f 6852 7154 7153 6851
f 6853 7155 7139 6843
f 6854 7156 7155 6853
f 7139 7155 7156 7140
f 6855 7157 7156 6854
f 7140 7156 7157 7141
f 6856 7158 7157 6855
f 7141 7157 7158 7142
f 6857 7159 7158 6856
f 7142 7158 7159 7143
f 6858 7160 7159 6857
f 7143 7159 7160 7144
f 6859 7161 7160 6858
f 7144 7160 7161 7145
f 6860 7162 7161 6859
f 7145 7161 7162 7146
f 6861 7163 7162 6860
f 7146 7162 7163 7147
f 6844 7148 7164 6862
f 6862 7164 7163 6861
f 7147 7163 7164 7148
f 6866 7165 7152 6850
f 6867 7166 7165 6866
f 6851 7153 7167 6868
f 7154 7168 7167 7153
f 6882 7170 7166 6867
f 7166 7170 7169 7165
f 6868 7167 7171 6884
f 6893 7172 7170 6882
f 6884 7171 7174 6896
f 6896 7174 7173 6895
f 6897 7175 7172 6893
f 6898 7176 7175 6897
f 6895 7173 7177 6899
f 7174 7178 7177 7173
f 6900 7180 7176 6898
f 7176 7180 7179 7175
f 6899 7177 7181 6901
f 6902 7182 7180 6900
f 6901 7181 7183 6904
f 6905 7184 7182 6902
f 6904 7183 7186 6908
f 6908 7186 7185 6907
f 6909 7187 7184 6905
f 6910 7188 7187 6909
f 6907 7185 7189 6911
f 7186 7190 7189 7185
f 6912 7192 7188 6910
f 7188 7192 7191 7187
f 6911 7189 7193 6913
f 7190 7194 7193 7189
f 6914 7196 7192 6912
f 7192 7196 7195 7191
f 6913 7193 7197 6915
f 7194 7198 7197 7193
f 6916 7200 7196 6914
f 7196 7200 7199 7195
f 6915 7197 7201 6917
f 6918 7204 7200 6916
f 6917 7201 7205 6919
f 7202 7206 7205 7201
f 6920 7208 7204 6918
f 7204 7208 7207 7203
f 6919 7205 7209 6921
f 7206 7210 7209 7205
f 6922 7212 7208 6920
f 7208 7212 7211 7207
f 6921 7209 7213 6923
f 6923 7213 7214 6924
f 7210 7214 7213 7209
f 6926 7216 7212 6922
f 6925 7215 7216 6926
f 7212 7216 7215 7211
f 6924 7214 7217 6928
f 6929 7218 7215 6925
f 6928 7217 7219 6931
f 6932 7220 7218 6929
f 6931 7219 7221 6933
f 6934 7224 7220 6932
f 6933 7221 7225 6935
f 6935 7225 7226 6936
f 7222 7226 7225 7221
f 6938 7228 7224 6934
f 6937 7227 7228 6938
f 7224 7228 7227 7223
f 6936 7226 7229 6940
f 6941 7230 7227 6937
f 6940 7229 7231 6943
f 6944 7234 7230 6941
f 6943 7231 7235 6945
f 6945 7235 7236 6946
f 7232 7236 7235 7231
f 6948 7238 7234 6944
f 6947 7237 7238 6948
f 7234 7238 7237 7233
f 6946 7236 7239 6949
f 6950 7242 7237 6947
f 6949 7239 7243 6951
f 6951 7243 7244 6952
f 7240 7244 7243 7239
f 6954 7246 7242 6950
f 6953 7245 7246 6954
f 7242 7246 7245 7241
f 6952 7244 7247 6955
f 6955 7247 7248 6956
f 6958 7250 7245 6953
f 6957 7249 7250 6958
f 6956 7248 7251 6960
f 6961 7254 7249 6957
f 6960 7251 7255 6963
f 6963 7255 7256 6964
f 7252 7256 7255 7251
f 6966 7260 7254 6961
f 6965 7259 7260 6966
f 7254 7260 7259 7253
f 6964 7256 7261 6967
f 6967 7261 7262 6968
f 7257 7262 7261 7256
f 6970 7266 7259 6965
f 6969 7265 7266 6970
f 7259 7266 7265 7258
f 6968 7262 7267 6971
f 6971 7267 7268 6972
f 7263 7268 7267 7262
f 6974 7272 7265 6969
f 6973 7271 7272 6974
f 7265 7272 7271 7264
f 6972 7268 7273 6975
f 6975 7273 7274 6976
f 7269 7274 7273 7268
f 6978 7278 7271 6973
f 6977 7277 7278 6978
f 7271 7278 7277 7270
f 6976 7274 7279 6979
f 6979 7279 7280 6980
f 7275 7280 7279 7274
f 6980 7280 7281 6981
f 6982 7282 7283 6983
f 6984 7284 7277 6977
f 6983 7283 7284 6984
f 7277 7284 7283 7276
f 6981 7281 7285 6986
f 6986 7285 7286 6987
f 6989 7290 7282 6982
f 6988 7289 7290 6989
f 6987 7286 7291 6991
f 6991 7291 7292 6992
f 7287 7292 7291 7286
f 6992 7292 7293 6993
f 6994 7296 7297 6995
f 6996 7298 7289 6988
f 6995 7297 7298 6996
f 7289 7298 7297 7288
f 6993 7293 7299 6997
f 6997 7299 7300 6998
f 7294 7300 7299 7293
f 6998 7300 7301 6999
f 6999 7301 7302 7000
f 7001 7305 7306 7002
f 7002 7306 7307 7003
f 7004 7308 7296 6994
f 7003 7307 7308 7004
f 7296 7308 7307 7295
f 7000 7302 7309 7006
f 7006 7309 7310 7007
f 7303 7310 7309 7302
f 7007 7310 7311 7008
f 7008 7311 7312 7009
f 7009 7312 7313 7010
f 7011 7320 7321 7012
f 7012 7321 7322 7013
f 7013 7322 7323 7014
f 7015 7324 7305 7001
f 7014 7323 7324 7015
f 7305 7324 7323 7304
f 7010 7313 7325 7018
f 7018 7325 7326 7019
f 7314 7326 7325 7313
f 7019 7326 7327 7020
f 7315 7327 7326 7314
f 7020 7327 7328 7021
f 7316 7328 7327 7315
f 7021 7328 7329 7022
f 7022 7329 7330 7023
f 7318 7330 7329 7317
f 7023 7330 7331 7024
f 7319 7331 7330 7318
f 7025 7332 7320 7011
f 7024 7331 7332 7025
f 7320 7332 7331 7319
f 7031 7334 7333 7030
f 7036 7336 7335 7035
f 7037 7337 7336 7036
f 7038 7338 7337 7037
f 7039 7339 7338 7038
f 7040 7340 7339 7039
f 7030 7333 7341 7041
f 7041 7341 7340 7040
f 7042 7342 7334 7031
f 7334 7342 7341 7333
f 7043 7343 7342 7042
f 7044 7344 7343 7043
f 7045 7345 7344 7044
f 7046 7346 7345 7045
f 7047 7347 7346 7046
f 7048 7348 7347 7047
f 7035 7335 7351 7050
f 7336 7352 7351 7335
f 7053 7354 7348 7048
f 7348 7354 7353 7347
f 7054 7355 7354 7053
f 7055 7356 7355 7054
f 7056 7357 7356 7055
f 7349 7359 7360 7350
f 7050 7351 7361 7058
f 7350 7360 7361 7351
f 7061 7363 7357 7056
f 7357 7363 7362 7356
f 7062 7364 7363 7061
f 7063 7365 7364 7062
f 7358 7366 7367 7359
f 7359 7367 7368 7360
f 7058 7361 7369 7065
f 7360 7368 7369 7361
f 7068 7371 7365 7063
f 7365 7371 7370 7364
f 7069 7372 7371 7068
f 7070 7373 7372 7069
f 7366 7374 7375 7367
f 7367 7375 7376 7368
f 7065 7369 7377 7071
f 7368 7376 7377 7369
f 7074 7379 7373 7070
f 7373 7379 7378 7372
f 7075 7380 7379 7074
f 7374 7382 7383 7375
f 7375 7383 7384 7376
f 7071 7377 7385 7078
f 7078 7385 7384 7077
f 7376 7384 7385 7377
f 7081 7386 7380 7075
f 7082 7387 7386 7081
f 7381 7389 7390 7382
f 7382 7390 7391 7383
f 7077 7384 7392 7084
f 7383 7391 7392 7384
f 7088 7393 7387 7082
f 7089 7394 7393 7088
f 7388 7396 7397 7389
f 7389 7397 7398 7390
f 7390 7398 7399 7391
f 7084 7392 7400 7092
f 7092 7400 7399 7091
f 7391 7399 7400 7392
f 7095 7401 7394 7089
f 7096 7402 7401 7095
f 7395 7409 7410 7396
f 7396 7410 7411 7397
f 7397 7411 7412 7398
f 7091 7399 7413 7099
f 7099 7413 7412 7098
f 7398 7412 7413 7399
f 7103 7414 7402 7096
f 7104 7415 7414 7103
f 7403 7417 7418 7404
f 7404 7418 7419 7405
f 7405 7419 7420 7406
f 7406 7420 7421 7407
f 7407 7421 7422 7408
f 7408 7422 7423 7409
f 7409 7423 7424 7410
f 7410 7424 7425 7411
f 7098 7412 7426 7107
f 7107 7426 7425 7106
f 7411 7425 7426 7412
f 7111 7427 7415 7104
f 7112 7428 7427 7111
f 7114 7430 7429 7113
f 7416 7430 7431 7417
f 7417 7431 7432 7418
f 7418 7432 7433 7419
f 7419 7433 7434 7420
f 7420 7434 7435 7421
f 7421 7435 7436 7422
f 7422 7436 7437 7423
f 7116 7438 7437 7115
f 7423 7437 7438 7424
f 7106 7425 7439 7117
f 7117 7439 7438 7116
f 7424 7438 7439 7425
f 7121 7440 7428 7112
f 7122 7441 7440 7121
f 7113 7429 7442 7123
f 7124 7443 7430 7114
f 7430 7443 7442 7429
f 7125 7444 7443 7124
f 7430 7443 7444 7431
f 7126 7445 7444 7125
f 7431 7444 7445 7432
f 7127 7446 7445 7126
f 7432 7445 7446 7433
f 7128 7447 7446 7127
f 7433 7446 7447 7434
f 7129 7448 7447 7128
f 7434 7447 7448 7435
f 7130 7449 7448 7129
f 7435 7448 7449 7436
f 7115 7437 7450 7131
f 7131 7450 7449 7130
f 7436 7449 7450 7437
f 7136 7452 7441 7122
f 7441 7452 7451 7440
f 7123 7442 7454 7139
f 7139 7454 7453 7138
f 7151 7455 7452 7136
f 7152 7456 7455 7151
f 7138 7453 7457 7154
f 7454 7458 7457 7453
f 7165 7460 7456 7152
f 7456 7460 7459 7455
f 7154 7457 7462 7168
f 7168 7462 7461 7167
f 7169 7463 7460 7165
f 7170 7464 7463 7169
f 7167 7461 7465 7171
f 7462 7466 7465 7461
f 7172 7468 7464 7170
f 7464 7468 7467 7463
f 7171 7465 7469 7174
f 7175 7470 7468 7172
f 7174 7469 7472 7178
f 7178 7472 7471 7177
f 7179 7473 7470 7175
f 7180 7474 7473 7179
f 7177 7471 7475 7181
f 7472 7476 7475 7471
f 7182 7478 7474 7180
f 7474 7478 7477 7473
f 7181 7475 7479 7183
f 7184 7480 7478 7182
f 7183 7479 7481 7186
f 7187 7482 7480 7184
f 7186 7481 7483 7190
f 7191 7484 7482 7187
f 7190 7483 7485 7194
f 7195 7486 7484 7191
f 7194 7485 7488 7198
f 7198 7488 7487 7197
f 7199 7489 7486 7195
f 7200 7490 7489 7199
f 7197 7487 7491 7201
f 7201 7491 7492 7202
f 7488 7492 7491 7487
f 7204 7494 7490 7200
f 7203 7493 7494 7204
f 7490 7494 7493 7489
f 7202 7492 7495 7206
f 7207 7496 7493 7203
f 7206 7495 7497 7210
f 7211 7498 7496 7207
f 7210 7497 7499 7214
f 7215 7500 7498 7211
f 7214 7499 7501 7217
f 7218 7502 7500 7215
f 7217 7501 7503 7219
f 7220 7506 7502 7218
f 7219 7503 7507 7221
f 7221 7507 7508 7222
f 7504 7508 7507 7503
f 7224 7510 7506 7220
f 7223 7509 7510 7224
f 7506 7510 7509 7505
f 7222 7508 7511 7226
f 7227 7512 7509 7223
f 7226 7511 7513 7229
f 7230 7516 7512 7227
f 7229 7513 7517 7231
f 7231 7517 7518 7232
f 7514 7518 7517 7513
f 7234 7520 7516 7230
f 7233 7519 7520 7234
f 7516 7520 7519 7515
f 7232 7518 7521 7236
f 7237 7524 7519 7233
f 7236 7521 7525 7239
f 7239 7525 7526 7240
f 7522 7526 7525 7521
f 7242 7528 7524 7237
f 7241 7527 7528 7242
f 7524 7528 7527 7523
f 7240 7526 7529 7244
f 7245 7532 7527 7241
f 7244 7529 7533 7247
f 7247 7533 7534 7248
f 7530 7534 7533 7529
f 7250 7536 7532 7245
f 7249 7535 7536 7250
f 7532 7536 7535 7531
f 7248 7534 7537 7251
f 7251 7537 7538 7252
f 7254 7540 7535 7249
f 7253 7539 7540 7254
f 7252 7538 7541 7256
f 7256 7541 7542 7257
f 7259 7544 7539 7253
f 7258 7543 7544 7259
f 7257 7542 7545 7262
f 7262 7545 7546 7263
f 7265 7548 7543 7258
f 7264 7547 7548 7265
f 7263 7546 7549 7268
f 7268 7549 7550 7269
f 7271 7552 7547 7264
f 7270 7551 7552 7271
f 7269 7550 7553 7274
f 7274 7553 7554 7275
f 7277 7556 7551 7270
f 7276 7555 7556 7277
f 7275 7554 7557 7280
f 7280 7557 7558 7281
f 7283 7562 7555 7276
f 7282 7561 7562 7283
f 7281 7558 7563 7285
f 7285 7563 7564 7286
f 7559 7564 7563 7558
f 7286 7564 7565 7287
f 7288 7568 7569 7289
f 7290 7570 7561 7282
f 7289 7569 7570 7290
f 7561 7570 7569 7560
f 7287 7565 7571 7292
f 7292 7571 7572 7293
f 7566 7572 7571 7565
f 7293 7572 7573 7294
f 7295 7576 7577 7296
f 7297 7578 7568 7288
f 7296 7577 7578 7297
f 7568 7578 7577 7567
f 7294 7573 7579 7300
f 7300 7579 7580 7301
f 7574 7580 7579 7573
f 7301 7580 7581 7302
f 7302 7581 7582 7303
f 7304 7585 7586 7305
f 7305 7586 7587 7306
f 7307 7588 7576 7295
f 7306 7587 7588 7307
f 7576 7588 7587 7575
f 7303 7582 7589 7310
f 7310 7589 7590 7311
f 7583 7590 7589 7582
f 7311 7590 7591 7312
f 7312 7591 7592 7313
f 7313 7592 7593 7314
f 7314 7593 7594 7315
f 7315 7594 7595 7316
f 7317 7596 7597 7318
f 7318 7597 7598 7319
f 7319 7598 7599 7320
f 7320 7599 7600 7321
f 7321 7600 7601 7322
f 7323 7602 7585 7304
f 7322 7601 7602 7323
f 7585 7602 7601 7584
f 7316 7595 7603 7328
f 7329 7604 7596 7317
f 7328 7603 7604 7329
f 7596 7604 7603 7595
f 7337 7606 7605 7336
f 7338 7607 7606 7337
f 7339 7608 7607 7338
f 7340 7609 7608 7339
f 7341 7610 7609 7340
f 7342 7611 7610 7341
f 7343 7612 7611 7342
f 7344 7613 7612 7343
f 7345 7614 7613 7344
f 7346 7615 7614 7345
f 7347 7616 7615 7346
f 7350 7618 7617 7349
f 7351 7619 7618 7350
f 7336 7605 7620 7352
f 7352 7620 7619 7351
f 7606 7621 7620 7605
f 7607 7622 7621 7606
f 7615 7624 7623 7614
f 7353 7625 7616 7347
f 7616 7625 7624 7615
f 7354 7626 7625 7353
f 7355 7627 7626 7354
f 7356 7628 7627 7355
f 7349 7617 7631 7359
f 7359 7631 7630 7358
f 7618 7632 7631 7617
f 7362 7634 7628 7356
f 7628 7634 7633 7627
f 7363 7635 7634 7362
f 7364 7636 7635 7363
f 7358 7630 7640 7366
f 7629 7639 7640 7630
f 7370 7641 7636 7364
f 7371 7642 7641 7370
f 7372 7643 7642 7371
f 7637 7645 7646 7638
f 7638 7646 7647 7639
f 7366 7640 7648 7374
f 7639 7647 7648 7640
f 7378 7649 7643 7372
f 7379 7650 7649 7378
f 7380 7651 7650 7379
f 7644 7653 7654 7645
f 7645 7654 7655 7646
f 7646 7655 7656 7647
f 7374 7648 7657 7382
f 7382 7657 7656 7381
f 7647 7656 7657 7648
f 7386 7659 7651 7380
f 7651 7659 7658 7650
f 7387 7660 7659 7386
f 7652 7662 7663 7653
f 7653 7663 7664 7654
f 7654 7664 7665 7655
f 7381 7656 7666 7389
f 7389 7666 7665 7388
f 7655 7665 7666 7656
f 7393 7668 7660 7387
f 7660 7668 7667 7659
f 7394 7669 7668 7393
f 7661 7671 7672 7662
f 7662 7672 7673 7663
f 7663 7673 7674 7664
f 7388 7665 7675 7396
f 7396 7675 7674 7395
f 7664 7674 7675 7665
f 7401 7677 7669 7394
f 7669 7677 7676 7668
f 7402 7678 7677 7401
f 7404 7680 7679 7403
f 7405 7681 7680 7404
f 7406 7682 7681 7405
f 7670 7681 7682 7671
f 7407 7683 7682 7406
f 7671 7682 7683 7672
f 7408 7684 7683 7407
f 7672 7683 7684 7673
f 7395 7674 7685 7409
f 7409 7685 7684 7408
f 7673 7684 7685 7674
f 7414 7687 7678 7402
f 7678 7687 7686 7677
f 7415 7688 7687 7414
f 7403 7679 7690 7417
f 7417 7690 7689 7416
f 7680 7691 7690 7679
f 7427 7693 7688 7415
f 7688 7693 7692 7687
f 7428 7694 7693 7427
f 7416 7689 7695 7430
f 7690 7696 7695 7689
f 7440 7698 7694 7428
f 7694 7698 7697 7693
f 7430 7695 7700 7443
f 7443 7700 7699 7442
f 7451 7701 7698 7440
f 7452 7702 7701 7451
f 7442 7699 7703 7454
f 7455 7704 7702 7452
f 7454 7703 7706 7458
f 7458 7706 7705 7457
f 7459 7707 7704 7455
f 7460 7708 7707 7459
f 7457 7705 7709 7462
f 7463 7710 7708 7460
f 7462 7709 7712 7466
f 7466 7712 7711 7465
f 7467 7713 7710 7463
f 7468 7714 7713 7467
f 7465 7711 7715 7469
f 7712 7716 7715 7711
f 7470 7718 7714 7468
f 7714 7718 7717 7713
f 7469 7715 7719 7472
f 7473 7720 7718 7470
f 7472 7719 7722 7476
f 7476 7722 7721 7475
f 7477 7723 7720 7473
f 7478 7724 7723 7477
f 7475 7721 7725 7479
f 7722 7726 7725 7721
f 7480 7728 7724 7478
f 7724 7728 7727 7723
f 7479 7725 7729 7481
f 7726 7730 7729 7725
f 7482 7732 7728 7480
f 7728 7732 7731 7727
f 7481 7729 7733 7483
f 7484 7734 7732 7482
f 7483 7733 7735 7485
f 7486 7736 7734 7484
f 7485 7735 7737 7488
f 7489 7738 7736 7486
f 7488 7737 7739 7492
f 7493 7740 7738 7489
f 7492 7739 7741 7495
f 7496 7742 7740 7493
f 7495 7741 7743 7497
f 7498 7744 7742 7496
f 7497 7743 7745 7499
f 7500 7748 7744 7498
f 7499 7745 7749 7501
f 7746 7750 7749 7745
f 7502 7752 7748 7500
f 7748 7752 7751 7747
f 7501 7749 7753 7503
f 7503 7753 7754 7504
f 7750 7754 7753 7749
f 7506 7756 7752 7502
f 7505 7755 7756 7506
f 7752 7756 7755 7751
f 7504 7754 7757 7508
f 7509 7758 7755 7505
f 7508 7757 7759 7511
f 7512 7762 7758 7509
f 7511 7759 7763 7513
f 7513 7763 7764 7514
f 7760 7764 7763 7759
f 7516 7766 7762 7512
f 7515 7765 7766 7516
f 7762 7766 7765 7761
f 7514 7764 7767 7518
f 7519 7768 7765 7515
f 7518 7767 7769 7521
f 7521 7769 7770 7522
f 7524 7772 7768 7519
f 7523 7771 7772 7524
f 7522 7770 7773 7526
f 7527 7774 7771 7523
f 7526 7773 7775 7529
f 7529 7775 7776 7530
f 7532 7778 7774 7527
f 7531 7777 7778 7532
f 7530 7776 7779 7534
f 7535 7782 7777 7531
f 7534 7779 7783 7537
f 7537 7783 7784 7538
f 7780 7784 7783 7779
f 7540 7788 7782 7535
f 7539 7787 7788 7540
f 7782 7788 7787 7781
f 7538 7784 7789 7541
f 7541 7789 7790 7542
f 7785 7790 7789 7784
f 7544 7794 7787 7539
f 7543 7793 7794 7544
f 7787 7794 7793 7786
f 7542 7790 7795 7545
f 7545 7795 7796 7546
f 7791 7796 7795 7790
f 7548 7800 7793 7543
f 7547 7799 7800 7548
f 7793 7800 7799 7792
f 7546 7796 7801 7549
f 7549 7801 7802 7550
f 7797 7802 7801 7796
f 7552 7806 7799 7547
f 7551 7805 7806 7552
f 7799 7806 7805 7798
f 7550 7802 7807 7553
f 7553 7807 7808 7554
f 7803 7808 7807 7802
f 7556 7812 7805 7551
f 7555 7811 7812 7556
f 7805 7812 7811 7804
f 7554 7808 7813 7557
f 7557 7813 7814 7558
f 7809 7814 7813 7808
f 7558 7814 7815 7559
f 7560 7816 7817 7561
f 7562 7818 7811 7555
f 7561 7817 7818 7562
f 7811 7818 7817 7810
f 7559 7815 7819 7564
f 7564 7819 7820 7565
f 7565 7820 7821 7566
f 7567 7822 7823 7568
f 7569 7824 7816 7560
f 7568 7823 7824 7569
f 7566 7821 7825 7572
f 7572 7825 7826 7573
f 7573 7826 7827 7574
f 7575 7830 7831 7576
f 7577 7832 7822 7567
f 7576 7831 7832 7577
f 7574 7827 7833 7580
f 7580 7833 7834 7581
f 7828 7834 7833 7827
f 7581 7834 7835 7582
f 7582 7835 7836 7583
f 7584 7841 7842 7585
f 7585 7842 7843 7586
f 7587 7844 7830 7575
f 7586 7843 7844 7587
f 7830 7844 7843 7829
f 7583 7836 7845 7590
f 7590 7845 7846 7591
f 7837 7846 7845 7836
f 7591 7846 7847 7592
f 7838 7847 7846 7837
f 7592 7847 7848 7593
f 7593 7848 7849 7594
f 7594 7849 7850 7595
f 7595 7850 7851 7596
f 7596 7851 7852 7597
f 7597 7852 7853 7598
f 7598 7853 7854 7599
f 7599 7854 7855 7600
f 7840 7855 7854 7839
f 7601 7856 7841 7584
f 7600 7855 7856 7601
f 7841 7856 7855 7840
f 7608 7858 7857 7607
f 7609 7859 7858 7608
f 7610 7860 7859 7609
f 7611 7861 7860 7610
f 7612 7862 7861 7611
f 7613 7863 7862 7612
f 7614 7864 7863 7613
f 7619 7866 7865 7618
f 7620 7867 7866 7619
f 7621 7868 7867 7620
f 7607 7857 7869 7622
f 7622 7869 7868 7621
f 7858 7870 7869 7857
f 7859 7871 7870 7858
f 7860 7872 7871 7859
f 7861 7873 7872 7860
f 7862 7874 7873 7861
f 7863 7875 7874 7862
f 7623 7876 7864 7614
f 7864 7876 7875 7863
f 7624 7877 7876 7623
f 7625 7878 7877 7624
f 7626 7879 7878 7625
f 7627 7880 7879 7626
f 7630 7882 7881 7629
f 7631 7883 7882 7630
f 7618 7865 7884 7632
f 7632 7884 7883 7631
f 7866 7885 7884 7865
f 7633 7887 7880 7627
f 7880 7887 7886 7879
f 7634 7888 7887 7633
f 7635 7889 7888 7634
f 7636 7890 7889 7635
f 7638 7892 7891 7637
f 7629 7881 7893 7639
f 7639 7893 7892 7638
f 7882 7894 7893 7881
f 7641 7896 7890 7636
f 7890 7896 7895 7889
f 7642 7897 7896 7641
f 7643 7898 7897 7642
f 7637 7891 7900 7645
f 7645 7900 7899 7644
f 7892 7901 7900 7891
f 7649 7903 7898 7643
f 7898 7903 7902 7897
f 7650 7904 7903 7649
f 7644 7899 7906 7653
f 7653 7906 7905 7652
f 7900 7907 7906 7899
f 7658 7909 7904 7650
f 7904 7909 7908 7903
f 7659 7910 7909 7658
f 7652 7905 7912 7662
f 7662 7912 7911 7661
f 7667 7913 7910 7659
f 7668 7914 7913 7667
f 7661 7911 7916 7671
f 7671 7916 7915 7670
f 7676 7917 7914 7668
f 7677 7918 7917 7676
f 7670 7915 7920 7681
f 7681 7920 7919 7680
f 7686 7921 7918 7677
f 7687 7922 7921 7686
f 7680 7919 7924 7691
f 7691 7924 7923 7690
f 7692 7925 7922 7687
f 7693 7926 7925 7692
f 7690 7923 7928 7696
f 7696 7928 7927 7695
f 7697 7929 7926 7693
f 7698 7930 7929 7697
f 7695 7927 7932 7700
f 7700 7932 7931 7699
f 7928 7933 7932 7927
f 7701 7935 7930 7698
f 7930 7935 7934 7929
f 7702 7936 7935 7701
f 7699 7931 7937 7703
f 7932 7938 7937 7931
f 7704 7940 7936 7702
f 7936 7940 7939 7935
f 7703 7937 7942 7706
f 7706 7942 7941 7705
f 7707 7943 7940 7704
f 7708 7944 7943 7707
f 7705 7941 7945 7709
f 7942 7946 7945 7941
f 7710 7948 7944 7708
f 7944 7948 7947 7943
f 7709 7945 7949 7712
f 7713 7950 7948 7710
f 7712 7949 7952 7716
f 7716 7952 7951 7715
f 7717 7953 7950 7713
f 7718 7954 7953 7717
f 7715 7951 7955 7719
f 7952 7956 7955 7951
f 7720 7958 7954 7718
f 7954 7958 7957 7953
f 7719 7955 7959 7722
f 7723 7960 7958 7720
f 7722 7959 7961 7726
f 7727 7962 7960 7723
f 7726 7961 7964 7730
f 7730 7964 7963 7729
f 7731 7965 7962 7727
f 7732 7966 7965 7731
f 7729 7963 7967 7733
f 7964 7968 7967 7963
f 7734 7970 7966 7732
f 7966 7970 7969 7965
f 7733 7967 7971 7735
f 7968 7972 7971 7967
f 7736 7974 7970 7734
f 7970 7974 7973 7969
f 7735 7971 7975 7737
f 7972 7976 7975 7971
f 7738 7978 7974 7736
f 7974 7978 7977 7973
f 7737 7975 7979 7739
f 7976 7980 7979 7975
f 7740 7982 7978 7738
f 7978 7982 7981 7977
f 7739 7979 7983 7741
f 7980 7984 7983 7979
f 7742 7986 7982 7740
f 7982 7986 7985 7981
f 7741 7983 7987 7743
f 7984 7988 7987 7983
f 7744 7990 7986 7742
f 7986 7990 7989 7985
f 7743 7987 7991 7745
f 7745 7991 7992 7746
f 7988 7992 7991 7987
f 7748 7994 7990 7744
f 7747 7993 7994 7748
f 7990 7994 7993 7989
f 7746 7992 7995 7750
f 7751 7996 7993 7747
f 7750 7995 7997 7754
f 7755 7998 7996 7751
f 7754 7997 7999 7757
f 7758 8002 7998 7755
f 7757 7999 8003 7759
f 7759 8003 8004 7760
f 8000 8004 8003 7999
f 7762 8006 8002 7758
f 7761 8005 8006 7762
f 8002 8006 8005 8001
f 7760 8004 8007 7764
f 7765 8008 8005 7761
f 7764 8007 8009 7767
f 7768 8012 8008 7765
f 7767 8009 8013 7769
f 7769 8013 8014 7770
f 8010 8014 8013 8009
f 7772 8016 8012 7768
f 7771 8015 8016 7772
f 8012 8016 8015 8011
f 7770 8014 8017 7773
f 7774 8020 8015 7771
f 7773 8017 8021 7775
f 7775 8021 8022 7776
f 8018 8022 8021 8017
f 7778 8026 8020 7774
f 7777 8025 8026 7778
f 8020 8026 8025 8019
f 7776 8022 8027 7779
f 7779 8027 8028 7780
f 8023 8028 8027 8022
f 7782 8030 8025 7777
f 7781 8029 8030 7782
f 8025 8030 8029 8024
f 7780 8028 8031 7784
f 7784 8031 8032 7785
f 7787 8034 8029 7781
f 7786 8033 8034 7787
f 7785 8032 8035 7790
f 7790 8035 8036 7791
f 7793 8038 8033 7786
f 7792 8037 8038 7793
f 7791 8036 8039 7796
f 7796 8039 8040 7797
f 7799 8042 8037 7792
f 7798 8041 8042 7799
f 7797 8040 8043 7802
f 7802 8043 8044 7803
f 7805 8046 8041 7798
f 7804 8045 8046 7805
f 7803 8044 8047 7808
f 7808 8047 8048 7809
f 7811 8052 8045 7804
f 7810 8051 8052 7811
f 7809 8048 8053 7814
f 7814 8053 8054 7815
f 8049 8054 8053 8048
f 7817 8058 8051 7810
f 7816 8057 8058 7817
f 8051 8058 8057 8050
f 7815 8054 8059 7819
f 7819 8059 8060 7820
f 8055 8060 8059 8054
f 7820 8060 8061 7821
f 7822 8064 8065 7823
f 7824 8066 8057 7816
f 7823 8065 8066 7824
f 8057 8066 8065 8056
f 7821 8061 8067 7825
f 7825 8067 8068 7826
f 8062 8068 8067 8061
f 7826 8068 8069 7827
f 7827 8069 8070 7828
f 7829 8073 8074 7830
f 7830 8074 8075 7831
f 7832 8076 8064 7822
f 7831 8075 8076 7832
f 8064 8076 8075 8063
f 7828 8070 8077 7834
f 7834 8077 8078 7835
f 8071 8078 8077 8070
f 7835 8078 8079 7836
f 7836 8079 8080 7837
f 7837 8080 8081 7838
f 7839 8088 8089 7840
f 7840 8089 8090 7841
f 7841 8090 8091 7842
f 7843 8092 8073 7829
f 7842 8091 8092 7843
f 8073 8092 8091 8072
f 7838 8081 8093 7847
f 7847 8093 8094 7848
f 8082 8094 8093 8081
f 7848 8094 8095 7849
f 8083 8095 8094 8082
f 7849 8095 8096 7850
f 8084 8096 8095 8083
f 7850 8096 8097 7851
f 8085 8097 8096 8084
f 7851 8097 8098 7852
f 8086 8098 8097 8085
f 7852 8098 8099 7853
f 8087 8099 8098 8086
f 7854 8100 8088 7839
f 7853 8099 8100 7854
f 8088 8100 8099 8087
f 7867 8102 8101 7866
f 7868 8103 8102 7867
f 7869 8104 8103 7868
f 7870 8105 8104 7869
f 7871 8106 8105 7870
f 7872 8107 8106 7871
f 7873 8108 8107 7872
f 7874 8109 8108 7873
f 7875 8110 8109 7874
f 7876 8111 8110 7875
f 7877 8112 8111 7876
f 7878 8113 8112 7877
f 7879 8114 8113 7878
f 7883 8116 8115 7882
f 7884 8117 8116 7883
f 7866 8101 8118 7885
f 7885 8118 8117 7884
f 8102 8119 8118 8101
f 8103 8120 8119 8102
f 8113 8122 8121 8112
f 7886 8123 8114 7879
f 8114 8123 8122 8113
f 7887 8124 8123 7886
f 7888 8125 8124 7887
f 7889 8126 8125 7888
f 7893 8128 8127 7892
f 7882 8115 8129 7894
f 7894 8129 8128 7893
f 8116 8130 8129 8115
f 8117 8131 8130 8116
f 8125 8133 8132 8124
f 7895 8134 8126 7889
f 8126 8134 8133 8125
f 7896 8135 8134 7895
f 7897 8136 8135 7896
f 7892 8127 8138 7901
f 7901 8138 8137 7900
f 8128 8139 8138 8127
f 7902 8141 8136 7897
f 8136 8141 8140 8135
f 7903 8142 8141 7902
f 7906 8144 8143 7905
f 7900 8137 8145 7907
f 7907 8145 8144 7906
f 8138 8146 8145 8137
f 7908 8148 8142 7903
f 8142 8148 8147 8141
f 7909 8149 8148 7908
f 7910 8150 8149 7909
f 7905 8143 8152 7912
f 7912 8152 8151 7911
f 8144 8153 8152 8143
f 7913 8155 8150 7910
f 8150 8155 8154 8149
f 7914 8156 8155 7913
f 7911 8151 8158 7916
f 7916 8158 8157 7915
f 8152 8159 8158 8151
f 7917 8161 8156 7914
f 8156 8161 8160 8155
f 7918 8162 8161 7917
f 7915 8157 8164 7920
f 7920 8164 8163 7919
f 8158 8165 8164 8157
f 7921 8167 8162 7918
f 8162 8167 8166 8161
f 7922 8168 8167 7921
f 7919 8163 8170 7924
f 7924 8170 8169 7923
f 8164 8171 8170 8163
f 7925 8173 8168 7922
f 8168 8173 8172 8167
f 7926 8174 8173 7925
f 7923 8169 8175 7928
f 8170 8176 8175 8169
f 7929 8178 8174 7926
f 8174 8178 8177 8173
f 7928 8175 8180 7933
f 7933 8180 8179 7932
f 7934 8181 8178 7929
f 7935 8182 8181 7934
f 7932 8179 8184 7938
f 7938 8184 8183 7937
f 8180 8185 8184 8179
f 7939 8187 8182 7935
f 8182 8187 8186 8181
f 7940 8188 8187 7939
f 7937 8183 8189 7942
f 8184 8190 8189 8183
f 7943 8192 8188 7940
f 8188 8192 8191 8187
f 7942 8189 8194 7946
f 7946 8194 8193 7945
f 7947 8195 8192 7943
f 7948 8196 8195 7947
f 7945 8193 8197 7949
f 8194 8198 8197 8193
f 7950 8200 8196 7948
f 8196 8200 8199 8195
f 7949 8197 8201 7952
f 8198 8202 8201 8197
f 7953 8204 8200 7950
f 8200 8204 8203 8199
f 7952 8201 8206 7956
f 7956 8206 8205 7955
f 7957 8207 8204 7953
f 7958 8208 8207 7957
f 7955 8205 8209 7959
f 8206 8210 8209 8205
f 7960 8212 8208 7958
f 8208 8212 8211 8207
f 7959 8209 8213 7961
f 8210 8214 8213 8209
f 7962 8216 8212 7960
f 8212 8216 8215 8211
f 7961 8213 8217 7964
f 7965 8218 8216 7962
f 7964 8217 8219 7968
f 7969 8220 8218 7965
f 7968 8219 8221 7972
f 7973 8222 8220 7969
f 7972 8221 8223 7976
f 7977 8224 8222 7973
f 7976 8223 8225 7980
f 7981 8226 8224 7977
f 7980 8225 8227 7984
f 7985 8228 8226 7981
f 7984 8227 8229 7988
f 7989 8230 8228 7985
f 7988 8229 8231 7992
f 7993 8232 8230 7989
f 7992 8231 8233 7995
f 7996 8236 8232 7993
f 7995 8233 8237 7997
f 8234 8238 8237 8233
f 7998 8240 8236 7996
f 8236 8240 8239 8235
f 7997 8237 8241 7999
f 7999 8241 8242 8000
f 8238 8242 8241 8237
f 8002 8244 8240 7998
f 8001 8243 8244 8002
f 8240 8244 8243 8239
f 8000 8242 8245 8004
f 8005 8248 8243 8001
f 8004 8245 8249 8007
f 8246 8250 8249 8245
f 8008 8252 8248 8005
f 8248 8252 8251 8247
f 8007 8249 8253 8009
f 8009 8253 8254 8010
f 8250 8254 8253 8249
f 8012 8256 8252 8008
f 8011 8255 8256 8012
f 8252 8256 8255 8251
f 8010 8254 8257 8014
f 8015 8260 8255 8011
f 8014 8257 8261 8017
f 8017 8261 8262 8018
f 8258 8262 8261 8257
f 8020 8266 8260 8015
f 8019 8265 8266 8020
f 8260 8266 8265 8259
f 8018 8262 8267 8022
f 8022 8267 8268 8023
f 8263 8268 8267 8262
f 8025 8270 8265 8019
f 8024 8269 8270 8025
f 8265 8270 8269 8264
f 8023 8268 8271 8028
f 8029 8274 8269 8024
f 8028 8271 8275 8031
f 8031 8275 8276 8032
f 8272 8276 8275 8271
f 8034 8280 8274 8029
f 8033 8279 8280 8034
f 8274 8280 8279 8273
f 8032 8276 8281 8035
f 8035 8281 8282 8036
f 8277 8282 8281 8276
f 8038 8286 8279 8033
f 8037 8285 8286 8038
f 8279 8286 8285 8278
f 8036 8282 8287 8039
f 8039 8287 8288 8040
f 8283 8288 8287 8282
f 8042 8292 8285 8037
f 8041 8291 8292 8042
f 8285 8292 8291 8284
f 8040 8288 8293 8043
f 8043 8293 8294 8044
f 8289 8294 8293 8288
f 8046 8298 8291 8041
f 8045 8297 8298 8046
f 8291 8298 8297 8290
f 8044 8294 8299 8047
f 8047 8299 8300 8048
f 8295 8300 8299 8294
f 8048 8300 8301 8049
f 8050 8304 8305 8051
f 8052 8306 8297 8045
f 8051 8305 8306 8052
f 8297 8306 8305 8296
f 8049 8301 8307 8054
f 8054 8307 8308 8055
f 8302 8308 8307 8301
f 8057 8312 8304 8050
f 8056 8311 8312 8057
f 8304 8312 8311 8303
f 8055 8308 8313 8060
f 8060 8313 8314 8061
f 8309 8314 8313 8308
f 8061 8314 8315 8062
f 8063 8320 8321 8064
f 8065 8322 8311 8056
f 8064 8321 8322 8065
f 8311 8322 8321 8310
f 8062 8315 8323 8068
f 8068 8323 8324 8069
f 8316 8324 8323 8315
f 8069 8324 8325 8070
f 8317 8325 8324 8316
f 8070 8325 8326 8071
f 8072 8331 8332 8073
f 8073 8332 8333 8074
f 8319 8333 8332 8318
f 8075 8334 8320 8063
f 8074 8333 8334 8075
f 8320 8334 8333 8319
f 8071 8326 8335 8078
f 8078 8335 8336 8079
f 8327 8336 8335 8326
f 8079 8336 8337 8080
f 8328 8337 8336 8327
f 8080 8337 8338 8081
f 8081 8338 8339 8082
f 8082 8339 8340 8083
f 8083 8340 8341 8084
f 8084 8341 8342 8085
f 8085 8342 8343 8086
f 8086 8343 8344 8087
f 8087 8344 8345 8088
f 8088 8345 8346 8089
f 8089 8346 8347 8090
f 8330 8347 8346 8329
f 8091 8348 8331 8072
f 8090 8347 8348 8091
f 8331 8348 8347 8330
f 8104 8350 8349 8103
f 8105 8351 8350 8104
f 8106 8352 8351 8105
f 8107 8353 8352 8106
f 8108 8354 8353 8107
f 8109 8355 8354 8108
f 8110 8356 8355 8109
f 8111 8357 8356 8110
f 8112 8358 8357 8111
f 8118 8360 8359 8117
f 8119 8361 8360 8118
f 8103 8349 8362 8120
f 8120 8362 8361 8119
f 8350 8363 8362 8349
f 8351 8364 8363 8350
f 8352 8365 8364 8351
f 8353 8366 8365 8352
f 8354 8367 8366 8353
f 8355 8368 8367 8354
f 8356 8369 8368 8355
f 8357 8370 8369 8356
f 8121 8371 8358 8112
f 8358 8371 8370 8357
f 8122 8372 8371 8121
f 8123 8373 8372 8122
f 8124 8374 8373 8123
f 8129 8376 8375 8128
f 8130 8377 8376 8129
f 8117 8359 8378 8131
f 8131 8378 8377 8130
f 8360 8379 8378 8359
f 8132 8381 8374 8124
f 8374 8381 8380 8373
f 8133 8382 8381 8132
f 8134 8383 8382 8133
f 8135 8384 8383 8134
f 8128 8375 8386 8139
f 8139 8386 8385 8138
f 8376 8387 8386 8375
f 8140 8389 8384 8135
f 8384 8389 8388 8383
f 8141 8390 8389 8140
f 8145 8392 8391 8144
f 8138 8385 8393 8146
f 8146 8393 8392 8145
f 8386 8394 8393 8385
f 8147 8396 8390 8141
f 8390 8396 8395 8389
f 8148 8397 8396 8147
f 8149 8398 8397 8148
f 8144 8391 8400 8153
f 8153 8400 8399 8152
f 8392 8401 8400 8391
f 8154 8403 8398 8149
f 8398 8403 8402 8397
f 8155 8404 8403 8154
f 8152 8399 8406 8159
f 8159 8406 8405 8158
f 8400 8407 8406 8399
f 8160 8409 8404 8155
f 8404 8409 8408 8403
f 8161 8410 8409 8160
f 8158 8405 8412 8165
f 8165 8412 8411 8164
f 8166 8413 8410 8161
f 8167 8414 8413 8166
f 8164 8411 8416 8171
f 8171 8416 8415 8170
f 8172 8417 8414 8167
f 8173 8418 8417 8172
f 8170 8415 8420 8176
f 8176 8420 8419 8175
f 8416 8421 8420 8415
f 8177 8423 8418 8173
f 8418 8423 8422 8417
f 8178 8424 8423 8177
f 8175 8419 8425 8180
f 8420 8426 8425 8419
f 8181 8428 8424 8178
f 8424 8428 8427 8423
f 8180 8425 8430 8185
f 8185 8430 8429 8184
f 8186 8431 8428 8181
f 8187 8432 8431 8186
f 8184 8429 8434 8190
f 8190 8434 8433 8189
f 8430 8435 8434 8429
f 8191 8437 8432 8187
f 8432 8437 8436 8431
f 8192 8438 8437 8191
f 8189 8433 8439 8194
f 8434 8440 8439 8433
f 8195 8442 8438 8192
f 8438 8442 8441 8437
f 8194 8439 8443 8198
f 8199 8444 8442 8195
f 8198 8443 8446 8202
f 8202 8446 8445 8201
f 8203 8447 8444 8199
f 8204 8448 8447 8203
f 8201 8445 8449 8206
f 8446 8450 8449 8445
f 8207 8452 8448 8204
f 8448 8452 8451 8447
f 8206 8449 8453 8210
f 8211 8454 8452 8207
f 8210 8453 8456 8214
f 8214 8456 8455 8213
f 8215 8457 8454 8211
f 8216 8458 8457 8215
f 8213 8455 8459 8217
f 8456 8460 8459 8455
f 8218 8462 8458 8216
f 8458 8462 8461 8457
f 8217 8459 8463 8219
f 8460 8464 8463 8459
f 8220 8466 8462 8218
f 8462 8466 8465 8461
f 8219 8463 8467 8221
f 8464 8468 8467 8463
f 8222 8470 8466 8220
f 8466 8470 8469 8465
f 8221 8467 8471 8223
f 8468 8472 8471 8467
f 8224 8474 8470 8222
f 8470 8474 8473 8469
f 8223 8471 8475 8225
f 8472 8476 8475 8471
f 8226 8478 8474 8224
f 8474 8478 8477 8473
f 8225 8475 8479 8227
f 8476 8480 8479 8475
f 8228 8482 8478 8226
f 8478 8482 8481 8477
f 8227 8479 8483 8229
f 8480 8484 8483 8479
f 8230 8486 8482 8228
f 8482 8486 8485 8481
f 8229 8483 8487 8231
f 8484 8488 8487 8483
f 8232 8490 8486 8230
f 8486 8490 8489 8485
f 8231 8487 8491 8233
f 8233 8491 8492 8234
f 8488 8492 8491 8487
f 8236 8494 8490 8232
f 8235 8493 8494 8236
f 8490 8494 8493 8489
f 8234 8492 8495 8238
f 8239 8496 8493 8235
f 8238 8495 8497 8242
f 8243 8500 8496 8239
f 8242 8497 8501 8245
f 8245 8501 8502 8246
f 8498 8502 8501 8497
f 8248 8504 8500 8243
f 8247 8503 8504 8248
f 8500 8504 8503 8499
f 8246 8502 8505 8250
f 8251 8506 8503 8247
f 8250 8505 8507 8254
f 8255 8510 8506 8251
f 8254 8507 8511 8257
f 8257 8511 8512 8258
f 8508 8512 8511 8507
f 8260 8516 8510 8255
f 8259 8515 8516 8260
f 8510 8516 8515 8509
f 8258 8512 8517 8262
f 8262 8517 8518 8263
f 8513 8518 8517 8512
f 8265 8520 8515 8259
f 8264 8519 8520 8265
f 8515 8520 8519 8514
f 8263 8518 8521 8268
f 8269 8524 8519 8264
f 8268 8521 8525 8271
f 8271 8525 8526 8272
f 8522 8526 8525 8521
f 8274 8530 8524 8269
f 8273 8529 8530 8274
f 8524 8530 8529 8523
f 8272 8526 8531 8276
f 8276 8531 8532 8277
f 8527 8532 8531 8526
f 8279 8534 8529 8273
f 8278 8533 8534 8279
f 8529 8534 8533 8528
f 8277 8532 8535 8282
f 8282 8535 8536 8283
f 8285 8538 8533 8278
f 8284 8537 8538 8285
f 8283 8536 8539 8288
f 8288 8539 8540 8289
f 8291 8544 8537 8284
f 8290 8543 8544 8291
f 8289 8540 8545 8294
f 8294 8545 8546 8295
f 8541 8546 8545 8540
f 8297 8550 8543 8290
f 8296 8549 8550 8297
f 8543 8550 8549 8542
f 8295 8546 8551 8300
f 8300 8551 8552 8301
f 8547 8552 8551 8546
f 8301 8552 8553 8302
f 8303 8556 8557 8304
f 8305 8558 8549 8296
f 8304 8557 8558 8305
f 8549 8558 8557 8548
f 8302 8553 8559 8308
f 8308 8559 8560 8309
f 8554 8560 8559 8553
f 8311 8564 8556 8303
f 8310 8563 8564 8311
f 8556 8564 8563 8555
f 8309 8560 8565 8314
f 8314 8565 8566 8315
f 8561 8566 8565 8560
f 8315 8566 8567 8316
f 8316 8567 8568 8317
f 8318 8571 8572 8319
f 8319 8572 8573 8320
f 8321 8574 8563 8310
f 8320 8573 8574 8321
f 8563 8574 8573 8562
f 8317 8568 8575 8325
f 8325 8575 8576 8326
f 8569 8576 8575 8568
f 8326 8576 8577 8327
f 8327 8577 8578 8328
f 8329 8587 8588 8330
f 8330 8588 8589 8331
f 8332 8590 8571 8318
f 8331 8589 8590 8332
f 8571 8590 8589 8570
f 8328 8578 8591 8337
f 8337 8591 8592 8338
f 8579 8592 8591 8578
f 8338 8592 8593 8339
f 8580 8593 8592 8579
f 8339 8593 8594 8340
f 8581 8594 8593 8580
f 8340 8594 8595 8341
f 8582 8595 8594 8581
f 8341 8595 8596 8342
f 8583 8596 8595 8582
f 8342 8596 8597 8343
f 8584 8597 8596 8583
f 8343 8597 8598 8344
f 8585 8598 8597 8584
f 8344 8598 8599 8345
f 8586 8599 8598 8585
f 8346 8600 8587 8329
f 8345 8599 8600 8346
f 8587 8600 8599 8586
f 8361 8602 8601 8360
f 8362 8603 8602 8361
f 8363 8604 8603 8362
f 8364 8605 8604 8363
f 8365 8606 8605 8364
f 8366 8607 8606 8365
f 8367 8608 8607 8366
f 8368 8609 8608 8367
f 8369 8610 8609 8368
f 8370 8611 8610 8369
f 8371 8612 8611 8370
f 8372 8613 8612 8371
f 8373 8614 8613 8372
f 8377 8616 8615 8376
f 8378 8617 8616 8377
f 8360 8601 8618 8379
f 8379 8618 8617 8378
f 8602 8619 8618 8601
f 8603 8620 8619 8602
f 8604 8621 8620 8603
f 8612 8623 8622 8611
f 8613 8624 8623 8612
f 8380 8625 8614 8373
f 8614 8625 8624 8613
f 8381 8626 8625 8380
f 8382 8627 8626 8381
f 8383 8628 8627 8382
f 8376 8615 8630 8387
f 8387 8630 8629 8386
f 8616 8631 8630 8615
f 8617 8632 8631 8616
f 8627 8634 8633 8626
f 8388 8635 8628 8383
f 8628 8635 8634 8627
f 8389 8636 8635 8388
f 8393 8638 8637 8392
f 8386 8629 8639 8394
f 8394 8639 8638 8393
f 8630 8640 8639 8629
f 8395 8642 8636 8389
f 8636 8642 8641 8635
f 8396 8643 8642 8395
f 8397 8644 8643 8396
f 8392 8637 8646 8401
f 8401 8646 8645 8400
f 8638 8647 8646 8637
f 8402 8649 8644 8397
f 8644 8649 8648 8643
f 8403 8650 8649 8402
f 8406 8652 8651 8405
f 8400 8645 8653 8407
f 8407 8653 8652 8406
f 8646 8654 8653 8645
f 8408 8656 8650 8403
f 8650 8656 8655 8649
f 8409 8657 8656 8408
f 8410 8658 8657 8409
f 8405 8651 8660 8412
f 8412 8660 8659 8411
f 8652 8661 8660 8651
f 8413 8663 8658 8410
f 8658 8663 8662 8657
f 8414 8664 8663 8413
f 8411 8659 8665 8416
f 8660 8666 8665 8659
f 8417 8668 8664 8414
f 8664 8668 8667 8663
f 8416 8665 8670 8421
f 8421 8670 8669 8420
f 8422 8671 8668 8417
f 8423 8672 8671 8422
f 8420 8669 8674 8426
f 8426 8674 8673 8425
f 8670 8675 8674 8669
f 8427 8677 8672 8423
f 8672 8677 8676 8671
f 8428 8678 8677 8427
f 8425 8673 8679 8430
f 8674 8680 8679 8673
f 8431 8682 8678 8428
f 8678 8682 8681 8677
f 8430 8679 8684 8435
f 8435 8684 8683 8434
f 8436 8685 8682 8431
f 8437 8686 8685 8436
f 8434 8683 8688 8440
f 8440 8688 8687 8439
f 8684 8689 8688 8683
f 8441 8691 8686 8437
f 8686 8691 8690 8685
f 8442 8692 8691 8441
f 8439 8687 8693 8443
f 8688 8694 8693 8687
f 8444 8696 8692 8442
f 8692 8696 8695 8691
f 8443 8693 8697 8446
f 8694 8698 8697 8693
f 8447 8700 8696 8444
f 8696 8700 8699 8695
f 8446 8697 8702 8450
f 8450 8702 8701 8449
f 8451 8703 8700 8447
f 8452 8704 8703 8451
f 8449 8701 8705 8453
f 8702 8706 8705 8701
f 8454 8708 8704 8452
f 8704 8708 8707 8703
f 8453 8705 8709 8456
f 8706 8710 8709 8705
f 8457 8712 8708 8454
f 8708 8712 8711 8707
f 8456 8709 8713 8460
f 8710 8714 8713 8709
f 8461 8716 8712 8457
f 8712 8716 8715 8711
f 8460 8713 8717 8464
f 8465 8718 8716 8461
f 8464 8717 8719 8468
f 8469 8720 8718 8465
f 8468 8719 8721 8472
f 8473 8722 8720 8469
f 8472 8721 8723 8476
f 8477 8724 8722 8473
f 8476 8723 8725 8480
f 8481 8726 8724 8477
f 8480 8725 8727 8484
f 8485 8728 8726 8481
f 8484 8727 8729 8488
f 8489 8732 8728 8485
f 8488 8729 8733 8492
f 8730 8734 8733 8729
f 8493 8736 8732 8489
f 8732 8736 8735 8731
f 8492 8733 8737 8495
f 8734 8738 8737 8733
f 8496 8740 8736 8493
f 8736 8740 8739 8735
f 8495 8737 8741 8497
f 8497 8741 8742 8498
f 8738 8742 8741 8737
f 8500 8744 8740 8496
f 8499 8743 8744 8500
f 8740 8744 8743 8739
f 8498 8742 8745 8502
f 8503 8748 8743 8499
f 8502 8745 8749 8505
f 8746 8750 8749 8745
f 8506 8752 8748 8503
f 8748 8752 8751 8747
f 8505 8749 8753 8507
f 8507 8753 8754 8508
f 8750 8754 8753 8749
f 8510 8758 8752 8506
f 8509 8757 8758 8510
f 8752 8758 8757 8751
f 8508 8754 8759 8512
f 8512 8759 8760 8513
f 8755 8760 8759 8754
f 8515 8762 8757 8509
f 8514 8761 8762 8515
f 8757 8762 8761 8756
f 8513 8760 8763 8518
f 8519 8766 8761 8514
f 8518 8763 8767 8521
f 8521 8767 8768 8522
f 8764 8768 8767 8763
f 8524 8772 8766 8519
f 8523 8771 8772 8524
f 8766 8772 8771 8765
f 8522 8768 8773 8526
f 8526 8773 8774 8527
f 8769 8774 8773 8768
f 8529 8776 8771 8523
f 8528 8775 8776 8529
f 8771 8776 8775 8770
f 8527 8774 8777 8532
f 8533 8780 8775 8528
f 8532 8777 8781 8535
f 8535 8781 8782 8536
f 8778 8782 8781 8777
f 8538 8786 8780 8533
f 8537 8785 8786 8538
f 8780 8786 8785 8779
f 8536 8782 8787 8539
f 8539 8787 8788 8540
f 8783 8788 8787 8782
f 8540 8788 8789 8541
f 8542 8792 8793 8543
f 8544 8794 8785 8537
f 8543 8793 8794 8544
f 8785 8794 8793 8784
f 8541 8789 8795 8546
f 8546 8795 8796 8547
f 8790 8796 8795 8789
f 8549 8800 8792 8542
f 8548 8799 8800 8549
f 8792 8800 8799 8791
f 8547 8796 8801 8552
f 8552 8801 8802 8553
f 8797 8802 8801 8796
f 8553 8802 8803 8554
f 8555 8806 8807 8556
f 8557 8808 8799 8548
f 8556 8807 8808 8557
f 8799 8808 8807 8798
f 8554 8803 8809 8560
f 8560 8809 8810 8561
f 8804 8810 8809 8803
f 8563 8816 8806 8555
f 8562 8815 8816 8563
f 8806 8816 8815 8805
f 8561 8810 8817 8566
f 8566 8817 8818 8567
f 8811 8818 8817 8810
f 8567 8818 8819 8568
f 8812 8819 8818 8811
f 8568 8819 8820 8569
f 8570 8827 8828 8571
f 8571 8828 8829 8572
f 8814 8829 8828 8813
f 8573 8830 8815 8562
f 8572 8829 8830 8573
f 8815 8830 8829 8814
f 8569 8820 8831 8576
f 8576 8831 8832 8577
f 8821 8832 8831 8820
f 8577 8832 8833 8578
f 8822 8833 8832 8821
f 8578 8833 8834 8579
f 8823 8834 8833 8822
f 8579 8834 8835 8580
f 8580 8835 8836 8581
f 8581 8836 8837 8582
f 8582 8837 8838 8583
f 8583 8838 8839 8584
f 8584 8839 8840 8585
f 8585 8840 8841 8586
f 8586 8841 8842 8587
f 8825 8842 8841 8824
f 8587 8842 8843 8588
f 8826 8843 8842 8825
f 8589 8844 8827 8570
f 8588 8843 8844 8589
f 8827 8844 8843 8826
f 8605 8846 8845 8604
f 8606 8847 8846 8605
f 8607 8848 8847 8606
f 8608 8849 8848 8607
f 8609 8850 8849 8608
f 8610 8851 8850 8609
f 8611 8852 8851 8610
f 8618 8854 8853 8617
f 8619 8855 8854 8618
f 8620 8856 8855 8619
f 8604 8845 8857 8621
f 8621 8857 8856 8620
f 8846 8858 8857 8845
f 8847 8859 8858 8846
f 8848 8860 8859 8847
f 8849 8861 8860 8848
f 8850 8862 8861 8849
f 8851 8863 8862 8850
f 8622 8864 8852 8611
f 8852 8864 8863 8851
f 8623 8865 8864 8622
f 8624 8866 8865 8623
f 8625 8867 8866 8624
f 8626 8868 8867 8625
f 8631 8870 8869 8630
f 8617 8853 8871 8632
f 8632 8871 8870 8631
f 8854 8872 8871 8853
f 8855 8873 8872 8854
f 8867 8875 8874 8866
f 8633 8876 8868 8626
f 8868 8876 8875 8867
f 8634 8877 8876 8633
f 8635 8878 8877 8634
f 8639 8880 8879 8638
f 8630 8869 8881 8640
f 8640 8881 8880 8639
f 8870 8882 8881 8869
f 8641 8884 8878 8635
f 8878 8884 8883 8877
f 8642 8885 8884 8641
f 8643 8886 8885 8642
f 8638 8879 8888 8647
f 8647 8888 8887 8646
f 8880 8889 8888 8879
f 8648 8891 8886 8643
f 8886 8891 8890 8885
f 8649 8892 8891 8648
f 8653 8894 8893 8652
f 8646 8887 8895 8654
f 8654 8895 8894 8653
f 8888 8896 8895 8887
f 8655 8898 8892 8649
f 8892 8898 8897 8891
f 8656 8899 8898 8655
f 8657 8900 8899 8656
f 8652 8893 8902 8661
f 8661 8902 8901 8660
f 8894 8903 8902 8893
f 8662 8905 8900 8657
f 8900 8905 8904 8899
f 8663 8906 8905 8662
f 8660 8901 8908 8666
f 8666 8908 8907 8665
f 8902 8909 8908 8901
f 8667 8911 8906 8663
f 8906 8911 8910 8905
f 8668 8912 8911 8667
f 8665 8907 8913 8670
f 8908 8914 8913 8907
f 8671 8916 8912 8668
f 8912 8916 8915 8911
f 8670 8913 8918 8675
f 8675 8918 8917 8674
f 8676 8919 8916 8671
f 8677 8920 8919 8676
f 8674 8917 8922 8680
f 8680 8922 8921 8679
f 8918 8923 8922 8917
f 8681 8925 8920 8677
f 8920 8925 8924 8919
f 8682 8926 8925 8681
f 8679 8921 8927 8684
f 8922 8928 8927 8921
f 8685 8930 8926 8682
f 8926 8930 8929 8925
f 8684 8927 8932 8689
f 8689 8932 8931 8688
f 8690 8933 8930 8685
f 8691 8934 8933 8690
f 8688 8931 8935 8694
f 8932 8936 8935 8931
f 8695 8938 8934 8691
f 8934 8938 8937 8933
f 8694 8935 8940 8698
f 8698 8940 8939 8697
f 8699 8941 8938 8695
f 8700 8942 8941 8699
f 8697 8939 8943 8702
f 8940 8944 8943 8939
f 8703 8946 8942 8700
f 8942 8946 8945 8941
f 8702 8943 8947 8706
f 8944 8948 8947 8943
f 8707 8950 8946 8703
f 8946 8950 8949 8945
f 8706 8947 8951 8710
f 8711 8952 8950 8707
f 8710 8951 8954 8714
f 8714 8954 8953 8713
f 8715 8955 8952 8711
f 8716 8956 8955 8715
f 8713 8953 8957 8717
f 8954 8958 8957 8953
f 8718 8960 8956 8716
f 8956 8960 8959 8955
f 8717 8957 8961 8719
f 8958 8962 8961 8957
f 8720 8964 8960 8718
f 8960 8964 8963 8959
f 8719 8961 8965 8721
f 8962 8966 8965 8961
f 8722 8968 8964 8720
f 8964 8968 8967 8963
f 8721 8965 8969 8723
f 8966 8970 8969 8965
f 8724 8972 8968 8722
f 8968 8972 8971 8967
f 8723 8969 8973 8725
f 8970 8974 8973 8969
f 8726 8976 8972 8724
f 8972 8976 8975 8971
f 8725 8973 8977 8727
f 8974 8978 8977 8973
f 8728 8980 8976 8726
f 8976 8980 8979 8975
f 8727 8977 8981 8729
f 8729 8981 8982 8730
f 8978 8982 8981 8977
f 8732 8984 8980 8728
f 8731 8983 8984 8732
f 8980 8984 8983 8979
f 8730 8982 8985 8734
f 8735 8986 8983 8731
f 8734 8985 8987 8738
f 8739 8990 8986 8735
f 8738 8987 8991 8742
f 8988 8992 8991 8987
f 8743 8994 8990 8739
f 8990 8994 8993 8989
f 8742 8991 8995 8745
f 8745 8995 8996 8746
f 8992 8996 8995 8991
f 8748 8998 8994 8743
f 8747 8997 8998 8748
f 8994 8998 8997 8993
f 8746 8996 8999 8750
f 8751 9002 8997 8747
f 8750 8999 9003 8754
f 8754 9003 9004 8755
f 9000 9004 9003 8999
f 8757 9006 9002 8751
f 8756 9005 9006 8757
f 9002 9006 9005 9001
f 8755 9004 9007 8760
f 8761 9010 9005 8756
f 8760 9007 9011 8763
f 8763 9011 9012 8764
f 9008 9012 9011 9007
f 8766 9016 9010 8761
f 8765 9015 9016 8766
f 9010 9016 9015 9009
f 8764 9012 9017 8768
f 8768 9017 9018 8769
f 9013 9018 9017 9012
f 8771 9020 9015 8765
f 8770 9019 9020 8771
f 9015 9020 9019 9014
f 8769 9018 9021 8774
f 8775 9024 9019 8770
f 8774 9021 9025 8777
f 8777 9025 9026 8778
f 9022 9026 9025 9021
f 8780 9030 9024 8775
f 8779 9029 9030 8780
f 9024 9030 9029 9023
f 8778 9026 9031 8782
f 8782 9031 9032 8783
f 9027 9032 9031 9026
f 8785 9036 9029 8779
f 8784 9035 9036 8785
f 9029 9036 9035 9028
f 8783 9032 9037 8788
f 8788 9037 9038 8789
f 9033 9038 9037 9032
f 8789 9038 9039 8790
f 8791 9042 9043 8792
f 8793 9044 9035 8784
f 8792 9043 9044 8793
f 9035 9044 9043 9034
f 8790 9039 9045 8796
f 8796 9045 9046 8797
f 9040 9046 9045 9039
f 8799 9050 9042 8791
f 8798 9049 9050 8799
f 9042 9050 9049 9041
f 8797 9046 9051 8802
f 8802 9051 9052 8803
f 9047 9052 9051 9046
f 8803 9052 9053 8804
f 8805 9056 9057 8806
f 8807 9058 9049 8798
f 8806 9057 9058 8807
f 9049 9058 9057 9048
f 8804 9053 9059 8810
f 8810 9059 9060 8811
f 9054 9060 9059 9053
f 8811 9060 9061 8812
f 8813 9066 9067 8814
f 8815 9068 9056 8805
f 8814 9067 9068 8815
f 9056 9068 9067 9055
f 8812 9061 9069 8819
f 8819 9069 9070 8820
f 9062 9070 9069 9061
f 8820 9070 9071 8821
f 9063 9071 9070 9062
f 8821 9071 9072 8822
f 8822 9072 9073 8823
f 8824 9080 9081 8825
f 8825 9081 9082 8826
f 8826 9082 9083 8827
f 9065 9083 9082 9064
f 8828 9084 9066 8813
f 8827 9083 9084 8828
f 9066 9084 9083 9065
f 8823 9073 9085 8834
f 8834 9085 9086 8835
f 9074 9086 9085 9073
f 8835 9086 9087 8836
f 9075 9087 9086 9074
f 8836 9087 9088 8837
f 9076 9088 9087 9075
f 8837 9088 9089 8838
f 9077 9089 9088 9076
f 8838 9089 9090 8839
f 9078 9090 9089 9077
f 8839 9090 9091 8840
f 9079 9091 9090 9078
f 8841 9092 9080 8824
f 8840 9091 9092 8841
f 9080 9092 9091 9079
f 8856 9094 9093 8855
f 8857 9095 9094 8856
f 8858 9096 9095 8857
f 8859 9097 9096 8858
f 8860 9098 9097 8859
f 8861 9099 9098 8860
f 8862 9100 9099 8861
f 8863 9101 9100 8862
f 8864 9102 9101 8863
f 8865 9103 9102 8864
f 8866 9104 9103 8865
f 8871 9106 9105 8870
f 8872 9107 9106 8871
f 8855 9093 9108 8873
f 8873 9108 9107 8872
f 9094 9109 9108 9093
f 9095 9110 9109 9094
f 9096 9111 9110 9095
f 9097 9112 9111 9096
f 9098 9113 9112 9097
f 9100 9115 9114 9099
f 9101 9116 9115 9100
f 9102 9117 9116 9101
f 9103 9118 9117 9102
f 8874 9119 9104 8866
f 9104 9119 9118 9103
f 8875 9120 9119 8874
f 8876 9121 9120 8875
f 8877 9122 9121 8876
f 8881 9124 9123 8880
f 8870 9105 9125 8882
f 8882 9125 9124 8881
f 9106 9126 9125 9105
f 9107 9127 9126 9106
f 9121 9129 9128 9120
f 8883 9130 9122 8877
f 9122 9130 9129 9121
f 8884 9131 9130 8883
f 8885 9132 9131 8884
f 8880 9123 9134 8889
f 8889 9134 9133 8888
f 9124 9135 9134 9123
f 9125 9136 9135 9124
f 9131 9138 9137 9130
f 8890 9139 9132 8885
f 9132 9139 9138 9131
f 8891 9140 9139 8890
f 8895 9142 9141 8894
f 8888 9133 9143 8896
f 8896 9143 9142 8895
f 9134 9144 9143 9133
f 8897 9146 9140 8891
f 9140 9146 9145 9139
f 8898 9147 9146 8897
f 8899 9148 9147 8898
f 8894 9141 9150 8903
f 8903 9150 9149 8902
f 9142 9151 9150 9141
f 8904 9153 9148 8899
f 9148 9153 9152 9147
f 8905 9154 9153 8904
f 8902 9149 9156 8909
f 8909 9156 9155 8908
f 9150 9157 9156 9149
f 8910 9159 9154 8905
f 9154 9159 9158 9153
f 8911 9160 9159 8910
f 8908 9155 9162 8914
f 8914 9162 9161 8913
f 9156 9163 9162 9155
f 8915 9165 9160 8911
f 9160 9165 9164 9159
f 8916 9166 9165 8915
f 8913 9161 9167 8918
f 9162 9168 9167 9161
f 8919 9170 9166 8916
f 9166 9170 9169 9165
f 8918 9167 9172 8923
f 8923 9172 9171 8922
f 8924 9173 9170 8919
f 8925 9174 9173 8924
f 8922 9171 9176 8928
f 8928 9176 9175 8927
f 9172 9177 9176 9171
f 8929 9179 9174 8925
f 9174 9179 9178 9173
f 8930 9180 9179 8929
f 8927 9175 9181 8932
f 9176 9182 9181 9175
f 8933 9184 9180 8930
f 9180 9184 9183 9179
f 8932 9181 9186 8936
f 8936 9186 9185 8935
f 9182 9187 9186 9181
f 8937 9189 9184 8933
f 9184 9189 9188 9183
f 8938 9190 9189 8937
f 8935 9185 9191 8940
f 9186 9192 9191 9185
f 8941 9194 9190 8938
f 9190 9194 9193 9189
f 8940 9191 9195 8944
f 9192 9196 9195 9191
f 8945 9198 9194 8941
f 9194 9198 9197 9193
f 8944 9195 9200 8948
f 8948 9200 9199 8947
f 8949 9201 9198 8945
f 8950 9202 9201 8949
f 8947 9199 9203 8951
f 9200 9204 9203 9199
f 8952 9206 9202 8950
f 9202 9206 9205 9201
f 8951 9203 9207 8954
f 9204 9208 9207 9203
f 8955 9210 9206 8952
f 9206 9210 9209 9205
f 8954 9207 9211 8958
f 9208 9212 9211 9207
f 8959 9214 9210 8955
f 9210 9214 9213 9209
f 8958 9211 9215 8962
f 9212 9216 9215 9211
f 8963 9218 9214 8959
f 9214 9218 9217 9213
f 8962 9215 9219 8966
f 9216 9220 9219 9215
f 8967 9222 9218 8963
f 9218 9222 9221 9217
f 8966 9219 9223 8970
f 8971 9226 9222 8967
f 8970 9223 9227 8974
f 9224 9228 9227 9223
f 8975 9230 9226 8971
f 9226 9230 9229 9225
f 8974 9227 9231 8978
f 9228 9232 9231 9227
f 8979 9234 9230 8975
f 9230 9234 9233 9229
f 8978 9231 9235 8982
f 9232 9236 9235 9231
f 8983 9238 9234 8979
f 9234 9238 9237 9233
f 8982 9235 9239 8985
f 9236 9240 9239 9235
f 8986 9242 9238 8983
f 9238 9242 9241 9237
f 8985 9239 9243 8987
f 8987 9243 9244 8988
f 9240 9244 9243 9239
f 8990 9246 9242 8986
f 8989 9245 9246 8990
f 9242 9246 9245 9241
f 8988 9244 9247 8992
f 8993 9250 9245 8989
f 8992 9247 9251 8996
f 9248 9252 9251 9247
f 8997 9254 9250 8993
f 9250 9254 9253 9249
f 8996 9251 9255 8999
f 8999 9255 9256 9000
f 9252 9256 9255 9251
f 9002 9260 9254 8997
f 9001 9259 9260 9002
f 9254 9260 9259 9253
f 9000 9256 9261 9004
f 9257 9262 9261 9256
f 9005 9264 9259 9001
f 9259 9264 9263 9258
f 9004 9261 9265 9007
f 9007 9265 9266 9008
f 9262 9266 9265 9261
f 9010 9270 9264 9005
f 9009 9269 9270 9010
f 9264 9270 9269 9263
f 9008 9266 9271 9012
f 9012 9271 9272 9013
f 9267 9272 9271 9266
f 9015 9274 9269 9009
f 9014 9273 9274 9015
f 9269 9274 9273 9268
f 9013 9272 9275 9018
f 9019 9278 9273 9014
f 9018 9275 9279 9021
f 9021 9279 9280 9022
f 9276 9280 9279 9275
f 9024 9284 9278 9019
f 9023 9283 9284 9024
f 9278 9284 9283 9277
f 9022 9280 9285 9026
f 9026 9285 9286 9027
f 9281 9286 9285 9280
f 9029 9290 9283 9023
f 9028 9289 9290 9029
f 9283 9290 9289 9282
f 9027 9286 9291 9032
f 9032 9291 9292 9033
f 9287 9292 9291 9286
f 9035 9296 9289 9028
f 9034 9295 9296 9035
f 9289 9296 9295 9288
f 9033 9292 9297 9038
f 9038 9297 9298 9039
f 9293 9298 9297 9292
f 9039 9298 9299 9040
f 9041 9302 9303 9042
f 9043 9304 9295 9034
f 9042 9303 9304 9043
f 9295 9304 9303 9294
f 9040 9299 9305 9046
f 9046 9305 9306 9047
f 9300 9306 9305 9299
f 9049 9312 9302 9041
f 9048 9311 9312 9049
f 9302 9312 9311 9301
f 9047 9306 9313 9052
f 9052 9313 9314 9053
f 9307 9314 9313 9306
f 9053 9314 9315 9054
f 9308 9315 9314 9307
f 9055 9320 9321 9056
f 9310 9321 9320 9309
f 9057 9322 9311 9048
f 9056 9321 9322 9057
f 9311 9322 9321 9310
f 9054 9315 9323 9060
f 9060 9323 9324 9061
f 9316 9324 9323 9315
f 9061 9324 9325 9062
f 9317 9325 9324 9316
f 9062 9325 9326 9063
f 9064 9337 9338 9065
f 9065 9338 9339 9066
f 9319 9339 9338 9318
f 9067 9340 9320 9055
f 9066 9339 9340 9067
f 9320 9340 9339 9319
f 9063 9326 9341 9071
f 9071 9341 9342 9072
f 9327 9342 9341 9326
f 9072 9342 9343 9073
f 9328 9343 9342 9327
f 9073 9343 9344 9074
f 9329 9344 9343 9328
f 9074 9344 9345 9075
f 9330 9345 9344 9329
f 9075 9345 9346 9076
f 9331 9346 9345 9330
f 9076 9346 9347 9077
f 9077 9347 9348 9078
f 9333 9348 9347 9332
f 9078 9348 9349 9079
f 9334 9349 9348 9333
f 9079 9349 9350 9080
f 9335 9350 9349 9334
f 9080 9350 9351 9081
f 9336 9351 9350 9335
f 9082 9352 9337 9064
f 9081 9351 9352 9082
f 9337 9352 9351 9336
f 9099 9354 9353 9098
f 9108 9356 9355 9107
f 9109 9357 9356 9108
f 9110 9358 9357 9109
f 9111 9359 9358 9110
f 9112 9360 9359 9111
f 9098 9353 9361 9113
f 9113 9361 9360 9112
f 9114 9362 9354 9099
f 9354 9362 9361 9353
f 9115 9363 9362 9114
f 9116 9364 9363 9115
f 9117 9365 9364 9116
f 9118 9366 9365 9117
f 9119 9367 9366 9118
f 9120 9368 9367 9119
f 9126 9370 9369 9125
f 9107 9355 9371 9127
f 9127 9371 9370 9126
f 9356 9372 9371 9355
f 9357 9373 9372 9356
f 9358 9374 9373 9357
f 9359 9375 9374 9358
f 9365 9377 9376 9364
f 9366 9378 9377 9365
f 9367 9379 9378 9366
f 9128 9380 9368 9120
f 9368 9380 9379 9367
f 9129 9381 9380 9128
f 9130 9382 9381 9129
f 9135 9384 9383 9134
f 9125 9369 9385 9136
f 9136 9385 9384 9135
f 9370 9386 9385 9369
f 9371 9387 9386 9370
f 9381 9389 9388 9380
f 9137 9390 9382 9130
f 9382 9390 9389 9381
f 9138 9391 9390 9137
f 9139 9392 9391 9138
f 9143 9394 9393 9142
f 9134 9383 9395 9144
f 9144 9395 9394 9143
f 9384 9396 9395 9383
f 9385 9397 9396 9384
f 9391 9399 9398 9390
f 9145 9400 9392 9139
f 9392 9400 9399 9391
f 9146 9401 9400 9145
f 9147 9402 9401 9146
f 9142 9393 9404 9151
f 9151 9404 9403 9150
f 9394 9405 9404 9393
f 9395 9406 9405 9394
f 9401 9408 9407 9400
f 9152 9409 9402 9147
f 9402 9409 9408 9401
f 9153 9410 9409 9152
f 9150 9403 9412 9157
f 9157 9412 9411 9156
f 9404 9413 9412 9403
f 9158 9415 9410 9153
f 9410 9415 9414 9409
f 9159 9416 9415 9158
f 9156 9411 9418 9163
f 9163 9418 9417 9162
f 9412 9419 9418 9411
f 9164 9421 9416 9159
f 9416 9421 9420 9415
f 9165 9422 9421 9164
f 9162 9417 9424 9168
f 9168 9424 9423 9167
f 9418 9425 9424 9417
f 9169 9427 9422 9165
f 9422 9427 9426 9421
f 9170 9428 9427 9169
f 9167 9423 9429 9172
f 9424 9430 9429 9423
f 9173 9432 9428 9170
f 9428 9432 9431 9427
f 9172 9429 9434 9177
f 9177 9434 9433 9176
f 9430 9435 9434 9429
f 9178 9437 9432 9173
f 9432 9437 9436 9431
f 9179 9438 9437 9178
f 9176 9433 9439 9182
f 9434 9440 9439 9433
f 9183 9442 9438 9179
f 9438 9442 9441 9437
f 9182 9439 9444 9187
f 9187 9444 9443 9186
f 9440 9445 9444 9439
f 9188 9447 9442 9183
f 9442 9447 9446 9441
f 9189 9448 9447 9188
f 9186 9443 9449 9192
f 9444 9450 9449 9443
f 9193 9452 9448 9189
f 9448 9452 9451 9447
f 9192 9449 9454 9196
f 9196 9454 9453 9195
f 9450 9455 9454 9449
f 9197 9457 9452 9193
f 9452 9457 9456 9451
f 9198 9458 9457 9197
f 9195 9453 9459 9200
f 9454 9460 9459 9453
f 9201 9462 9458 9198
f 9458 9462 9461 9457
f 9200 9459 9463 9204
f 9460 9464 9463 9459
f 9205 9466 9462 9201
f 9462 9466 9465 9461
f 9204 9463 9467 9208
f 9464 9468 9467 9463
f 9209 9470 9466 9205
f 9466 9470 9469 9465
f 9208 9467 9471 9212
f 9468 9472 9471 9467
f 9213 9474 9470 9209
f 9470 9474 9473 9469
f 9212 9471 9475 9216
f 9217 9476 9474 9213
f 9216 9475 9478 9220
f 9220 9478 9477 9219
f 9221 9479 9476 9217
f 9222 9480 9479 9221
f 9219 9477 9481 9223
f 9223 9481 9482 9224
f 9478 9482 9481 9477
f 9226 9484 9480 9222
f 9225 9483 9484 9226
f 9480 9484 9483 9479
f 9224 9482 9485 9228
f 9229 9486 9483 9225
f 9228 9485 9487 9232
f 9233 9490 9486 9229
f 9232 9487 9491 9236
f 9488 9492 9491 9487
f 9237 9494 9490 9233
f 9490 9494 9493 9489
f 9236 9491 9495 9240
f 9492 9496 9495 9491
f 9241 9498 9494 9237
f 9494 9498 9497 9493
f 9240 9495 9499 9244
f 9496 9500 9499 9495
f 9245 9502 9498 9241
f 9498 9502 9501 9497
f 9244 9499 9503 9247
f 9247 9503 9504 9248
f 9500 9504 9503 9499
f 9250 9508 9502 9245
f 9249 9507 9508 9250
f 9502 9508 9507 9501
f 9248 9504 9509 9252
f 9505 9510 9509 9504
f 9253 9512 9507 9249
f 9507 9512 9511 9506
f 9252 9509 9513 9256
f 9256 9513 9514 9257
f 9510 9514 9513 9509
f 9259 9518 9512 9253
f 9258 9517 9518 9259
f 9512 9518 9517 9511
f 9257 9514 9519 9262
f 9515 9520 9519 9514
f 9263 9522 9517 9258
f 9517 9522 9521 9516
f 9262 9519 9523 9266
f 9266 9523 9524 9267
f 9520 9524 9523 9519
f 9269 9528 9522 9263
f 9268 9527 9528 9269
f 9522 9528 9527 9521
f 9267 9524 9529 9272
f 9525 9530 9529 9524
f 9273 9532 9527 9268
f 9527 9532 9531 9526
f 9272 9529 9533 9275
f 9275 9533 9534 9276
f 9530 9534 9533 9529
f 9278 9538 9532 9273
f 9277 9537 9538 9278
f 9532 9538 9537 9531
f 9276 9534 9539 9280
f 9280 9539 9540 9281
f 9535 9540 9539 9534
f 9283 9544 9537 9277
f 9282 9543 9544 9283
f 9537 9544 9543 9536
f 9281 9540 9545 9286
f 9286 9545 9546 9287
f 9541 9546 9545 9540
f 9289 9550 9543 9282
f 9288 9549 9550 9289
f 9543 9550 9549 9542
f 9287 9546 9551 9292
f 9292 9551 9552 9293
f 9547 9552 9551 9546
f 9295 9558 9549 9288
f 9294 9557 9558 9295
f 9549 9558 9557 9548
f 9293 9552 9559 9298
f 9298 9559 9560 9299
f 9553 9560 9559 9552
f 9299 9560 9561 9300
f 9554 9561 9560 9553
f 9301 9566 9567 9302
f 9556 9567 9566 9555
f 9303 9568 9557 9294
f 9302 9567 9568 9303
f 9557 9568 9567 9556
f 9300 9561 9569 9306
f 9306 9569 9570 9307
f 9562 9570 9569 9561
f 9307 9570 9571 9308
f 9563 9571 9570 9562
f 9309 9576 9577 9310
f 9565 9577 9576 9564
f 9311 9578 9566 9301
f 9310 9577 9578 9311
f 9566 9578 9577 9565
f 9308 9571 9579 9315
f 9315 9579 9580 9316
f 9572 9580 9579 9571
f 9316 9580 9581 9317
f 9573 9581 9580 9572
f 9318 9590 9591 9319
f 9575 9591 9590 9574
f 9320 9592 9576 9309
f 9319 9591 9592 9320
f 9576 9592 9591 9575
f 9317 9581 9593 9325
f 9325 9593 9594 9326
f 9582 9594 9593 9581
f 9326 9594 9595 9327
f 9583 9595 9594 9582
f 9327 9595 9596 9328
f 9584 9596 9595 9583
f 9328 9596 9597 9329
f 9585 9597 9596 9584
f 9329 9597 9598 9330
f 9330 9598 9599 9331
f 9332 9600 9601 9333
f 9333 9601 9602 9334
f 9334 9602 9603 9335
f 9587 9603 9602 9586
f 9335 9603 9604 9336
f 9588 9604 9603 9587
f 9336 9604 9605 9337
f 9589 9605 9604 9588
f 9338 9606 9590 9318
f 9337 9605 9606 9338
f 9590 9606 9605 9589
f 9331 9599 9607 9346
f 9347 9608 9600 9332
f 9346 9607 9608 9347
f 9600 9608 9607 9599
f 9360 9610 9609 9359
f 9361 9611 9610 9360
f 9362 9612 9611 9361
f 9363 9613 9612 9362
f 9364 9614 9613 9363
f 9372 9616 9615 9371
f 9373 9617 9616 9372
f 9374 9618 9617 9373
f 9359 9609 9619 9375
f 9375 9619 9618 9374
f 9610 9620 9619 9609
f 9611 9621 9620 9610
f 9612 9622 9621 9611
f 9613 9623 9622 9612
f 9376 9624 9614 9364
f 9614 9624 9623 9613
f 9377 9625 9624 9376
f 9378 9626 9625 9377
f 9379 9627 9626 9378
f 9380 9628 9627 9379
f 9386 9630 9629 9385
f 9371 9615 9631 9387
f 9387 9631 9630 9386
f 9616 9632 9631 9615
f 9617 9633 9632 9616
f 9618 9634 9633 9617
f 9626 9636 9635 9625
f 9627 9637 9636 9626
f 9388 9638 9628 9380
f 9628 9638 9637 9627
f 9389 9639 9638 9388
f 9390 9640 9639 9389
f 9396 9642 9641 9395
f 9385 9629 9643 9397
f 9397 9643 9642 9396
f 9630 9644 9643 9629
f 9631 9645 9644 9630
f 9639 9647 9646 9638
f 9398 9648 9640 9390
f 9640 9648 9647 9639
f 9399 9649 9648 9398
f 9400 9650 9649 9399
f 9405 9652 9651 9404
f 9395 9641 9653 9406
f 9406 9653 9652 9405
f 9642 9654 9653 9641
f 9643 9655 9654 9642
f 9649 9657 9656 9648
f 9407 9658 9650 9400
f 9650 9658 9657 9649
f 9408 9659 9658 9407
f 9409 9660 9659 9408
f 9404 9651 9662 9413
f 9413 9662 9661 9412
f 9652 9663 9662 9651
f 9653 9664 9663 9652
f 9659 9666 9665 9658
f 9414 9667 9660 9409
f 9660 9667 9666 9659
f 9415 9668 9667 9414
f 9412 9661 9670 9419
f 9419 9670 9669 9418
f 9662 9671 9670 9661
f 9663 9672 9671 9662
f 9667 9674 9673 9666
f 9420 9675 9668 9415
f 9668 9675 9674 9667
f 9421 9676 9675 9420
f 9418 9669 9678 9425
f 9425 9678 9677 9424
f 9670 9679 9678 9669
f 9671 9680 9679 9670
f 9675 9682 9681 9674
f 9426 9683 9676 9421
f 9676 9683 9682 9675
f 9427 9684 9683 9426
f 9424 9677 9685 9430
f 9678 9686 9685 9677
f 9679 9687 9686 9678
f 9683 9689 9688 9682
f 9431 9690 9684 9427
f 9684 9690 9689 9683
f 9430 9685 9692 9435
f 9435 9692 9691 9434
f 9686 9693 9692 9685
f 9436 9695 9690 9431
f 9690 9695 9694 9689
f 9437 9696 9695 9436
f 9434 9691 9697 9440
f 9692 9698 9697 9691
f 9441 9700 9696 9437
f 9696 9700 9699 9695
f 9440 9697 9702 9445
f 9445 9702 9701 9444
f 9698 9703 9702 9697
f 9446 9705 9700 9441
f 9700 9705 9704 9699
f 9447 9706 9705 9446
f 9444 9701 9707 9450
f 9702 9708 9707 9701
f 9451 9710 9706 9447
f 9706 9710 9709 9705
f 9450 9707 9712 9455
f 9455 9712 9711 9454
f 9708 9713 9712 9707
f 9456 9715 9710 9451
f 9710 9715 9714 9709
f 9457 9716 9715 9456
f 9454 9711 9717 9460
f 9712 9718 9717 9711
f 9461 9720 9716 9457
f 9716 9720 9719 9715
f 9460 9717 9721 9464
f 9718 9722 9721 9717
f 9465 9724 9720 9461
f 9720 9724 9723 9719
f 9464 9721 9725 9468
f 9722 9726 9725 9721
f 9469 9728 9724 9465
f 9724 9728 9727 9723
f 9468 9725 9730 9472
f 9472 9730 9729 9471
f 9473 9731 9728 9469
f 9474 9732 9731 9473
f 9471 9729 9733 9475
f 9730 9734 9733 9729
f 9476 9736 9732 9474
f 9732 9736 9735 9731
f 9475 9733 9737 9478
f 9734 9738 9737 9733
f 9479 9740 9736 9476
f 9736 9740 9739 9735
f 9478 9737 9741 9482
f 9738 9742 9741 9737
f 9483 9744 9740 9479
f 9740 9744 9743 9739
f 9482 9741 9745 9485
f 9742 9746 9745 9741
f 9486 9748 9744 9483
f 9744 9748 9747 9743
f 9485 9745 9749 9487
f 9487 9749 9750 9488
f 9746 9750 9749 9745
f 9490 9752 9748 9486
f 9489 9751 9752 9490
f 9748 9752 9751 9747
f 9488 9750 9753 9492
f 9493 9756 9751 9489
f 9492 9753 9757 9496
f 9754 9758 9757 9753
f 9497 9760 9756 9493
f 9756 9760 9759 9755
f 9496 9757 9761 9500
f 9758 9762 9761 9757
f 9501 9764 9760 9497
f 9760 9764 9763 9759
f 9500 9761 9765 9504
f 9504 9765 9766 9505
f 9762 9766 9765 9761
f 9507 9770 9764 9501
f 9506 9769 9770 9507
f 9764 9770 9769 9763
f 9505 9766 9771 9510
f 9767 9772 9771 9766
f 9511 9774 9769 9506
f 9769 9774 9773 9768
f 9510 9771 9775 9514
f 9514 9775 9776 9515
f 9772 9776 9775 9771
f 9517 9780 9774 9511
f 9516 9779 9780 9517
f 9774 9780 9779 9773
f 9515 9776 9781 9520
f 9777 9782 9781 9776
f 9521 9784 9779 9516
f 9779 9784 9783 9778
f 9520 9781 9785 9524
f 9524 9785 9786 9525
f 9782 9786 9785 9781
f 9527 9790 9784 9521
f 9526 9789 9790 9527
f 9784 9790 9789 9783
f 9525 9786 9791 9530
f 9787 9792 9791 9786
f 9531 9796 9789 9526
f 9789 9796 9795 9788
f 9530 9791 9797 9534
f 9534 9797 9798 9535
f 9792 9798 9797 9791
f 9793 9799 9798 9792
f 9795 9803 9802 9794
f 9537 9804 9796 9531
f 9536 9803 9804 9537
f 9796 9804 9803 9795
f 9535 9798 9805 9540
f 9540 9805 9806 9541
f 9799 9806 9805 9798
f 9800 9807 9806 9799
f 9802 9811 9810 9801
f 9543 9812 9803 9536
f 9542 9811 9812 9543
f 9803 9812 9811 9802
f 9541 9806 9813 9546
f 9546 9813 9814 9547
f 9807 9814 9813 9806
f 9808 9815 9814 9807
f 9810 9819 9818 9809
f 9549 9820 9811 9542
f 9548 9819 9820 9549
f 9811 9820 9819 9810
f 9547 9814 9821 9552
f 9552 9821 9822 9553
f 9815 9822 9821 9814
f 9553 9822 9823 9554
f 9816 9823 9822 9815
f 9555 9828 9829 9556
f 9818 9829 9828 9817
f 9557 9830 9819 9548
f 9556 9829 9830 9557
f 9819 9830 9829 9818
f 9554 9823 9831 9561
f 9561 9831 9832 9562
f 9824 9832 9831 9823
f 9562 9832 9833 9563
f 9825 9833 9832 9824
f 9564 9838 9839 9565
f 9827 9839 9838 9826
f 9566 9840 9828 9555
f 9565 9839 9840 9566
f 9828 9840 9839 9827
f 9563 9833 9841 9571
f 9571 9841 9842 9572
f 9834 9842 9841 9833
f 9572 9842 9843 9573
f 9835 9843 9842 9834
f 9574 9850 9851 9575
f 9837 9851 9850 9836
f 9576 9852 9838 9564
f 9575 9851 9852 9576
f 9838 9852 9851 9837
f 9573 9843 9853 9581
f 9581 9853 9854 9582
f 9844 9854 9853 9843
f 9582 9854 9855 9583
f 9845 9855 9854 9844
f 9583 9855 9856 9584
f 9846 9856 9855 9845
f 9584 9856 9857 9585
f 9586 9862 9863 9587
f 9587 9863 9864 9588
f 9848 9864 9863 9847
f 9588 9864 9865 9589
f 9849 9865 9864 9848
f 9590 9866 9850 9574
f 9589 9865 9866 9590
f 9850 9866 9865 9849
f 9585 9857 9867 9597
f 9597 9867 9868 9598
f 9858 9868 9867 9857
f 9598 9868 9869 9599
f 9859 9869 9868 9858
f 9599 9869 9870 9600
f 9860 9870 9869 9859
f 9600 9870 9871 9601
f 9861 9871 9870 9860
f 9602 9872 9862 9586
f 9601 9871 9872 9602
f 9862 9872 9871 9861
f 9619 9874 9873 9618
f 9620 9875 9874 9619
f 9621 9876 9875 9620
f 9622 9877 9876 9621
f 9623 9878 9877 9622
f 9624 9879 9878 9623
f 9625 9880 9879 9624
f 9632 9882 9881 9631
f 9633 9883 9882 9632
f 9618 9873 9884 9634
f 9634 9884 9883 9633
f 9874 9885 9884 9873
f 9875 9886 9885 9874
f 9876 9887 9886 9875
f 9877 9888 9887 9876
f 9878 9889 9888 9877
f 9879 9890 9889 9878
f 9635 9891 9880 9625
f 9880 9891 9890 9879
f 9636 9892 9891 9635
f 9637 9893 9892 9636
f 9638 9894 9893 9637
f 9644 9896 9895 9643
f 9631 9881 9897 9645
f 9645 9897 9896 9644
f 9882 9898 9897 9881
f 9883 9899 9898 9882
f 9884 9900 9899 9883
f 9892 9902 9901 9891
f 9893 9903 9902 9892
f 9646 9904 9894 9638
f 9894 9904 9903 9893
f 9647 9905 9904 9646
f 9648 9906 9905 9647
f 9654 9908 9907 9653
f 9643 9895 9909 9655
f 9655 9909 9908 9654
f 9896 9910 9909 9895
f 9897 9911 9910 9896
f 9905 9913 9912 9904
f 9656 9914 9906 9648
f 9906 9914 9913 9905
f 9657 9915 9914 9656
f 9658 9916 9915 9657
f 9653 9907 9918 9664
f 9664 9918 9917 9663
f 9908 9919 9918 9907
f 9909 9920 9919 9908
f 9915 9922 9921 9914
f 9665 9923 9916 9658
f 9916 9923 9922 9915
f 9666 9924 9923 9665
f 9663 9917 9926 9672
f 9672 9926 9925 9671
f 9918 9927 9926 9917
f 9673 9929 9924 9666
f 9924 9929 9928 9923
f 9674 9930 9929 9673
f 9671 9925 9932 9680
f 9680 9932 9931 9679
f 9926 9933 9932 9925
f 9681 9935 9930 9674
f 9930 9935 9934 9929
f 9682 9936 9935 9681
f 9679 9931 9938 9687
f 9687 9938 9937 9686
f 9932 9939 9938 9931
f 9688 9941 9936 9682
f 9936 9941 9940 9935
f 9689 9942 9941 9688
f 9686 9937 9944 9693
f 9693 9944 9943 9692
f 9938 9945 9944 9937
f 9694 9947 9942 9689
f 9942 9947 9946 9941
f 9695 9948 9947 9694
f 9692 9943 9949 9698
f 9944 9950 9949 9943
f 9699 9952 9948 9695
f 9948 9952 9951 9947
f 9698 9949 9954 9703
f 9703 9954 9953 9702
f 9950 9955 9954 9949
f 9704 9957 9952 9699
f 9952 9957 9956 9951
f 9705 9958 9957 9704
f 9702 9953 9959 9708
f 9954 9960 9959 9953
f 9709 9962 9958 9705
f 9958 9962 9961 9957
f 9708 9959 9964 9713
f 9713 9964 9963 9712
f 9960 9965 9964 9959
f 9714 9967 9962 9709
f 9962 9967 9966 9961
f 9715 9968 9967 9714
f 9712 9963 9969 9718
f 9964 9970 9969 9963
f 9719 9972 9968 9715
f 9968 9972 9971 9967
f 9718 9969 9973 9722
f 9970 9974 9973 9969
f 9723 9976 9972 9719
f 9972 9976 9975 9971
f 9722 9973 9978 9726
f 9726 9978 9977 9725
f 9974 9979 9978 9973
f 9727 9981 9976 9723
f 9976 9981 9980 9975
f 9728 9982 9981 9727
f 9725 9977 9983 9730
f 9978 9984 9983 9977
f 9731 9986 9982 9728
f 9982 9986 9985 9981
f 9730 9983 9987 9734
f 9984 9988 9987 9983
f 9735 9990 9986 9731
f 9986 9990 9989 9985
f 9734 9987 9991 9738
f 9988 9992 9991 9987
f 9739 9994 9990 9735
f 9990 9994 9993 9989
f 9738 9991 9995 9742
f 9992 9996 9995 9991
f 9743 9998 9994 9739
f 9994 9998 9997 9993
f 9742 9995 9999 9746
f 9996 10000 9999 9995
f 9747 10002 9998 9743
f 9998 10002 10001 9997
f 9746 9999 10003 9750
f 10000 10004 10003 9999
f 9751 10006 10002 9747
f 10002 10006 10005 10001
f 9750 10003 10007 9753
f 9753 10007 10008 9754
f 10004 10008 10007 10003
f 9756 10012 10006 9751
f 9755 10011 10012 9756
f 10006 10012 10011 10005
f 9754 10008 10013 9758
f 10009 10014 10013 10008
f 9759 10016 10011 9755
f 10011 10016 10015 10010
f 9758 10013 10017 9762
f 10014 10018 10017 10013
f 9763 10020 10016 9759
f 10016 10020 10019 10015
f 9762 10017 10021 9766
f 9766 10021 10022 9767
f 10018 10022 10021 10017
f 9769 10026 10020 9763
f 9768 10025 10026 9769
f 10020 10026 10025 10019
f 9767 10022 10027 9772
f 10023 10028 10027 10022
f 9773 10030 10025 9768
f 10025 10030 10029 10024
f 9772 10027 10031 9776
f 9776 10031 10032 9777
f 10028 10032 10031 10027
f 9779 10036 10030 9773
f 9778 10035 10036 9779
f 10030 10036 10035 10029
f 9777 10032 10037 9782
f 10033 10038 10037 10032
f 9783 10040 10035 9778
f 10035 10040 10039 10034
f 9782 10037 10041 9786
f 9786 10041 10042 9787
f 10038 10042 10041 10037
f 9789 10046 10040 9783
f 9788 10045 10046 9789
f 10040 10046 10045 10039
f 9787 10042 10047 9792
f 9792 10047 10048 9793
f 10043 10048 10047 10042
f 9795 10052 10045 9788
f 9794 10051 10052 9795
f 10045 10052 10051 10044
f 9793 10048 10053 9799
f 9799 10053 10054 9800
f 10049 10054 10053 10048
f 9802 10058 10051 9794
f 9801 10057 10058 9802
f 10051 10058 10057 10050
f 9800 10054 10059 9807
f 9807 10059 10060 9808
f 10055 10060 10059 10054
f 9810 10064 10057 9801
f 9809 10063 10064 9810
f 10057 10064 10063 10056
f 9808 10060 10065 9815
f 9815 10065 10066 9816
f 10061 10066 10065 10060
f 9818 10072 10063 9809
f 9817 10071 10072 9818
f 10063 10072 10071 10062
f 9816 10066 10073 9823
f 9823 10073 10074 9824
f 10067 10074 10073 10066
f 9824 10074 10075 9825
f 10068 10075 10074 10067
f 9826 10080 10081 9827
f 10070 10081 10080 10069
f 9828 10082 10071 9817
f 9827 10081 10082 9828
f 10071 10082 10081 10070
f 9825 10075 10083 9833
f 9833 10083 10084 9834
f 10076 10084 10083 10075
f 9834 10084 10085 9835
f 10077 10085 10084 10076
f 9836 10092 10093 9837
f 10079 10093 10092 10078
f 9838 10094 10080 9826
f 9837 10093 10094 9838
f 10080 10094 10093 10079
f 9835 10085 10095 9843
f 9843 10095 10096 9844
f 10086 10096 10095 10085
f 9844 10096 10097 9845
f 10087 10097 10096 10086
f 9845 10097 10098 9846
f 10088 10098 10097 10087
f 9847 10105 10106 9848
f 10090 10106 10105 10089
f 9848 10106 10107 9849
f 10091 10107 10106 10090
f 9850 10108 10092 9836
f 9849 10107 10108 9850
f 10092 10108 10107 10091
f 9846 10098 10109 9856
f 9856 10109 10110 9857
f 10099 10110 10109 10098
f 9857 10110 10111 9858
f 10100 10111 10110 10099
f 9858 10111 10112 9859
f 10101 10112 10111 10100
f 9859 10112 10113 9860
f 10102 10113 10112 10101
f 9860 10113 10114 9861
f 10103 10114 10113 10102
f 9861 10114 10115 9862
f 10104 10115 10114 10103
f 9863 10116 10105 9847
f 9862 10115 10116 9863
f 10105 10116 10115 10104
f 9885 10118 10117 9884
f 9886 10119 10118 9885
f 9887 10120 10119 9886
f 9888 10121 10120 9887
f 9889 10122 10121 9888
f 9890 10123 10122 9889
f 9891 10124 10123 9890
f 9898 10126 10125 9897
f 9899 10127 10126 9898
f 9884 10117 10128 9900
f 9900 10128 10127 9899
f 10118 10129 10128 10117
f 10119 10130 10129 10118
f 10120 10131 10130 10119
f 10121 10132 10131 10120
f 10122 10133 10132 10121
f 10123 10134 10133 10122
f 9901 10135 10124 9891
f 10124 10135 10134 10123
f 9902 10136 10135 9901
f 9903 10137 10136 9902
f 9904 10138 10137 9903
f 9910 10140 10139 9909
f 9897 10125 10141 9911
f 9911 10141 10140 9910
f 10126 10142 10141 10125
f 10127 10143 10142 10126
f 10128 10144 10143 10127
f 10129 10145 10144 10128
f 10135 10147 10146 10134
f 10136 10148 10147 10135
f 10137 10149 10148 10136
f 9912 10150 10138 9904
f 10138 10150 10149 10137
f 9913 10151 10150 9912
f 9914 10152 10151 9913
f 9919 10154 10153 9918
f 9909 10139 10155 9920
f 9920 10155 10154 9919
f 10140 10156 10155 10139
f 10141 10157 10156 10140
f 10151 10159 10158 10150
f 9921 10160 10152 9914
f 10152 10160 10159 10151
f 9922 10161 10160 9921
f 9923 10162 10161 9922
f 9918 10153 10164 9927
f 9927 10164 10163 9926
f 10154 10165 10164 10153
f 10155 10166 10165 10154
f 10161 10168 10167 10160
f 9928 10169 10162 9923
f 10162 10169 10168 10161
f 9929 10170 10169 9928
f 9926 10163 10172 9933
f 9933 10172 10171 9932
f 10164 10173 10172 10163
f 10165 10174 10173 10164
f 10169 10176 10175 10168
f 9934 10177 10170 9929
f 10170 10177 10176 10169
f 9935 10178 10177 9934
f 9932 10171 10180 9939
f 9939 10180 10179 9938
f 10172 10181 10180 10171
f 10173 10182 10181 10172
f 10177 10184 10183 10176
f 9940 10185 10178 9935
f 10178 10185 10184 10177
f 9941 10186 10185 9940
f 9938 10179 10188 9945
f 9945 10188 10187 9944
f 10180 10189 10188 10179
f 10181 10190 10189 10180
f 10185 10192 10191 10184
f 9946 10193 10186 9941
f 10186 10193 10192 10185
f 9947 10194 10193 9946
f 9944 10187 10195 9950
f 10188 10196 10195 10187
f 10189 10197 10196 10188
f 10193 10199 10198 10192
f 9951 10200 10194 9947
f 10194 10200 10199 10193
f 9950 10195 10202 9955
f 9955 10202 10201 9954
f 10196 10203 10202 10195
f 9956 10205 10200 9951
f 10200 10205 10204 10199
f 9957 10206 10205 9956
f 9954 10201 10207 9960
f 10202 10208 10207 10201
f 9961 10210 10206 9957
f 10206 10210 10209 10205
f 9960 10207 10212 9965
f 9965 10212 10211 9964
f 10208 10213 10212 10207
f 9966 10215 10210 9961
f 10210 10215 10214 10209
f 9967 10216 10215 9966
f 9964 10211 10217 9970
f 10212 10218 10217 10211
f 9971 10220 10216 9967
f 10216 10220 10219 10215
f 9970 10217 10221 9974
f 10218 10222 10221 10217
f 9975 10224 10220 9971
f 10220 10224 10223 10219
f 9974 10221 10226 9979
f 9979 10226 10225 9978
f 10222 10227 10226 10221
f 9980 10229 10224 9975
f 10224 10229 10228 10223
f 9981 10230 10229 9980
f 9978 10225 10231 9984
f 10226 10232 10231 10225
f 10227 10233 10232 10226
f 10229 10235 10234 10228
f 9985 10236 10230 9981
f 10230 10236 10235 10229
f 9984 10231 10237 9988
f 10232 10238 10237 10231
f 9989 10240 10236 9985
f 10236 10240 10239 10235
f 9988 10237 10241 9992
f 10238 10242 10241 10237
f 9993 10244 10240 9989
f 10240 10244 10243 10239
f 9992 10241 10245 9996
f 10242 10246 10245 10241
f 9997 10248 10244 9993
f 10244 10248 10247 10243
f 9996 10245 10249 10000
f 10246 10250 10249 10245
f 10001 10252 10248 9997
f 10248 10252 10251 10247
f 10000 10249 10253 10004
f 10250 10254 10253 10249
f 10005 10258 10252 10001
f 10252 10258 10257 10251
f 10004 10253 10259 10008
f 10008 10259 10260 10009
f 10254 10260 10259 10253
f 10255 10261 10260 10254
f 10257 10263 10262 10256
f 10011 10264 10258 10005
f 10010 10263 10264 10011
f 10258 10264 10263 10257
f 10009 10260 10265 10014
f 10261 10266 10265 10260
f 10015 10268 10263 10010
f 10263 10268 10267 10262
f 10014 10265 10269 10018
f 10266 10270 10269 10265
f 10019 10272 10268 10015
f 10268 10272 10271 10267
f 10018 10269 10273 10022
f 10022 10273 10274 10023
f 10270 10274 10273 10269
f 10025 10278 10272 10019
f 10024 10277 10278 10025
f 10272 10278 10277 10271
f 10023 10274 10279 10028
f 10275 10280 10279 10274
f 10029 10282 10277 10024
f 10277 10282 10281 10276
f 10028 10279 10283 10032
f 10032 10283 10284 10033
f 10280 10284 10283 10279
f 10035 10288 10282 10029
f 10034 10287 10288 10035
f 10282 10288 10287 10281
f 10033 10284 10289 10038
f 10285 10290 10289 10284
f 10039 10294 10287 10034
f 10287 10294 10293 10286
f 10038 10289 10295 10042
f 10042 10295 10296 10043
f 10290 10296 10295 10289
f 10291 10297 10296 10290
f 10293 10301 10300 10292
f 10045 10302 10294 10039
f 10044 10301 10302 10045
f 10294 10302 10301 10293
f 10043 10296 10303 10048
f 10048 10303 10304 10049
f 10297 10304 10303 10296
f 10298 10305 10304 10297
f 10300 10309 10308 10299
f 10051 10310 10301 10044
f 10050 10309 10310 10051
f 10301 10310 10309 10300
f 10049 10304 10311 10054
f 10054 10311 10312 10055
f 10305 10312 10311 10304
f 10306 10313 10312 10305
f 10308 10317 10316 10307
f 10057 10318 10309 10050
f 10056 10317 10318 10057
f 10309 10318 10317 10308
f 10055 10312 10319 10060
f 10060 10319 10320 10061
f 10313 10320 10319 10312
f 10314 10321 10320 10313
f 10316 10325 10324 10315
f 10063 10326 10317 10056
f 10062 10325 10326 10063
f 10317 10326 10325 10316
f 10061 10320 10327 10066
f 10066 10327 10328 10067
f 10321 10328 10327 10320
f 10067 10328 10329 10068
f 10322 10329 10328 10321
f 10069 10334 10335 10070
f 10324 10335 10334 10323
f 10071 10336 10325 10062
f 10070 10335 10336 10071
f 10325 10336 10335 10324
f 10068 10329 10337 10075
f 10075 10337 10338 10076
f 10330 10338 10337 10329
f 10076 10338 10339 10077
f 10331 10339 10338 10330
f 10078 10348 10349 10079
f 10333 10349 10348 10332
f 10080 10350 10334 10069
f 10079 10349 10350 10080
f 10334 10350 10349 10333
f 10077 10339 10351 10085
f 10085 10351 10352 10086
f 10340 10352 10351 10339
f 10086 10352 10353 10087
f 10341 10353 10352 10340
f 10087 10353 10354 10088
f 10342 10354 10353 10341
f 10343 10355 10354 10342
f 10345 10361 10360 10344
f 10089 10361 10362 10090
f 10346 10362 10361 10345
f 10090 10362 10363 10091
f 10347 10363 10362 10346
f 10092 10364 10348 10078
f 10091 10363 10364 10092
f 10348 10364 10363 10347
f 10088 10354 10365 10098
f 10098 10365 10366 10099
f 10355 10366 10365 10354
f 10099 10366 10367 10100
f 10356 10367 10366 10355
f 10100 10367 10368 10101
f 10357 10368 10367 10356
f 10101 10368 10369 10102
f 10358 10369 10368 10357
f 10102 10369 10370 10103
f 10359 10370 10369 10358
f 10103 10370 10371 10104
f 10360 10371 10370 10359
f 10105 10372 10361 10089
f 10104 10371 10372 10105
f 10361 10372 10371 10360
f 10130 10374 10373 10129
f 10131 10375 10374 10130
f 10132 10376 10375 10131
f 10133 10377 10376 10132
f 10134 10378 10377 10133
f 10142 10380 10379 10141
f 10143 10381 10380 10142
f 10144 10382 10381 10143
f 10129 10373 10383 10145
f 10145 10383 10382 10144
f 10374 10384 10383 10373
f 10375 10385 10384 10374
f 10376 10386 10385 10375
f 10377 10387 10386 10376
f 10146 10388 10378 10134
f 10378 10388 10387 10377
f 10147 10389 10388 10146
f 10148 10390 10389 10147
f 10149 10391 10390 10148
f 10150 10392 10391 10149
f 10156 10394 10393 10155
f 10141 10379 10395 10157
f 10157 10395 10394 10156
f 10380 10396 10395 10379
f 10381 10397 10396 10380
f 10382 10398 10397 10381
f 10383 10399 10398 10382
f 10384 10400 10399 10383
f 10385 10401 10400 10384
f 10387 10403 10402 10386
f 10388 10404 10403 10387
f 10389 10405 10404 10388
f 10390 10406 10405 10389
f 10391 10407 10406 10390
f 10158 10408 10392 10150
f 10392 10408 10407 10391
f 10159 10409 10408 10158
f 10160 10410 10409 10159
f 10155 10393 10412 10166
f 10166 10412 10411 10165
f 10394 10413 10412 10393
f 10395 10414 10413 10394
f 10396 10415 10414 10395
f 10408 10417 10416 10407
f 10409 10418 10417 10408
f 10167 10419 10410 10160
f 10410 10419 10418 10409
f 10168 10420 10419 10167
f 10165 10411 10422 10174
f 10174 10422 10421 10173
f 10412 10423 10422 10411
f 10413 10424 10423 10412
f 10419 10426 10425 10418
f 10175 10427 10420 10168
f 10420 10427 10426 10419
f 10176 10428 10427 10175
f 10173 10421 10430 10182
f 10182 10430 10429 10181
f 10422 10431 10430 10421
f 10183 10433 10428 10176
f 10428 10433 10432 10427
f 10184 10434 10433 10183
f 10181 10429 10436 10190
f 10190 10436 10435 10189
f 10430 10437 10436 10429
f 10191 10439 10434 10184
f 10434 10439 10438 10433
f 10192 10440 10439 10191
f 10189 10435 10442 10197
f 10197 10442 10441 10196
f 10436 10443 10442 10435
f 10198 10445 10440 10192
f 10440 10445 10444 10439
f 10199 10446 10445 10198
f 10196 10441 10448 10203
f 10203 10448 10447 10202
f 10442 10449 10448 10441
f 10204 10451 10446 10199
f 10446 10451 10450 10445
f 10205 10452 10451 10204
f 10202 10447 10453 10208
f 10448 10454 10453 10447
f 10449 10455 10454 10448
f 10451 10457 10456 10450
f 10209 10458 10452 10205
f 10452 10458 10457 10451
f 10208 10453 10460 10213
f 10213 10460 10459 10212
f 10454 10461 10460 10453
f 10214 10463 10458 10209
f 10458 10463 10462 10457
f 10215 10464 10463 10214
f 10212 10459 10465 10218
f 10460 10466 10465 10459
f 10461 10467 10466 10460
f 10463 10469 10468 10462
f 10219 10470 10464 10215
f 10464 10470 10469 10463
f 10218 10465 10471 10222
f 10466 10472 10471 10465
f 10223 10474 10470 10219
f 10470 10474 10473 10469
f 10222 10471 10475 10227
f 10472 10476 10475 10471
f 10228 10478 10474 10223
f 10474 10478 10477 10473
f 10227 10475 10480 10233
f 10233 10480 10479 10232
f 10476 10481 10480 10475
f 10234 10483 10478 10228
f 10478 10483 10482 10477
f 10235 10484 10483 10234
f 10232 10479 10485 10238
f 10480 10486 10485 10479
f 10481 10487 10486 10480
f 10483 10489 10488 10482
f 10239 10490 10484 10235
f 10484 10490 10489 10483
f 10238 10485 10491 10242
f 10486 10492 10491 10485
f 10487 10493 10492 10486
f 10489 10495 10494 10488
f 10243 10496 10490 10239
f 10490 10496 10495 10489
f 10242 10491 10497 10246
f 10492 10498 10497 10491
f 10247 10502 10496 10243
f 10496 10502 10501 10495
f 10246 10497 10503 10250
f 10498 10504 10503 10497
f 10499 10505 10504 10498
f 10501 10507 10506 10500
f 10251 10508 10502 10247
f 10502 10508 10507 10501
f 10250 10503 10509 10254
f 10254 10509 10510 10255
f 10504 10510 10509 10503
f 10505 10511 10510 10504
f 10507 10513 10512 10506
f 10257 10514 10508 10251
f 10256 10513 10514 10257
f 10508 10514 10513 10507
f 10255 10510 10515 10261
f 10511 10516 10515 10510
f 10262 10518 10513 10256
f 10513 10518 10517 10512
f 10261 10515 10519 10266
f 10516 10520 10519 10515
f 10267 10522 10518 10262
f 10518 10522 10521 10517
f 10266 10519 10523 10270
f 10520 10524 10523 10519
f 10271 10528 10522 10267
f 10522 10528 10527 10521
f 10270 10523 10529 10274
f 10274 10529 10530 10275
f 10524 10530 10529 10523
f 10525 10531 10530 10524
f 10527 10533 10532 10526
f 10277 10534 10528 10271
f 10276 10533 10534 10277
f 10528 10534 10533 10527
f 10275 10530 10535 10280
f 10531 10536 10535 10530
f 10281 10540 10533 10276
f 10533 10540 10539 10532
f 10280 10535 10541 10284
f 10284 10541 10542 10285
f 10536 10542 10541 10535
f 10537 10543 10542 10536
f 10539 10545 10544 10538
f 10287 10546 10540 10281
f 10286 10545 10546 10287
f 10540 10546 10545 10539
f 10285 10542 10547 10290
f 10290 10547 10548 10291
f 10543 10548 10547 10542
f 10293 10552 10545 10286
f 10292 10551 10552 10293
f 10545 10552 10551 10544
f 10291 10548 10553 10297
f 10297 10553 10554 10298
f 10549 10554 10553 10548
f 10300 10558 10551 10292
f 10299 10557 10558 10300
f 10551 10558 10557 10550
f 10298 10554 10559 10305
f 10305 10559 10560 10306
f 10555 10560 10559 10554
f 10308 10564 10557 10299
f 10307 10563 10564 10308
f 10557 10564 10563 10556
f 10306 10560 10565 10313
f 10313 10565 10566 10314
f 10561 10566 10565 10560
f 10316 10572 10563 10307
f 10315 10571 10572 10316
f 10563 10572 10571 10562
f 10314 10566 10573 10321
f 10321 10573 10574 10322
f 10567 10574 10573 10566
f 10568 10575 10574 10567
f 10570 10581 10580 10569
f 10324 10582 10571 10315
f 10323 10581 10582 10324
f 10571 10582 10581 10570
f 10322 10574 10583 10329
f 10329 10583 10584 10330
f 10575 10584 10583 10574
f 10330 10584 10585 10331
f 10576 10585 10584 10575
f 10577 10586 10585 10576
f 10579 10598 10597 10578
f 10332 10598 10599 10333
f 10580 10599 10598 10579
f 10334 10600 10581 10323
f 10333 10599 10600 10334
f 10581 10600 10599 10580
f 10331 10585 10601 10339
f 10339 10601 10602 10340
f 10586 10602 10601 10585
f 10340 10602 10603 10341
f 10587 10603 10602 10586
f 10341 10603 10604 10342
f 10588 10604 10603 10587
f 10342 10604 10605 10343
f 10589 10605 10604 10588
f 10590 10606 10605 10589
f 10591 10607 10606 10590
f 10593 10609 10608 10592
f 10594 10610 10609 10593
f 10344 10610 10611 10345
f 10595 10611 10610 10594
f 10345 10611 10612 10346
f 10596 10612 10611 10595
f 10346 10612 10613 10347
f 10597 10613 10612 10596
f 10348 10614 10598 10332
f 10347 10613 10614 10348
f 10598 10614 10613 10597
f 10343 10605 10615 10355
f 10355 10615 10616 10356
f 10606 10616 10615 10605
f 10356 10616 10617 10357
f 10607 10617 10616 10606
f 10357 10617 10618 10358
f 10608 10618 10617 10607
f 10358 10618 10619 10359
f 10609 10619 10618 10608
f 10360 10620 10610 10344
f 10359 10619 10620 10360
f 10610 10620 10619 10609
f 10386 10622 10621 10385
f 10397 10624 10623 10396
f 10398 10625 10624 10397
f 10399 10626 10625 10398
f 10400 10627 10626 10399
f 10385 10621 10628 10401
f 10401 10628 10627 10400
f 10402 10629 10622 10386
f 10622 10629 10628 10621
f 10403 10630 10629 10402
f 10404 10631 10630 10403
f 10405 10632 10631 10404
f 10406 10633 10632 10405
f 10407 10634 10633 10406
f 10414 10636 10635 10413
f 10396 10623 10637 10415
f 10415 10637 10636 10414
f 10624 10638 10637 10623
f 10625 10639 10638 10624
f 10626 10640 10639 10625
f 10627 10641 10640 10626
f 10628 10642 10641 10627
f 10629 10643 10642 10628
f 10630 10644 10643 10629
f 10631 10645 10644 10630
f 10632 10646 10645 10631
f 10633 10647 10646 10632
f 10416 10648 10634 10407
f 10634 10648 10647 10633
f 10417 10649 10648 10416
f 10418 10650 10649 10417
f 10423 10652 10651 10422
f 10413 10635 10653 10424
f 10424 10653 10652 10423
f 10636 10654 10653 10635
f 10637 10655 10654 10636
f 10638 10656 10655 10637
f 10639 10657 10656 10638
f 10647 10659 10658 10646
f 10648 10660 10659 10647
f 10649 10661 10660 10648
f 10425 10662 10650 10418
f 10650 10662 10661 10649
f 10426 10663 10662 10425
f 10427 10664 10663 10426
f 10422 10651 10666 10431
f 10431 10666 10665 10430
f 10652 10667 10666 10651
f 10653 10668 10667 10652
f 10654 10669 10668 10653
f 10662 10671 10670 10661
f 10663 10672 10671 10662
f 10432 10673 10664 10427
f 10664 10673 10672 10663
f 10433 10674 10673 10432
f 10430 10665 10676 10437
f 10437 10676 10675 10436
f 10666 10677 10676 10665
f 10667 10678 10677 10666
f 10668 10679 10678 10667
f 10672 10681 10680 10671
f 10673 10682 10681 10672
f 10438 10683 10674 10433
f 10674 10683 10682 10673
f 10439 10684 10683 10438
f 10436 10675 10686 10443
f 10443 10686 10685 10442
f 10676 10687 10686 10675
f 10677 10688 10687 10676
f 10683 10690 10689 10682
f 10444 10691 10684 10439
f 10684 10691 10690 10683
f 10445 10692 10691 10444
f 10442 10685 10693 10449
f 10686 10694 10693 10685
f 10687 10695 10694 10686
f 10691 10697 10696 10690
f 10450 10698 10692 10445
f 10692 10698 10697 10691
f 10449 10693 10700 10455
f 10455 10700 10699 10454
f 10694 10701 10700 10693
f 10695 10702 10701 10694
f 10697 10704 10703 10696
f 10456 10705 10698 10450
f 10698 10705 10704 10697
f 10457 10706 10705 10456
f 10454 10699 10707 10461
f 10700 10708 10707 10699
f 10701 10709 10708 10700
f 10705 10711 10710 10704
f 10462 10712 10706 10457
f 10706 10712 10711 10705
f 10461 10707 10714 10467
f 10467 10714 10713 10466
f 10708 10715 10714 10707
f 10468 10717 10712 10462
f 10712 10717 10716 10711
f 10469 10718 10717 10468
f 10466 10713 10719 10472
f 10714 10720 10719 10713
f 10715 10721 10720 10714
f 10717 10723 10722 10716
f 10473 10724 10718 10469
f 10718 10724 10723 10717
f 10472 10719 10725 10476
f 10720 10726 10725 10719
f 10721 10727 10726 10720
f 10723 10729 10728 10722
f 10477 10730 10724 10473
f 10724 10730 10729 10723
f 10476 10725 10731 10481
f 10726 10732 10731 10725
f 10482 10734 10730 10477
f 10730 10734 10733 10729
f 10481 10731 10735 10487
f 10732 10736 10735 10731
f 10488 10738 10734 10482
f 10734 10738 10737 10733
f 10487 10735 10740 10493
f 10493 10740 10739 10492
f 10736 10741 10740 10735
f 10494 10743 10738 10488
f 10738 10743 10742 10737
f 10495 10744 10743 10494
f 10492 10739 10745 10498
f 10498 10745 10746 10499
f 10740 10746 10745 10739
f 10741 10747 10746 10740
f 10743 10749 10748 10742
f 10501 10750 10744 10495
f 10500 10749 10750 10501
f 10744 10750 10749 10743
f 10499 10746 10751 10505
f 10747 10752 10751 10746
f 10506 10754 10749 10500
f 10749 10754 10753 10748
f 10505 10751 10755 10511
f 10752 10756 10755 10751
f 10512 10758 10754 10506
f 10754 10758 10757 10753
f 10511 10755 10759 10516
f 10756 10760 10759 10755
f 10517 10764 10758 10512
f 10758 10764 10763 10757
f 10516 10759 10765 10520
f 10760 10766 10765 10759
f 10761 10767 10766 10760
f 10763 10769 10768 10762
f 10521 10770 10764 10517
f 10764 10770 10769 10763
f 10520 10765 10771 10524
f 10524 10771 10772 10525
f 10766 10772 10771 10765
f 10767 10773 10772 10766
f 10769 10775 10774 10768
f 10527 10776 10770 10521
f 10526 10775 10776 10527
f 10770 10776 10775 10769
f 10525 10772 10777 10531
f 10773 10778 10777 10772
f 10532 10782 10775 10526
f 10775 10782 10781 10774
f 10531 10777 10783 10536
f 10536 10783 10784 10537
f 10778 10784 10783 10777
f 10779 10785 10784 10778
f 10781 10789 10788 10780
f 10539 10790 10782 10532
f 10538 10789 10790 10539
f 10782 10790 10789 10781
f 10537 10784 10791 10543
f 10785 10792 10791 10784
f 10786 10793 10792 10785
f 10788 10795 10794 10787
f 10544 10796 10789 10538
f 10789 10796 10795 10788
f 10543 10791 10797 10548
f 10548 10797 10798 10549
f 10792 10798 10797 10791
f 10793 10799 10798 10792
f 10795 10803 10802 10794
f 10551 10804 10796 10544
f 10550 10803 10804 10551
f 10796 10804 10803 10795
f 10549 10798 10805 10554
f 10554 10805 10806 10555
f 10799 10806 10805 10798
f 10800 10807 10806 10799
f 10802 10813 10812 10801
f 10557 10814 10803 10550
f 10556 10813 10814 10557
f 10803 10814 10813 10802
f 10555 10806 10815 10560
f 10560 10815 10816 10561
f 10807 10816 10815 10806
f 10808 10817 10816 10807
f 10809 10818 10817 10808
f 10811 10822 10821 10810
f 10812 10823 10822 10811
f 10563 10824 10813 10556
f 10562 10823 10824 10563
f 10813 10824 10823 10812
f 10561 10816 10825 10566
f 10566 10825 10826 10567
f 10817 10826 10825 10816
f 10567 10826 10827 10568
f 10818 10827 10826 10817
f 10819 10828 10827 10818
f 10821 10836 10835 10820
f 10569 10836 10837 10570
f 10822 10837 10836 10821
f 10571 10838 10823 10562
f 10570 10837 10838 10571
f 10823 10838 10837 10822
f 10568 10827 10839 10575
f 10575 10839 10840 10576
f 10828 10840 10839 10827
f 10576 10840 10841 10577
f 10829 10841 10840 10828
f 10830 10842 10841 10829
f 10831 10843 10842 10830
f 10833 10851 10850 10832
f 10834 10852 10851 10833
f 10578 10852 10853 10579
f 10835 10853 10852 10834
f 10580 10854 10836 10569
f 10579 10853 10854 10580
f 10836 10854 10853 10835
f 10577 10841 10855 10586
f 10586 10855 10856 10587
f 10842 10856 10855 10841
f 10587 10856 10857 10588
f 10843 10857 10856 10842
f 10588 10857 10858 10589
f 10844 10858 10857 10843
f 10589 10858 10859 10590
f 10845 10859 10858 10844
f 10590 10859 10860 10591
f 10846 10860 10859 10845
f 10847 10861 10860 10846
f 10592 10861 10862 10593
f 10848 10862 10861 10847
f 10593 10862 10863 10594
f 10849 10863 10862 10848
f 10594 10863 10864 10595
f 10850 10864 10863 10849
f 10595 10864 10865 10596
f 10851 10865 10864 10850
f 10597 10866 10852 10578
f 10596 10865 10866 10597
f 10852 10866 10865 10851
f 10591 10860 10867 10607
f 10608 10868 10861 10592
f 10607 10867 10868 10608
f 10861 10868 10867 10860
f 10640 10870 10869 10639
f 10641 10871 10870 10640
f 10642 10872 10871 10641
f 10643 10873 10872 10642
f 10644 10874 10873 10643
f 10645 10875 10874 10644
f 10646 10876 10875 10645
f 10655 10878 10877 10654
f 10656 10879 10878 10655
f 10639 10869 10880 10657
f 10657 10880 10879 10656
f 10870 10881 10880 10869
f 10871 10882 10881 10870
f 10872 10883 10882 10871
f 10873 10884 10883 10872
f 10874 10885 10884 10873
f 10875 10886 10885 10874
f 10658 10887 10876 10646
f 10876 10887 10886 10875
f 10659 10888 10887 10658
f 10660 10889 10888 10659
f 10661 10890 10889 10660
f 10654 10877 10892 10669
f 10669 10892 10891 10668
f 10878 10893 10892 10877
f 10879 10894 10893 10878
f 10880 10895 10894 10879
f 10881 10896 10895 10880
f 10882 10897 10896 10881
f 10883 10898 10897 10882
f 10884 10899 10898 10883
f 10885 10900 10899 10884
f 10886 10901 10900 10885
f 10887 10902 10901 10886
f 10888 10903 10902 10887
f 10889 10904 10903 10888
f 10670 10905 10890 10661
f 10890 10905 10904 10889
f 10671 10906 10905 10670
f 10678 10908 10907 10677
f 10668 10891 10909 10679
f 10679 10909 10908 10678
f 10892 10910 10909 10891
f 10893 10911 10910 10892
f 10894 10912 10911 10893
f 10904 10914 10913 10903
f 10905 10915 10914 10904
f 10680 10916 10906 10671
f 10906 10916 10915 10905
f 10681 10917 10916 10680
f 10682 10918 10917 10681
f 10677 10907 10920 10688
f 10688 10920 10919 10687
f 10908 10921 10920 10907
f 10909 10922 10921 10908
f 10910 10923 10922 10909
f 10916 10925 10924 10915
f 10917 10926 10925 10916
f 10689 10927 10918 10682
f 10918 10927 10926 10917
f 10690 10928 10927 10689
f 10687 10919 10929 10695
f 10920 10930 10929 10919
f 10921 10931 10930 10920
f 10922 10932 10931 10921
f 10926 10934 10933 10925
f 10927 10935 10934 10926
f 10696 10936 10928 10690
f 10928 10936 10935 10927
f 10695 10929 10938 10702
f 10702 10938 10937 10701
f 10930 10939 10938 10929
f 10931 10940 10939 10930
f 10935 10942 10941 10934
f 10703 10943 10936 10696
f 10936 10943 10942 10935
f 10704 10944 10943 10703
f 10701 10937 10946 10709
f 10709 10946 10945 10708
f 10938 10947 10946 10937
f 10939 10948 10947 10938
f 10943 10950 10949 10942
f 10710 10951 10944 10704
f 10944 10951 10950 10943
f 10711 10952 10951 10710
f 10708 10945 10953 10715
f 10946 10954 10953 10945
f 10947 10955 10954 10946
f 10951 10957 10956 10950
f 10716 10958 10952 10711
f 10952 10958 10957 10951
f 10715 10953 10959 10721
f 10954 10960 10959 10953
f 10955 10961 10960 10954
f 10957 10963 10962 10956
f 10722 10964 10958 10716
f 10958 10964 10963 10957
f 10721 10959 10966 10727
f 10727 10966 10965 10726
f 10960 10967 10966 10959
f 10728 10969 10964 10722
f 10964 10969 10968 10963
f 10729 10970 10969 10728
f 10726 10965 10971 10732
f 10966 10972 10971 10965
f 10967 10973 10972 10966
f 10969 10975 10974 10968
f 10733 10976 10970 10729
f 10970 10976 10975 10969
f 10732 10971 10977 10736
f 10972 10978 10977 10971
f 10973 10979 10978 10972
f 10975 10981 10980 10974
f 10737 10982 10976 10733
f 10976 10982 10981 10975
f 10736 10977 10983 10741
f 10978 10984 10983 10977
f 10979 10985 10984 10978
f 10981 10987 10986 10980
f 10742 10988 10982 10737
f 10982 10988 10987 10981
f 10741 10983 10989 10747
f 10984 10990 10989 10983
f 10985 10991 10990 10984
f 10987 10993 10992 10986
f 10748 10994 10988 10742
f 10988 10994 10993 10987
f 10747 10989 10995 10752
f 10990 10996 10995 10989
f 10991 10997 10996 10990
f 10993 10999 10998 10992
f 10753 11000 10994 10748
f 10994 11000 10999 10993
f 10752 10995 11001 10756
f 10996 11002 11001 10995
f 10997 11003 11002 10996
f 10999 11005 11004 10998
f 10757 11006 11000 10753
f 11000 11006 11005 10999
f 10756 11001 11007 10760
f 10760 11007 11008 10761
f 11002 11008 11007 11001
f 11003 11009 11008 11002
f 11005 11011 11010 11004
f 10763 11012 11006 10757
f 10762 11011 11012 10763
f 11006 11012 11011 11005
f 10761 11008 11013 10767
f 11009 11014 11013 11008
f 10768 11018 11011 10762
f 11011 11018 11017 11010
f 10767 11013 11019 10773
f 11014 11020 11019 11013
f 11015 11021 11020 11014
f 11017 11023 11022 11016
f 10774 11024 11018 10768
f 11018 11024 11023 11017
f 10773 11019 11025 10778
f 10778 11025 11026 10779
f 11020 11026 11025 11019
f 11021 11027 11026 11020
f 11023 11031 11030 11022
f 10781 11032 11024 10774
f 10780 11031 11032 10781
f 11024 11032 11031 11023
f 10779 11026 11033 10785
f 10785 11033 11034 10786
f 11027 11034 11033 11026
f 11028 11035 11034 11027
f 11030 11039 11038 11029
f 10788 11040 11031 10780
f 10787 11039 11040 10788
f 11031 11040 11039 11030
f 10786 11034 11041 10793
f 11035 11042 11041 11034
f 11036 11043 11042 11035
f 11038 11047 11046 11037
f 10794 11048 11039 10787
f 11039 11048 11047 11038
f 10793 11041 11049 10799
f 10799 11049 11050 10800
f 11042 11050 11049 11041
f 11043 11051 11050 11042
f 11044 11052 11051 11043
f 11046 11056 11055 11045
f 11047 11057 11056 11046
f 10802 11058 11048 10794
f 10801 11057 11058 10802
f 11048 11058 11057 11047
f 10800 11050 11059 10807
f 10807 11059 11060 10808
f 11051 11060 11059 11050
f 10808 11060 11061 10809
f 11052 11061 11060 11051
f 11053 11062 11061 11052
f 11055 11068 11067 11054
f 10810 11068 11069 10811
f 11056 11069 11068 11055
f 10812 11070 11057 10801
f 10811 11069 11070 10812
f 11057 11070 11069 11056
f 10809 11061 11071 10818
f 10818 11071 11072 10819
f 11062 11072 11071 11061
f 11063 11073 11072 11062
f 11064 11074 11073 11063
f 11066 11084 11083 11065
f 11067 11085 11084 11066
f 10821 11086 11068 10810
f 10820 11085 11086 10821
f 11068 11086 11085 11067
f 10819 11072 11087 10828
f 10828 11087 11088 10829
f 11073 11088 11087 11072
f 10829 11088 11089 10830
f 11074 11089 11088 11073
f 10830 11089 11090 10831
f 11075 11090 11089 11074
f 11076 11091 11090 11075
f 11077 11092 11091 11076
f 11078 11093 11092 11077
f 11079 11094 11093 11078
f 11080 11095 11094 11079
f 11081 11096 11095 11080
f 11082 11097 11096 11081
f 10832 11097 11098 10833
f 11083 11098 11097 11082
f 10833 11098 11099 10834
f 11084 11099 11098 11083
f 10835 11100 11085 10820
f 10834 11099 11100 10835
f 11085 11100 11099 11084
f 10831 11090 11101 10843
f 10843 11101 11102 10844
f 11091 11102 11101 11090
f 10844 11102 11103 10845
f 11092 11103 11102 11091
f 10845 11103 11104 10846
f 11093 11104 11103 11092
f 10846 11104 11105 10847
f 11094 11105 11104 11093
f 10847 11105 11106 10848
f 11095 11106 11105 11094
f 10848 11106 11107 10849
f 11096 11107 11106 11095
f 10850 11108 11097 10832
f 10849 11107 11108 10850
f 11097 11108 11107 11096
f 10895 11110 11109 10894
f 10896 11111 11110 10895
f 10897 11112 11111 10896
f 10898 11113 11112 10897
f 10899 11114 11113 10898
f 10900 11115 11114 10899
f 10901 11116 11115 10900
f 10902 11117 11116 10901
f 10903 11118 11117 10902
f 10911 11120 11119 10910
f 10894 11109 11121 10912
f 10912 11121 11120 10911
f 11110 11122 11121 11109
f 11111 11123 11122 11110
f 11112 11124 11123 11111
f 11113 11125 11124 11112
f 11114 11126 11125 11113
f 11115 11127 11126 11114
f 11116 11128 11127 11115
f 11117 11129 11128 11116
f 10913 11130 11118 10903
f 11118 11130 11129 11117
f 10914 11131 11130 10913
f 10915 11132 11131 10914
f 10910 11119 11134 10923
f 10923 11134 11133 10922
f 11120 11135 11134 11119
f 11121 11136 11135 11120
f 11122 11137 11136 11121
f 11123 11138 11137 11122
f 11124 11139 11138 11123
f 11125 11140 11139 11124
f 11126 11141 11140 11125
f 11127 11142 11141 11126
f 11128 11143 11142 11127
f 11129 11144 11143 11128
f 11130 11145 11144 11129
f 11131 11146 11145 11130
f 10924 11147 11132 10915
f 11132 11147 11146 11131
f 10925 11148 11147 10924
f 10922 11133 11150 10932
f 10932 11150 11149 10931
f 11134 11151 11150 11133
f 11135 11152 11151 11134
f 11136 11153 11152 11135
f 11137 11154 11153 11136
f 11145 11156 11155 11144
f 11146 11157 11156 11145
f 11147 11158 11157 11146
f 10933 11159 11148 10925
f 11148 11159 11158 11147
f 10934 11160 11159 10933
f 10931 11149 11162 10940
f 10940 11162 11161 10939
f 11150 11163 11162 11149
f 11151 11164 11163 11150
f 11152 11165 11164 11151
f 11158 11167 11166 11157
f 11159 11168 11167 11158
f 10941 11169 11160 10934
f 11160 11169 11168 11159
f 10942 11170 11169 10941
f 10939 11161 11172 10948
f 10948 11172 11171 10947
f 11162 11173 11172 11161
f 11163 11174 11173 11162
f 11164 11175 11174 11163
f 11168 11177 11176 11167
f 11169 11178 11177 11168
f 10949 11179 11170 10942
f 11170 11179 11178 11169
f 10950 11180 11179 10949
f 10947 11171 11181 10955
f 11172 11182 11181 11171
f 11173 11183 11182 11172
f 11174 11184 11183 11173
f 11178 11186 11185 11177
f 11179 11187 11186 11178
f 10956 11188 11180 10950
f 11180 11188 11187 11179
f 10955 11181 11190 10961
f 10961 11190 11189 10960
f 11182 11191 11190 11181
f 11183 11192 11191 11182
f 11187 11194 11193 11186
f 10962 11195 11188 10956
f 11188 11195 11194 11187
f 10963 11196 11195 10962
f 10960 11189 11197 10967
f 11190 11198 11197 11189
f 11191 11199 11198 11190
f 11192 11200 11199 11191
f 11194 11202 11201 11193
f 11195 11203 11202 11194
f 10968 11204 11196 10963
f 11196 11204 11203 11195
f 10967 11197 11205 10973
f 11198 11206 11205 11197
f 11199 11207 11206 11198
f 11203 11209 11208 11202
f 10974 11210 11204 10968
f 11204 11210 11209 11203
f 10973 11205 11211 10979
f 11206 11212 11211 11205
f 11207 11213 11212 11206
f 11209 11215 11214 11208
f 10980 11216 11210 10974
f 11210 11216 11215 11209
f 10979 11211 11217 10985
f 11212 11218 11217 11211
f 11213 11219 11218 11212
f 11215 11221 11220 11214
f 10986 11222 11216 10980
f 11216 11222 11221 11215
f 10985 11217 11223 10991
f 11218 11224 11223 11217
f 11219 11225 11224 11218
f 11221 11227 11226 11220
f 10992 11228 11222 10986
f 11222 11228 11227 11221
f 10991 11223 11229 10997
f 11224 11230 11229 11223
f 11225 11231 11230 11224
f 11227 11233 11232 11226
f 10998 11234 11228 10992
f 11228 11234 11233 11227
f 10997 11229 11235 11003
f 11230 11236 11235 11229
f 11231 11237 11236 11230
f 11233 11239 11238 11232
f 11004 11240 11234 10998
f 11234 11240 11239 11233
f 11003 11235 11241 11009
f 11236 11242 11241 11235
f 11237 11243 11242 11236
f 11239 11247 11246 11238
f 11010 11248 11240 11004
f 11240 11248 11247 11239
f 11009 11241 11249 11014
f 11014 11249 11250 11015
f 11242 11250 11249 11241
f 11243 11251 11250 11242
f 11244 11252 11251 11243
f 11246 11254 11253 11245
f 11247 11255 11254 11246
f 11017 11256 11248 11010
f 11016 11255 11256 11017
f 11248 11256 11255 11247
f 11015 11250 11257 11021
f 11251 11258 11257 11250
f 11252 11259 11258 11251
f 11254 11263 11262 11253
f 11022 11264 11255 11016
f 11255 11264 11263 11254
f 11021 11257 11265 11027
f 11027 11265 11266 11028
f 11258 11266 11265 11257
f 11259 11267 11266 11258
f 11260 11268 11267 11259
f 11262 11272 11271 11261
f 11263 11273 11272 11262
f 11030 11274 11264 11022
f 11029 11273 11274 11030
f 11264 11274 11273 11263
f 11028 11266 11275 11035
f 11035 11275 11276 11036
f 11267 11276 11275 11266
f 11268 11277 11276 11267
f 11269 11278 11277 11268
f 11271 11282 11281 11270
f 11272 11283 11282 11271
f 11038 11284 11273 11029
f 11037 11283 11284 11038
f 11273 11284 11283 11272
f 11036 11276 11285 11043
f 11043 11285 11286 11044
f 11277 11286 11285 11276
f 11278 11287 11286 11277
f 11279 11288 11287 11278
f 11281 11294 11293 11280
f 11282 11295 11294 11281
f 11046 11296 11283 11037
f 11045 11295 11296 11046
f 11283 11296 11295 11282
f 11044 11286 11297 11052
f 11052 11297 11298 11053
f 11287 11298 11297 11286
f 11288 11299 11298 11287
f 11289 11300 11299 11288
f 11290 11301 11300 11289
f 11292 11309 11308 11291
f 11293 11310 11309 11292
f 11294 11311 11310 11293
f 11055 11312 11295 11045
f 11054 11311 11312 11055
f 11295 11312 11311 11294
f 11053 11298 11313 11062
f 11062 11313 11314 11063
f 11299 11314 11313 11298
f 11063 11314 11315 11064
f 11300 11315 11314 11299
f 11301 11316 11315 11300
f 11302 11317 11316 11301
f 11303 11318 11317 11302
f 11304 11319 11318 11303
f 11305 11320 11319 11304
f 11306 11321 11320 11305
f 11307 11322 11321 11306
f 11308 11323 11322 11307
f 11309 11324 11323 11308
f 11065 11324 11325 11066
f 11310 11325 11324 11309
f 11067 11326 11311 11054
f 11066 11325 11326 11067
f 11311 11326 11325 11310
f 11064 11315 11327 11074
f 11074 11327 11328 11075
f 11316 11328 11327 11315
f 11075 11328 11329 11076
f 11317 11329 11328 11316
f 11076 11329 11330 11077
f 11318 11330 11329 11317
f 11077 11330 11331 11078
f 11319 11331 11330 11318
f 11078 11331 11332 11079
f 11320 11332 11331 11319
f 11079 11332 11333 11080
f 11321 11333 11332 11320
f 11080 11333 11334 11081
f 11322 11334 11333 11321
f 11081 11334 11335 11082
f 11323 11335 11334 11322
f 11083 11336 11324 11065
f 11082 11335 11336 11083
f 11324 11336 11335 11323
f 11138 11338 11337 11137
f 11139 11339 11338 11138
f 11140 11340 11339 11139
f 11141 11341 11340 11140
f 11142 11342 11341 11141
f 11143 11343 11342 11142
f 11144 11344 11343 11143
f 11153 11346 11345 11152
f 11137 11337 11347 11154
f 11154 11347 11346 11153
f 11338 11348 11347 11337
f 11339 11349 11348 11338
f 11340 11350 11349 11339
f 11341 11351 11350 11340
f 11342 11352 11351 11341
f 11343 11353 11352 11342
f 11155 11354 11344 11144
f 11344 11354 11353 11343
f 11156 11355 11354 11155
f 11157 11356 11355 11156
f 11152 11345 11358 11165
f 11165 11358 11357 11164
f 11346 11359 11358 11345
f 11347 11360 11359 11346
f 11348 11361 11360 11347
f 11349 11362 11361 11348
f 11350 11363 11362 11349
f 11351 11364 11363 11350
f 11352 11365 11364 11351
f 11353 11366 11365 11352
f 11354 11367 11366 11353
f 11355 11368 11367 11354
f 11166 11369 11356 11157
f 11356 11369 11368 11355
f 11167 11370 11369 11166
f 11164 11357 11372 11175
f 11175 11372 11371 11174
f 11358 11373 11372 11357
f 11359 11374 11373 11358
f 11360 11375 11374 11359
f 11361 11376 11375 11360
f 11362 11377 11376 11361
f 11363 11378 11377 11362
f 11365 11380 11379 11364
f 11366 11381 11380 11365
f 11367 11382 11381 11366
f 11368 11383 11382 11367
f 11369 11384 11383 11368
f 11176 11385 11370 11167
f 11370 11385 11384 11369
f 11177 11386 11385 11176
f 11174 11371 11388 11184
f 11184 11388 11387 11183
f 11372 11389 11388 11371
f 11373 11390 11389 11372
f 11374 11391 11390 11373
f 11375 11392 11391 11374
f 11383 11394 11393 11382
f 11384 11395 11394 11383
f 11385 11396 11395 11384
f 11185 11397 11386 11177
f 11386 11397 11396 11385
f 11186 11398 11397 11185
f 11183 11387 11399 11192
f 11388 11400 11399 11387
f 11389 11401 11400 11388
f 11390 11402 11401 11389
f 11391 11403 11402 11390
f 11395 11405 11404 11394
f 11396 11406 11405 11395
f 11397 11407 11406 11396
f 11193 11408 11398 11186
f 11398 11408 11407 11397
f 11192 11399 11410 11200
f 11200 11410 11409 11199
f 11400 11411 11410 11399
f 11401 11412 11411 11400
f 11402 11413 11412 11401
f 11406 11415 11414 11405
f 11407 11416 11415 11406
f 11201 11417 11408 11193
f 11408 11417 11416 11407
f 11202 11418 11417 11201
f 11199 11409 11419 11207
f 11410 11420 11419 11409
f 11411 11421 11420 11410
f 11412 11422 11421 11411
f 11416 11424 11423 11415
f 11417 11425 11424 11416
f 11208 11426 11418 11202
f 11418 11426 11425 11417
f 11207 11419 11427 11213
f 11420 11428 11427 11419
f 11421 11429 11428 11420
f 11422 11430 11429 11421
f 11424 11432 11431 11423
f 11425 11433 11432 11424
f 11214 11434 11426 11208
f 11426 11434 11433 11425
f 11213 11427 11435 11219
f 11428 11436 11435 11427
f 11429 11437 11436 11428
f 11430 11438 11437 11429
f 11432 11440 11439 11431
f 11433 11441 11440 11432
f 11220 11442 11434 11214
f 11434 11442 11441 11433
f 11219 11435 11443 11225
f 11436 11444 11443 11435
f 11437 11445 11444 11436
f 11441 11449 11448 11440
f 11226 11450 11442 11220
f 11442 11450 11449 11441
f 11225 11443 11451 11231
f 11444 11452 11451 11443
f 11445 11453 11452 11444
f 11446 11454 11453 11445
f 11448 11456 11455 11447
f 11449 11457 11456 11448
f 11232 11458 11450 11226
f 11450 11458 11457 11449
f 11231 11451 11459 11237
f 11452 11460 11459 11451
f 11453 11461 11460 11452
f 11454 11462 11461 11453
f 11456 11464 11463 11455
f 11457 11465 11464 11456
f 11238 11466 11458 11232
f 11458 11466 11465 11457
f 11237 11459 11467 11243
f 11243 11467 11468 11244
f 11460 11468 11467 11459
f 11461 11469 11468 11460
f 11462 11470 11469 11461
f 11464 11474 11473 11463
f 11465 11475 11474 11464
f 11246 11476 11466 11238
f 11245 11475 11476 11246
f 11466 11476 11475 11465
f 11244 11468 11477 11252
f 11469 11478 11477 11468
f 11470 11479 11478 11469
f 11471 11480 11479 11470
f 11473 11484 11483 11472
f 11474 11485 11484 11473
f 11253 11486 11475 11245
f 11475 11486 11485 11474
f 11252 11477 11487 11259
f 11259 11487 11488 11260
f 11478 11488 11487 11477
f 11479 11489 11488 11478
f 11480 11490 11489 11479
f 11481 11491 11490 11480
f 11483 11495 11494 11482
f 11484 11496 11495 11483
f 11485 11497 11496 11484
f 11262 11498 11486 11253
f 11261 11497 11498 11262
f 11486 11498 11497 11485
f 11260 11488 11499 11268
f 11268 11499 11500 11269
f 11489 11500 11499 11488
f 11490 11501 11500 11489
f 11491 11502 11501 11490
f 11492 11503 11502 11491
f 11494 11511 11510 11493
f 11495 11512 11511 11494
f 11496 11513 11512 11495
f 11271 11514 11497 11261
f 11270 11513 11514 11271
f 11497 11514 11513 11496
f 11269 11500 11515 11278
f 11278 11515 11516 11279
f 11501 11516 11515 11500
f 11502 11517 11516 11501
f 11503 11518 11517 11502
f 11504 11519 11518 11503
f 11505 11520 11519 11504
f 11506 11521 11520 11505
f 11508 11523 11522 11507
f 11509 11524 11523 11508
f 11510 11525 11524 11509
f 11511 11526 11525 11510
f 11512 11527 11526 11511
f 11281 11528 11513 11270
f 11280 11527 11528 11281
f 11513 11528 11527 11512
f 11279 11516 11529 11288
f 11288 11529 11530 11289
f 11517 11530 11529 11516
f 11289 11530 11531 11290
f 11518 11531 11530 11517
f 11519 11532 11531 11518
f 11520 11533 11532 11519
f 11521 11534 11533 11520
f 11522 11535 11534 11521
f 11523 11536 11535 11522
f 11524 11537 11536 11523
f 11525 11538 11537 11524
f 11291 11538 11539 11292
f 11526 11539 11538 11525
f 11293 11540 11527 11280
f 11292 11539 11540 11293
f 11527 11540 11539 11526
f 11290 11531 11541 11301
f 11301 11541 11542 11302
f 11532 11542 11541 11531
f 11302 11542 11543 11303
f 11533 11543 11542 11532
f 11303 11543 11544 11304
f 11534 11544 11543 11533
f 11304 11544 11545 11305
f 11535 11545 11544 11534
f 11305 11545 11546 11306
f 11536 11546 11545 11535
f 11306 11546 11547 11307
f 11537 11547 11546 11536
f 11308 11548 11538 11291
f 11307 11547 11548 11308
f 11538 11548 11547 11537
f 11364 11550 11549 11363
f 11376 11552 11551 11375
f 11377 11553 11552 11376
f 11363 11549 11554 11378
f 11378 11554 11553 11377
f 11379 11555 11550 11364
f 11550 11555 11554 11549
f 11380 11556 11555 11379
f 11381 11557 11556 11380
f 11382 11558 11557 11381
f 11375 11551 11560 11392
f 11392 11560 11559 11391
f 11552 11561 11560 11551
f 11553 11562 11561 11552
f 11554 11563 11562 11553
f 11555 11564 11563 11554
f 11556 11565 11564 11555
f 11557 11566 11565 11556
f 11393 11567 11558 11382
f 11558 11567 11566 11557
f 11394 11568 11567 11393
f 11391 11559 11570 11403
f 11403 11570 11569 11402
f 11560 11571 11570 11559
f 11561 11572 11571 11560
f 11562 11573 11572 11561
f 11563 11574 11573 11562
f 11564 11575 11574 11563
f 11565 11576 11575 11564
f 11566 11577 11576 11565
f 11567 11578 11577 11566
f 11404 11579 11568 11394
f 11568 11579 11578 11567
f 11405 11580 11579 11404
f 11402 11569 11582 11413
f 11413 11582 11581 11412
f 11570 11583 11582 11569
f 11571 11584 11583 11570
f 11572 11585 11584 11571
f 11573 11586 11585 11572
f 11574 11587 11586 11573
f 11575 11588 11587 11574
f 11576 11589 11588 11575
f 11577 11590 11589 11576
f 11578 11591 11590 11577
f 11579 11592 11591 11578
f 11414 11593 11580 11405
f 11580 11593 11592 11579
f 11415 11594 11593 11414
f 11412 11581 11595 11422
f 11582 11596 11595 11581
f 11583 11597 11596 11582
f 11584 11598 11597 11583
f 11585 11599 11598 11584
f 11586 11600 11599 11585
f 11587 11601 11600 11586
f 11588 11602 11601 11587
f 11589 11603 11602 11588
f 11590 11604 11603 11589
f 11591 11605 11604 11590
f 11592 11606 11605 11591
f 11593 11607 11606 11592
f 11423 11608 11594 11415
f 11594 11608 11607 11593
f 11422 11595 11609 11430
f 11596 11610 11609 11595
f 11597 11611 11610 11596
f 11598 11612 11611 11597
f 11599 11613 11612 11598
f 11600 11614 11613 11599
f 11601 11615 11614 11600
f 11602 11616 11615 11601
f 11603 11617 11616 11602
f 11604 11618 11617 11603
f 11605 11619 11618 11604
f 11606 11620 11619 11605
f 11607 11621 11620 11606
f 11431 11622 11608 11423
f 11608 11622 11621 11607
f 11430 11609 11624 11438
f 11438 11624 11623 11437
f 11610 11625 11624 11609
f 11611 11626 11625 11610
f 11612 11627 11626 11611
f 11613 11628 11627 11612
f 11614 11629 11628 11613
f 11615 11630 11629 11614
f 11616 11631 11630 11615
f 11617 11632 11631 11616
f 11618 11633 11632 11617
f 11619 11634 11633 11618
f 11620 11635 11634 11619
f 11621 11636 11635 11620
f 11439 11637 11622 11431
f 11622 11637 11636 11621
f 11440 11638 11637 11439
f 11437 11623 11639 11445
f 11445 11639 11640 11446
f 11624 11640 11639 11623
f 11625 11641 11640 11624
f 11626 11642 11641 11625
f 11627 11643 11642 11626
f 11628 11644 11643 11627
f 11629 11645 11644 11628
f 11630 11646 11645 11629
f 11632 11648 11647 11631
f 11633 11649 11648 11632
f 11634 11650 11649 11633
f 11635 11651 11650 11634
f 11636 11652 11651 11635
f 11637 11653 11652 11636
f 11448 11654 11638 11440
f 11447 11653 11654 11448
f 11638 11654 11653 11637
f 11446 11640 11655 11454
f 11641 11656 11655 11640
f 11642 11657 11656 11641
f 11643 11658 11657 11642
f 11644 11659 11658 11643
f 11645 11660 11659 11644
f 11646 11661 11660 11645
f 11647 11662 11661 11646
f 11648 11663 11662 11647
f 11649 11664 11663 11648
f 11650 11665 11664 11649
f 11651 11666 11665 11650
f 11652 11667 11666 11651
f 11455 11668 11653 11447
f 11653 11668 11667 11652
f 11454 11655 11669 11462
f 11656 11670 11669 11655
f 11657 11671 11670 11656
f 11658 11672 11671 11657
f 11659 11673 11672 11658
f 11660 11674 11673 11659
f 11661 11675 11674 11660
f 11662 11676 11675 11661
f 11663 11677 11676 11662
f 11664 11678 11677 11663
f 11665 11679 11678 11664
f 11666 11680 11679 11665
f 11667 11681 11680 11666
f 11463 11682 11668 11455
f 11668 11682 11681 11667
f 11462 11669 11683 11470
f 11470 11683 11684 11471
f 11670 11684 11683 11669
f 11671 11685 11684 11670
f 11672 11686 11685 11671
f 11673 11687 11686 11672
f 11674 11688 11687 11673
f 11675 11689 11688 11674
f 11676 11690 11689 11675
f 11677 11691 11690 11676
f 11678 11692 11691 11677
f 11679 11693 11692 11678
f 11680 11694 11693 11679
f 11681 11695 11694 11680
f 11473 11696 11682 11463
f 11472 11695 11696 11473
f 11682 11696 11695 11681
f 11471 11684 11697 11480
f 11480 11697 11698 11481
f 11685 11698 11697 11684
f 11686 11699 11698 11685
f 11687 11700 11699 11686
f 11688 11701 11700 11687
f 11689 11702 11701 11688
f 11690 11703 11702 11689
f 11691 11704 11703 11690
f 11692 11705 11704 11691
f 11693 11706 11705 11692
f 11694 11707 11706 11693
f 11483 11708 11695 11472
f 11482 11707 11708 11483
f 11695 11708 11707 11694
f 11481 11698 11709 11491
f 11491 11709 11710 11492
f 11699 11710 11709 11698
f 11700 11711 11710 11699
f 11701 11712 11711 11700
f 11702 11713 11712 11701
f 11703 11714 11713 11702
f 11704 11715 11714 11703
f 11705 11716 11715 11704
f 11706 11717 11716 11705
f 11494 11718 11707 11482
f 11493 11717 11718 11494
f 11707 11718 11717 11706
f 11492 11710 11719 11503
f 11503 11719 11720 11504
f 11711 11720 11719 11710
f 11504 11720 11721 11505
f 11712 11721 11720 11711
f 11505 11721 11722 11506
f 11713 11722 11721 11712
f 11714 11723 11722 11713
f 11507 11723 11724 11508
f 11715 11724 11723 11714
f 11508 11724 11725 11509
f 11716 11725 11724 11715
f 11510 11726 11717 11493
f 11509 11725 11726 11510
f 11717 11726 11725 11716
f 11506 11722 11727 11521
f 11522 11728 11723 11507
f 11521 11727 11728 11522
f 11723 11728 11727 11722
f 11631 11730 11729 11630
f 11630 11729 11731 11646
f 11647 11732 11730 11631
f 11646 11731 11732 11647
f 11730 11732 11731 11729
